Season,Origin City,Destination City,Passengers,Airline,Route_Mean,Predicted Price Per Person (USD),Label
Late Summer,San Francisco,New York,4,Delta,517.4829507,148.7772541,Affordable
Late Summer,San Francisco,Boston,4,United,425.4126871,91.66202414,Affordable
Early Summer,San Francisco,San Diego,1,Alaska Airlines,180.3080597,207.3832392,Affordable
Late Summer,San Francisco,New York,1,Alaska Airlines,517.4829507,239.2668504,Not Affordable
Early Summer,San Francisco,Seattle,1,Alaska Airlines,212.8712372,257.1828494,Affordable
Early Summer,San Francisco,New York,5,Alaska Airlines,517.4829507,131.3990901,Affordable
Late Summer,San Francisco,Boston,3,JetBlue Airways,425.4126871,140.6442482,Affordable
Late Summer,San Francisco,New Orleans,1,Alaska Airlines,318.5411406,253.7636069,Affordable
Late Summer,San Francisco,Chicago,1,Alaska Airlines,355.3685394,304.0376476,Affordable
Late Summer,San Francisco,Chicago,2,Delta,355.3685394,163.1053904,Affordable
Early Summer,San Francisco,Chicago,1,United,355.3685394,459.0114787,Not Affordable
Late Summer,San Francisco,New York,9,Alaska Airlines,517.4829507,141.1377359,Affordable
Early Summer,San Francisco,New York,2,Alaska Airlines,517.4829507,215.1748703,Affordable
Late Summer,San Francisco,New York,1,Delta,517.4829507,420.6896488,Not Affordable
Late Summer,San Francisco,Seattle,1,United,212.8712372,272.1478904,Affordable
Late Summer,San Francisco,Seattle,1,United,212.8712372,272.1478904,Affordable
Late Summer,San Francisco,"Washington, DC",1,United,459.8730367,432.3310743,Not Affordable
Late Summer,San Francisco,Chicago,1,Alaska Airlines,355.3685394,358.9908283,Affordable
Early Summer,San Francisco,Chicago,4,United,355.3685394,96.10531727,Affordable
Late Summer,San Francisco,San Diego,1,Alaska Airlines,180.3080597,202.7799898,Affordable
Early Summer,San Francisco,New York,1,Delta,517.4829507,460.3048532,Not Affordable
Late Summer,San Francisco,New York,4,Delta,517.4829507,148.7772541,Affordable
Late Summer,San Francisco,PHL,1,United,384.0539451,382.190872,Not Affordable
Late Summer,San Francisco,Chicago,1,Southwest Airlines,355.3685394,220.0455181,Not Affordable
Late Summer,San Francisco,San Diego,1,United,180.3080597,248.0589529,Affordable
Early Summer,San Francisco,Chicago,1,United,355.3685394,459.0114787,Not Affordable
Early Summer,San Francisco,PHL,1,Frontier Airlines,384.0539451,175.5157701,Not Affordable
Late Summer,San Francisco,Nashville,1,United,337.3357337,386.9471422,Not Affordable
Late Summer,San Francisco,"Washington, DC",1,Alaska Airlines,459.8730367,370.8671934,Not Affordable
Early Summer,San Francisco,"Washington, DC",1,United,459.8730367,478.921516,Not Affordable
Early Summer,San Francisco,New Orleans,2,United,318.5411406,181.7268639,Affordable
Early Summer,San Francisco,Chicago,2,United,355.3685394,203.6728441,Affordable
Late Summer,San Francisco,Portland,1,Alaska Airlines,187.1371816,202.5317729,Affordable
Early Summer,San Francisco,New York,1,Delta,517.4829507,460.3048532,Not Affordable
Late Summer,San Francisco,San Diego,1,Alaska Airlines,180.3080597,202.7799898,Affordable
Late Summer,San Francisco,Chicago,1,Alaska Airlines,355.3685394,358.9908283,Affordable
Early Summer,San Francisco,PHL,1,Alaska Airlines,384.0539451,430.5776514,Not Affordable
Late Summer,San Francisco,Nashville,1,United,337.3357337,386.9471422,Not Affordable
Early Summer,San Francisco,Nashville,2,United,337.3357337,157.4110449,Affordable
Late Summer,San Francisco,Chicago,1,Alaska Airlines,355.3685394,304.0376476,Affordable
Early Summer,San Francisco,Chicago,1,United,355.3685394,392.5990186,Not Affordable
Early Summer,San Francisco,"Washington, DC",1,United,459.8730367,397.8266729,Not Affordable
Early Summer,San Francisco,Seattle,1,United,212.8712372,284.9485713,Affordable
Late Summer,San Francisco,Boston,1,Alaska Airlines,425.4126871,341.0096504,Not Affordable
Late Summer,San Francisco,Chicago,1,Alaska Airlines,355.3685394,358.9908283,Affordable
Late Summer,San Francisco,Chicago,1,United,355.3685394,446.9245953,Not Affordable
Late Summer,San Francisco,Chicago,1,United,355.3685394,446.9245953,Not Affordable
Early Summer,San Francisco,Boston,1,Alaska Airlines,425.4126871,352.4295884,Not Affordable
Late Summer,San Francisco,New York,1,Delta,517.4829507,420.6896488,Not Affordable
Early Summer,San Francisco,Chicago,1,Frontier Airlines,355.3685394,148.6524562,Not Affordable
Early Summer,San Francisco,"Washington, DC",1,Alaska Airlines,459.8730367,426.4986197,Not Affordable
Early Summer,San Francisco,Portland,1,Alaska Airlines,187.1371816,207.7566114,Affordable
Early Summer,San Francisco,Seattle,4,United,212.8712372,69.39633338,Affordable
Late Summer,San Francisco,Boston,1,United,425.4126871,418.713752,Not Affordable
Early Summer,San Francisco,Chicago,1,Alaska Airlines,355.3685394,326.1214594,Not Affordable
Early Summer,San Francisco,Chicago,1,United,355.3685394,459.0114787,Not Affordable
Early Summer,San Francisco,San Diego,1,Southwest Airlines,180.3080597,197.0121896,Affordable
Early Summer,San Francisco,New York,1,Alaska Airlines,517.4829507,406.784845,Not Affordable
Early Summer,San Francisco,Chicago,1,Delta,355.3685394,359.7124286,Not Affordable
Late Summer,San Francisco,Chicago,1,Frontier Airlines,355.3685394,145.9721214,Not Affordable
Early Summer,San Francisco,Portland,1,United,187.1371816,241.6657515,Affordable
Early Summer,San Francisco,"Washington, DC",4,United,459.8730367,106.4718344,Affordable
Early Summer,San Francisco,New York,4,Alaska Airlines,517.4829507,109.3908577,Affordable
Early Summer,San Francisco,"Washington, DC",1,United,459.8730367,469.0719449,Not Affordable
Late Summer,San Francisco,"Washington, DC",1,Alaska Airlines,459.8730367,371.3713658,Not Affordable
Early Summer,San Francisco,"Washington, DC",1,United,459.8730367,466.3823608,Not Affordable
Late Summer,San Francisco,New York,1,Alaska Airlines,517.4829507,412.4171169,Not Affordable
Late Summer,San Francisco,Boston,4,Alaska Airlines,425.4126871,36.41180427,Affordable
Late Summer,San Francisco,Honolulu,1,United,389.4728459,446.7650287,Not Affordable
Late Summer,San Francisco,Boston,3,United,425.4126871,118.0565952,Affordable
Late Summer,San Francisco,Chicago,1,Alaska Airlines,355.3685394,358.9908283,Affordable
Early Summer,San Francisco,New Orleans,1,Alaska Airlines,318.5411406,290.1105271,Affordable
Late Summer,San Francisco,Honolulu,2,United,389.4728459,184.0232892,Affordable
Early Summer,San Francisco,New York,1,Alaska Airlines,517.4829507,406.784845,Not Affordable
Late Summer,San Francisco,"Washington, DC",4,United,459.8730367,92.78599521,Affordable
Late Summer,San Francisco,Seattle,1,United,212.8712372,272.1478904,Affordable
Late Summer,San Francisco,Boston,1,United,425.4126871,418.713752,Not Affordable
Late Summer,San Francisco,Seattle,1,Delta,212.8712372,261.8513866,Affordable
Early Summer,San Francisco,PHL,1,United,384.0539451,411.6173178,Not Affordable
Late Summer,San Francisco,Chicago,1,Southwest Airlines,355.3685394,220.0455181,Not Affordable
Late Summer,San Francisco,San Diego,1,Southwest Airlines,180.3080597,181.9541378,Affordable
Late Summer,San Francisco,"Washington, DC",1,United,459.8730367,432.3310743,Not Affordable
Early Summer,San Francisco,New Orleans,1,Southwest Airlines,318.5411406,256.9594467,Not Affordable
Late Summer,San Francisco,"Washington, DC",1,Alaska Airlines,459.8730367,316.2364626,Not Affordable
Late Summer,San Francisco,New York,1,Alaska Airlines,517.4829507,296.4163866,Not Affordable
Early Summer,San Francisco,San Diego,1,Frontier Airlines,180.3080597,123.2907852,Affordable
Late Summer,San Francisco,Chicago,2,Southwest Airlines,355.3685394,120.9375747,Affordable
Early Summer,San Francisco,New York,1,Delta,517.4829507,370.6666496,Not Affordable
Late Summer,San Francisco,"Washington, DC",1,Alaska Airlines,459.8730367,371.3713658,Not Affordable
Late Summer,San Francisco,New York,2,Alaska Airlines,517.4829507,105.4485009,Affordable
Early Summer,San Francisco,New York,5,Delta,517.4829507,113.8414082,Affordable
Late Summer,San Francisco,New York,1,JetBlue Airways,517.4829507,296.9468104,Not Affordable
Late Summer,San Francisco,Boston,1,United,425.4126871,354.6818967,Not Affordable
Late Summer,San Francisco,Boston,1,United,425.4126871,418.713752,Not Affordable
Early Summer,San Francisco,San Diego,2,United,180.3080597,118.5452791,Affordable
Late Summer,San Francisco,Nashville,1,United,337.3357337,386.9471422,Not Affordable
Early Summer,San Francisco,New York,1,Alaska Airlines,517.4829507,406.784845,Not Affordable
Late Summer,San Francisco,Chicago,1,Southwest Airlines,355.3685394,220.0455181,Not Affordable
Late Summer,San Francisco,Chicago,1,United,355.3685394,397.2817117,Not Affordable
Early Summer,San Francisco,Chicago,1,Alaska Airlines,355.3685394,326.1214594,Not Affordable
Early Summer,San Francisco,Boston,1,JetBlue Airways,425.4126871,392.7225229,Not Affordable
Early Summer,San Francisco,New York,2,JetBlue Airways,517.4829507,258.8872353,Affordable
Early Summer,San Francisco,Seattle,1,Delta,212.8712372,230.8142753,Affordable
Early Summer,San Francisco,"Washington, DC",1,United,459.8730367,469.0719449,Not Affordable
Late Summer,San Francisco,PHL,1,United,384.0539451,297.1284411,Not Affordable
Early Summer,San Francisco,Seattle,1,United,212.8712372,284.9485713,Affordable
Early Summer,San Francisco,Chicago,2,Alaska Airlines,355.3685394,176.8833593,Affordable
Late Summer,San Francisco,Seattle,1,Alaska Airlines,212.8712372,251.0942672,Affordable
Late Summer,San Francisco,New York,1,Alaska Airlines,517.4829507,296.4163866,Not Affordable
Early Summer,San Francisco,PHL,2,Alaska Airlines,384.0539451,180.8636911,Affordable
Late Summer,San Francisco,Honolulu,1,United,389.4728459,446.7650287,Not Affordable
Early Summer,San Francisco,PHL,1,Alaska Airlines,384.0539451,430.5776514,Not Affordable
Late Summer,San Francisco,"Washington, DC",1,Alaska Airlines,459.8730367,370.8671934,Not Affordable
Early Summer,San Francisco,New York,1,JetBlue Airways,517.4829507,410.2589877,Not Affordable
Late Summer,San Francisco,Boston,2,Alaska Airlines,425.4126871,167.1611791,Affordable
Early Summer,San Francisco,Portland,1,Alaska Airlines,187.1371816,207.7566114,Affordable
Early Summer,San Francisco,"Washington, DC",1,United,459.8730367,478.921516,Not Affordable
Late Summer,San Francisco,New York,2,Alaska Airlines,517.4829507,269.810859,Affordable
Early Summer,San Francisco,New York,7,Delta,517.4829507,117.777012,Affordable
Early Summer,San Francisco,Nashville,1,United,337.3357337,400.5288748,Not Affordable
Late Summer,San Francisco,Seattle,3,United,212.8712372,81.7365141,Affordable
Early Summer,San Francisco,Boston,2,Delta,425.4126871,188.0476812,Affordable
Early Summer,San Francisco,Chicago,1,Alaska Airlines,355.3685394,372.050438,Not Affordable
Late Summer,San Francisco,Chicago,1,United,355.3685394,446.9245953,Not Affordable
Late Summer,San Francisco,Boston,2,JetBlue Airways,425.4126871,213.7618715,Affordable
Early Summer,San Francisco,Boston,2,United,425.4126871,157.4137104,Affordable
Early Summer,San Francisco,Seattle,2,Alaska Airlines,212.8712372,124.4277479,Affordable
Late Summer,San Francisco,San Diego,1,Southwest Airlines,180.3080597,181.9541378,Affordable
Late Summer,San Francisco,Boston,1,Delta,425.4126871,397.2065876,Not Affordable
Early Summer,San Francisco,Honolulu,1,United,389.4728459,477.5331385,Not Affordable
Early Summer,San Francisco,Seattle,1,Alaska Airlines,212.8712372,257.1828494,Affordable
Late Summer,San Francisco,Boston,1,United,425.4126871,418.713752,Not Affordable
Early Summer,San Francisco,Portland,1,Alaska Airlines,187.1371816,207.7566114,Affordable
Early Summer,San Francisco,Nashville,1,Southwest Airlines,337.3357337,294.0833839,Not Affordable
Early Summer,San Francisco,Chicago,1,United,355.3685394,459.0114787,Not Affordable
Late Summer,San Francisco,"Washington, DC",1,United,459.8730367,414.5662692,Not Affordable
Late Summer,San Francisco,New Orleans,2,United,318.5411406,152.7839523,Affordable
Early Summer,San Francisco,Nashville,1,Delta,337.3357337,322.55746,Not Affordable
Late Summer,San Francisco,New York,1,Alaska Airlines,517.4829507,296.4163866,Not Affordable
Early Summer,San Francisco,PHL,2,United,384.0539451,173.0683532,Affordable
Early Summer,San Francisco,Boston,1,Delta,425.4126871,433.0364294,Not Affordable
Early Summer,San Francisco,Boston,1,Alaska Airlines,425.4126871,352.4295884,Not Affordable
Late Summer,San Francisco,Seattle,1,Delta,212.8712372,214.4417326,Affordable
Late Summer,San Francisco,Honolulu,1,Alaska Airlines,389.4728459,202.2209866,Not Affordable
Late Summer,San Francisco,Honolulu,1,Alaska Airlines,389.4728459,334.3941163,Not Affordable
Early Summer,San Francisco,Chicago,3,United,355.3685394,119.5248444,Affordable
Early Summer,San Francisco,Chicago,1,United,355.3685394,459.0114787,Not Affordable
Early Summer,San Francisco,"Washington, DC",1,Frontier Airlines,459.8730367,180.9331328,Not Affordable
Late Summer,San Francisco,"Washington, DC",1,United,459.8730367,432.3310743,Not Affordable
Late Summer,San Francisco,"Washington, DC",1,United,459.8730367,432.3310743,Not Affordable
Late Summer,San Francisco,Boston,1,JetBlue Airways,425.4126871,379.6846985,Not Affordable
Late Summer,San Francisco,Boston,4,United,425.4126871,91.66202414,Affordable
Late Summer,San Francisco,PHL,1,Alaska Airlines,384.0539451,359.5229004,Affordable
Late Summer,San Francisco,Chicago,3,United,355.3685394,118.896336,Affordable
Early Summer,San Francisco,Portland,2,United,187.1371816,106.7641789,Affordable
Early Summer,San Francisco,"Washington, DC",2,Southwest Airlines,459.8730367,169.8569614,Affordable
Late Summer,San Francisco,"Washington, DC",1,United,459.8730367,432.3310743,Not Affordable
Early Summer,San Francisco,"Washington, DC",1,United,459.8730367,399.2686561,Not Affordable
Early Summer,San Francisco,PHL,6,Alaska Airlines,384.0539451,99.96680014,Affordable
Early Summer,San Francisco,PHL,1,Alaska Airlines,384.0539451,347.9763006,Not Affordable
Early Summer,San Francisco,Portland,1,United,187.1371816,214.7036663,Affordable
Early Summer,San Francisco,San Diego,1,United,180.3080597,260.558361,Affordable
Early Summer,San Francisco,Boston,1,Delta,425.4126871,433.0364294,Not Affordable
Late Summer,San Francisco,Seattle,1,Alaska Airlines,212.8712372,251.0942672,Affordable
Late Summer,San Francisco,Chicago,1,Alaska Airlines,355.3685394,304.0376476,Affordable
Late Summer,San Francisco,New York,1,JetBlue Airways,517.4829507,296.9468104,Not Affordable
Late Summer,San Francisco,PHL,1,Alaska Airlines,384.0539451,336.5693696,Affordable
Early Summer,San Francisco,Chicago,1,United,355.3685394,416.3318359,Not Affordable
Early Summer,San Francisco,San Diego,4,Southwest Airlines,180.3080597,60.12374621,Affordable
Early Summer,San Francisco,New York,3,JetBlue Airways,517.4829507,178.2328107,Affordable
Late Summer,San Francisco,Seattle,1,Alaska Airlines,212.8712372,251.0942672,Affordable
Early Summer,San Francisco,New York,1,Delta,517.4829507,460.3048532,Not Affordable
Late Summer,San Francisco,"Washington, DC",1,Delta,459.8730367,359.8880608,Not Affordable
Early Summer,San Francisco,Nashville,1,United,337.3357337,400.5288748,Not Affordable
Early Summer,San Francisco,Boston,1,United,425.4126871,370.5212763,Not Affordable
Late Summer,San Francisco,Honolulu,1,United,389.4728459,446.7650287,Not Affordable
Late Summer,San Francisco,New York,1,Alaska Airlines,517.4829507,392.4371492,Not Affordable
Late Summer,San Francisco,Boston,1,United,425.4126871,418.713752,Not Affordable
Late Summer,San Francisco,Chicago,2,Southwest Airlines,355.3685394,120.9375747,Affordable
Late Summer,San Francisco,PHL,1,Alaska Airlines,384.0539451,407.6921045,Affordable
Late Summer,San Francisco,San Diego,1,United,180.3080597,248.0589529,Affordable
Late Summer,San Francisco,Honolulu,1,United,389.4728459,446.7650287,Not Affordable
Early Summer,San Francisco,New York,1,Delta,517.4829507,460.3048532,Not Affordable
Late Summer,San Francisco,Chicago,1,Alaska Airlines,355.3685394,358.9908283,Affordable
Late Summer,San Francisco,San Diego,1,United,180.3080597,248.0589529,Affordable
Early Summer,San Francisco,Seattle,1,United,212.8712372,284.9485713,Affordable
Late Summer,San Francisco,Seattle,1,Delta,212.8712372,214.4417326,Affordable
Late Summer,San Francisco,PHL,1,Alaska Airlines,384.0539451,301.1160068,Affordable
Late Summer,San Francisco,New York,1,Delta,517.4829507,420.6896488,Not Affordable
Early Summer,San Francisco,New Orleans,1,Southwest Airlines,318.5411406,248.8547442,Not Affordable
Early Summer,San Francisco,New York,2,Delta,517.4829507,267.2219505,Affordable
Early Summer,San Francisco,Boston,3,JetBlue Airways,425.4126871,145.2646231,Affordable
Early Summer,San Francisco,New York,2,Alaska Airlines,517.4829507,269.2129159,Affordable
Late Summer,San Francisco,Boston,1,JetBlue Airways,425.4126871,379.6846985,Not Affordable
Early Summer,San Francisco,Nashville,1,Delta,337.3357337,332.7700573,Not Affordable
Late Summer,San Francisco,San Diego,1,United,180.3080597,248.0589529,Affordable
Early Summer,San Francisco,PHL,2,United,384.0539451,173.0683532,Affordable
Early Summer,San Francisco,"Washington, DC",1,JetBlue Airways,459.8730367,291.7036204,Not Affordable
Early Summer,San Francisco,New Orleans,2,United,318.5411406,181.7268639,Affordable
Early Summer,San Francisco,Chicago,5,United,355.3685394,86.0880033,Affordable
Early Summer,San Francisco,"Washington, DC",3,United,459.8730367,137.4064862,Affordable
Late Summer,San Francisco,Boston,2,JetBlue Airways,425.4126871,213.7618715,Affordable
Early Summer,San Francisco,San Diego,1,United,180.3080597,260.558361,Affordable
Early Summer,San Francisco,Boston,1,Alaska Airlines,425.4126871,352.4295884,Not Affordable
Early Summer,San Francisco,New York,1,Alaska Airlines,517.4829507,406.784845,Not Affordable
Early Summer,San Francisco,Chicago,1,Alaska Airlines,355.3685394,227.6854565,Not Affordable
Early Summer,San Francisco,Chicago,1,Alaska Airlines,355.3685394,326.1214594,Not Affordable
Late Summer,San Francisco,"Washington, DC",1,United,459.8730367,432.3310743,Not Affordable
Early Summer,San Francisco,New York,1,Alaska Airlines,517.4829507,406.784845,Not Affordable
Late Summer,San Francisco,Nashville,1,Alaska Airlines,337.3357337,288.5006048,Affordable
Late Summer,San Francisco,"Washington, DC",1,United,459.8730367,414.5662692,Not Affordable
Late Summer,San Francisco,New York,2,JetBlue Airways,517.4829507,259.5844956,Affordable
Early Summer,San Francisco,Chicago,1,United,355.3685394,392.5990186,Not Affordable
Late Summer,San Francisco,Boston,1,United,425.4126871,418.713752,Not Affordable
Early Summer,San Francisco,Chicago,1,Alaska Airlines,355.3685394,372.050438,Not Affordable
Early Summer,San Francisco,Chicago,1,Southwest Airlines,355.3685394,255.8259303,Not Affordable
Early Summer,San Francisco,New York,2,Southwest Airlines,517.4829507,111.3302451,Affordable
Early Summer,San Francisco,Chicago,1,United,355.3685394,427.7662494,Not Affordable
Early Summer,San Francisco,New Orleans,2,United,318.5411406,181.7268639,Affordable
Late Summer,San Francisco,"Washington, DC",1,United,459.8730367,324.1948711,Not Affordable
Early Summer,San Francisco,Seattle,1,United,212.8712372,284.9485713,Affordable
Early Summer,San Francisco,Nashville,1,United,337.3357337,400.5288748,Not Affordable
Early Summer,San Francisco,New York,1,Delta,517.4829507,460.3048532,Not Affordable
Late Summer,San Francisco,Boston,1,JetBlue Airways,425.4126871,379.6846985,Not Affordable
Early Summer,San Francisco,Honolulu,1,United,389.4728459,477.5331385,Not Affordable
Early Summer,San Francisco,Chicago,1,United,355.3685394,389.4347204,Not Affordable
Late Summer,San Francisco,New Orleans,1,United,318.5411406,366.3587337,Affordable
Early Summer,San Francisco,Chicago,1,United,355.3685394,408.1564909,Not Affordable
Late Summer,San Francisco,Chicago,1,United,355.3685394,446.9245953,Not Affordable
Late Summer,San Francisco,"Washington, DC",2,United,459.8730367,209.4494421,Affordable
Early Summer,San Francisco,Honolulu,1,United,389.4728459,477.5331385,Not Affordable
Early Summer,San Francisco,New York,3,Delta,517.4829507,168.7049008,Affordable
Late Summer,San Francisco,Boston,1,United,425.4126871,337.0108635,Not Affordable
Late Summer,San Francisco,Chicago,1,United,355.3685394,446.9245953,Not Affordable
Late Summer,San Francisco,Chicago,2,Alaska Airlines,355.3685394,177.3453317,Affordable
Late Summer,San Francisco,Chicago,1,Southwest Airlines,355.3685394,220.0455181,Not Affordable
Early Summer,San Francisco,Nashville,1,Delta,337.3357337,322.55746,Not Affordable
Early Summer,San Francisco,Chicago,3,United,355.3685394,119.5248444,Affordable
Early Summer,San Francisco,Boston,2,United,425.4126871,198.7268531,Affordable
Early Summer,San Francisco,Boston,1,Alaska Airlines,425.4126871,352.4295884,Not Affordable
Early Summer,San Francisco,Honolulu,1,United,389.4728459,477.5331385,Not Affordable
Early Summer,San Francisco,"Washington, DC",1,Delta,459.8730367,401.1740891,Not Affordable
Late Summer,San Francisco,Boston,1,Delta,425.4126871,397.6109453,Not Affordable
Early Summer,San Francisco,New Orleans,1,United,318.5411406,405.8794838,Not Affordable
Late Summer,San Francisco,"Washington, DC",1,United,459.8730367,414.5662692,Not Affordable
Early Summer,San Francisco,New Orleans,1,Alaska Airlines,318.5411406,290.1105271,Affordable
Early Summer,San Francisco,New York,1,Delta,517.4829507,401.2997063,Not Affordable
Early Summer,San Francisco,"Washington, DC",1,Alaska Airlines,459.8730367,438.1808266,Not Affordable
Late Summer,San Francisco,"Washington, DC",1,United,459.8730367,432.3310743,Not Affordable
Early Summer,San Francisco,Boston,1,Alaska Airlines,425.4126871,372.9371246,Not Affordable
Late Summer,San Francisco,Seattle,2,Delta,212.8712372,99.45545736,Affordable
Early Summer,San Francisco,"Washington, DC",1,United,459.8730367,478.921516,Not Affordable
Late Summer,San Francisco,Honolulu,2,United,389.4728459,184.0232892,Affordable
Early Summer,San Francisco,Chicago,1,Delta,355.3685394,360.2436744,Not Affordable
Early Summer,San Francisco,Chicago,2,United,355.3685394,203.6728441,Affordable
Late Summer,San Francisco,PHL,2,Delta,384.0539451,71.98548488,Affordable
Late Summer,San Francisco,San Diego,2,Southwest Airlines,180.3080597,90.55926551,Affordable
Early Summer,San Francisco,"Washington, DC",2,United,459.8730367,224.668323,Affordable
Early Summer,San Francisco,New Orleans,1,Delta,318.5411406,300.4784826,Affordable
Late Summer,San Francisco,"Washington, DC",1,United,459.8730367,432.3310743,Not Affordable
Early Summer,San Francisco,New York,1,Southwest Airlines,517.4829507,275.7089033,Not Affordable
Early Summer,San Francisco,Boston,2,United,425.4126871,198.7268531,Affordable
Late Summer,San Francisco,"Washington, DC",1,United,459.8730367,432.3310743,Not Affordable
Early Summer,San Francisco,Seattle,1,Delta,212.8712372,234.8311053,Affordable
Early Summer,San Francisco,Chicago,1,United,355.3685394,459.0114787,Not Affordable
Late Summer,San Francisco,New York,2,Delta,517.4829507,268.0126979,Affordable
Early Summer,San Francisco,"Washington, DC",2,United,459.8730367,227.2399677,Affordable
Early Summer,San Francisco,Boston,1,Alaska Airlines,425.4126871,352.4295884,Not Affordable
Early Summer,San Francisco,New York,1,Southwest Airlines,517.4829507,208.9242006,Not Affordable
Early Summer,San Francisco,"Washington, DC",1,Alaska Airlines,459.8730367,354.074936,Not Affordable
Late Summer,San Francisco,Boston,1,Alaska Airlines,425.4126871,274.9459802,Not Affordable
Early Summer,San Francisco,New York,4,JetBlue Airways,517.4829507,168.5320272,Affordable
Early Summer,San Francisco,Chicago,1,Frontier Airlines,355.3685394,148.6524562,Not Affordable
Late Summer,San Francisco,San Diego,1,Alaska Airlines,180.3080597,202.7799898,Affordable
Early Summer,San Francisco,New Orleans,1,United,318.5411406,469.7505202,Not Affordable
Early Summer,San Francisco,San Diego,2,Alaska Airlines,180.3080597,98.05532505,Affordable
Late Summer,San Francisco,Nashville,1,United,337.3357337,386.9471422,Not Affordable
Early Summer,San Francisco,PHL,1,Delta,384.0539451,376.8427862,Not Affordable
Early Summer,San Francisco,Chicago,2,United,355.3685394,203.6728441,Affordable
Early Summer,San Francisco,Boston,4,United,425.4126871,94.00911268,Affordable
Early Summer,San Francisco,New York,3,Alaska Airlines,517.4829507,180.0404832,Affordable
Early Summer,San Francisco,Boston,3,United,425.4126871,120.4036837,Affordable
Early Summer,San Francisco,Boston,1,JetBlue Airways,425.4126871,392.7225229,Not Affordable
Late Summer,San Francisco,Chicago,1,United,355.3685394,446.9245953,Not Affordable
Early Summer,San Francisco,PHL,1,Alaska Airlines,384.0539451,430.5776514,Not Affordable
Early Summer,San Francisco,PHL,1,Alaska Airlines,384.0539451,430.5776514,Not Affordable
Early Summer,San Francisco,New York,2,Delta,517.4829507,267.2219505,Affordable
Late Summer,San Francisco,Chicago,2,Southwest Airlines,355.3685394,120.9375747,Affordable
Late Summer,San Francisco,Seattle,1,United,212.8712372,272.1478904,Affordable
Late Summer,San Francisco,Portland,1,United,187.1371816,232.0862122,Affordable
Early Summer,San Francisco,Chicago,1,United,355.3685394,459.0114787,Not Affordable
Late Summer,San Francisco,"Washington, DC",1,JetBlue Airways,459.8730367,248.6926438,Not Affordable
Late Summer,San Francisco,"Washington, DC",1,United,459.8730367,432.3310743,Not Affordable
Early Summer,San Francisco,Chicago,1,Delta,355.3685394,360.2436744,Not Affordable
Early Summer,San Francisco,Boston,1,JetBlue Airways,425.4126871,392.7225229,Not Affordable
Early Summer,San Francisco,Honolulu,3,Alaska Airlines,389.4728459,94.46663751,Affordable
Early Summer,San Francisco,Boston,1,United,425.4126871,380.7820364,Not Affordable
Early Summer,San Francisco,"Washington, DC",1,United,459.8730367,426.4772506,Not Affordable
Late Summer,San Francisco,Boston,1,JetBlue Airways,425.4126871,240.7863697,Not Affordable
Early Summer,San Francisco,PHL,1,United,384.0539451,420.0036864,Not Affordable
Late Summer,San Francisco,New Orleans,1,Southwest Airlines,318.5411406,222.9855976,Affordable
Early Summer,San Francisco,New York,1,Delta,517.4829507,460.3048532,Not Affordable
Late Summer,San Francisco,New York,1,Delta,517.4829507,420.6896488,Not Affordable
Early Summer,San Francisco,Honolulu,1,United,389.4728459,477.5331385,Not Affordable
Early Summer,San Francisco,New Orleans,1,Alaska Airlines,318.5411406,290.1105271,Affordable
Early Summer,San Francisco,"Washington, DC",1,Delta,459.8730367,401.1740891,Not Affordable
Early Summer,San Francisco,Seattle,1,Alaska Airlines,212.8712372,257.1828494,Affordable
Early Summer,San Francisco,New Orleans,2,Southwest Airlines,318.5411406,132.5601996,Affordable
Late Summer,San Francisco,New Orleans,1,Alaska Airlines,318.5411406,253.7636069,Affordable
Late Summer,San Francisco,Boston,1,JetBlue Airways,425.4126871,379.6846985,Not Affordable
Early Summer,San Francisco,Seattle,1,Alaska Airlines,212.8712372,257.1828494,Affordable
Early Summer,San Francisco,"Washington, DC",1,JetBlue Airways,459.8730367,357.1472299,Not Affordable
Early Summer,San Francisco,Boston,1,JetBlue Airways,425.4126871,392.7225229,Not Affordable
Early Summer,San Francisco,New York,1,Delta,517.4829507,460.3048532,Not Affordable
Late Summer,San Francisco,Boston,1,United,425.4126871,418.713752,Not Affordable
Early Summer,San Francisco,"Washington, DC",1,Frontier Airlines,459.8730367,180.9331328,Not Affordable
Early Summer,San Francisco,Nashville,1,Southwest Airlines,337.3357337,295.3686604,Not Affordable
Late Summer,San Francisco,PHL,1,Alaska Airlines,384.0539451,407.6921045,Affordable
Late Summer,San Francisco,San Diego,1,United,180.3080597,247.0186614,Affordable
Late Summer,San Francisco,Chicago,1,Southwest Airlines,355.3685394,220.0455181,Not Affordable
Late Summer,San Francisco,Portland,1,Alaska Airlines,187.1371816,202.5317729,Affordable
Early Summer,San Francisco,Boston,1,JetBlue Airways,425.4126871,392.7225229,Not Affordable
Early Summer,San Francisco,PHL,1,Delta,384.0539451,302.7400643,Not Affordable
Early Summer,San Francisco,San Diego,1,Alaska Airlines,180.3080597,207.3832392,Affordable
Early Summer,San Francisco,"Washington, DC",1,Alaska Airlines,459.8730367,438.1808266,Not Affordable
Late Summer,San Francisco,Honolulu,1,Delta,389.4728459,351.0500319,Not Affordable
Late Summer,San Francisco,Portland,1,Alaska Airlines,187.1371816,195.1569717,Affordable
Early Summer,San Francisco,Nashville,1,Delta,337.3357337,322.55746,Not Affordable
Late Summer,San Francisco,Boston,1,Alaska Airlines,425.4126871,341.0096504,Not Affordable
Late Summer,San Francisco,Boston,1,Delta,425.4126871,397.6109453,Not Affordable
Late Summer,San Francisco,PHL,1,United,384.0539451,332.9436113,Not Affordable
Late Summer,San Francisco,Boston,2,United,425.4126871,194.9766636,Affordable
Early Summer,San Francisco,New York,1,Alaska Airlines,517.4829507,432.2613235,Not Affordable
Late Summer,San Francisco,Chicago,1,Southwest Airlines,355.3685394,220.0455181,Not Affordable
Early Summer,San Francisco,New York,2,Alaska Airlines,517.4829507,215.1748703,Affordable
Early Summer,San Francisco,Chicago,1,United,355.3685394,408.3668826,Not Affordable
Late Summer,San Francisco,Boston,1,Alaska Airlines,425.4126871,256.1005185,Not Affordable
Early Summer,San Francisco,Chicago,2,Alaska Airlines,355.3685394,129.8616727,Affordable
Late Summer,San Francisco,Honolulu,7,United,389.4728459,81.01748891,Affordable
Late Summer,San Francisco,"Washington, DC",1,Delta,459.8730367,277.7473897,Not Affordable
Late Summer,San Francisco,"Washington, DC",1,United,459.8730367,432.3310743,Not Affordable
Late Summer,San Francisco,San Diego,3,United,180.3080597,80.12570728,Affordable
Early Summer,San Francisco,San Diego,2,United,180.3080597,118.5452791,Affordable
Late Summer,San Francisco,PHL,1,Alaska Airlines,384.0539451,407.6921045,Affordable
Early Summer,San Francisco,New Orleans,1,United,318.5411406,344.5263775,Not Affordable
Late Summer,San Francisco,San Diego,2,United,180.3080597,111.1674109,Affordable
Late Summer,San Francisco,San Diego,1,Southwest Airlines,180.3080597,181.9541378,Affordable
Early Summer,San Francisco,Chicago,2,Alaska Airlines,355.3685394,129.8616727,Affordable
Late Summer,San Francisco,New York,1,Alaska Airlines,517.4829507,392.4371492,Not Affordable
Early Summer,San Francisco,Boston,1,United,425.4126871,386.9147003,Not Affordable
Late Summer,San Francisco,New York,2,Delta,517.4829507,268.0126979,Affordable
Early Summer,San Francisco,Boston,2,Alaska Airlines,425.4126871,160.2059833,Affordable
Late Summer,San Francisco,Nashville,2,United,337.3357337,155.9063382,Affordable
Late Summer,San Francisco,New York,1,Delta,517.4829507,420.6896488,Not Affordable
Early Summer,San Francisco,"Washington, DC",5,United,459.8730367,94.54061995,Affordable
Late Summer,San Francisco,"Washington, DC",1,Frontier Airlines,459.8730367,171.3042089,Not Affordable
Early Summer,San Francisco,"Washington, DC",1,Alaska Airlines,459.8730367,438.1808266,Not Affordable
Late Summer,San Francisco,New York,1,Delta,517.4829507,420.6896488,Not Affordable
Late Summer,San Francisco,Portland,1,United,187.1371816,232.0862122,Affordable
Early Summer,San Francisco,PHL,1,Delta,384.0539451,302.7400643,Not Affordable
Late Summer,San Francisco,PHL,1,United,384.0539451,382.190872,Not Affordable
Late Summer,San Francisco,PHL,1,Delta,384.0539451,297.8310934,Not Affordable
Late Summer,San Francisco,Nashville,1,Alaska Airlines,337.3357337,335.3686682,Affordable
Late Summer,San Francisco,New York,4,Alaska Airlines,517.4829507,121.1764746,Affordable
Early Summer,San Francisco,New York,1,Alaska Airlines,517.4829507,406.784845,Not Affordable
Early Summer,San Francisco,Seattle,1,Alaska Airlines,212.8712372,200.1716403,Affordable
Late Summer,San Francisco,Seattle,1,Alaska Airlines,212.8712372,251.0942672,Affordable
Late Summer,San Francisco,"Washington, DC",1,United,459.8730367,414.5662692,Not Affordable
Early Summer,San Francisco,PHL,1,United,384.0539451,411.6173178,Not Affordable
Late Summer,San Francisco,Boston,1,United,425.4126871,418.713752,Not Affordable
Early Summer,San Francisco,New York,2,Delta,517.4829507,267.2219505,Affordable
Late Summer,San Francisco,Honolulu,1,United,389.4728459,446.7650287,Not Affordable
Late Summer,San Francisco,Boston,1,United,425.4126871,418.713752,Not Affordable
Late Summer,San Francisco,"Washington, DC",1,United,459.8730367,432.3310743,Not Affordable
Late Summer,San Francisco,Boston,1,Alaska Airlines,425.4126871,324.3867743,Not Affordable
Early Summer,San Francisco,PHL,1,United,384.0539451,411.6173178,Not Affordable
Early Summer,San Francisco,PHL,1,United,384.0539451,411.6173178,Not Affordable
Early Summer,San Francisco,New York,1,Frontier Airlines,517.4829507,157.2157384,Not Affordable
Early Summer,San Francisco,PHL,1,Delta,384.0539451,376.8427862,Not Affordable
Late Summer,San Francisco,Chicago,1,United,355.3685394,446.9245953,Not Affordable
Early Summer,San Francisco,New York,4,JetBlue Airways,517.4829507,168.5320272,Affordable
Early Summer,San Francisco,PHL,1,Frontier Airlines,384.0539451,161.7598672,Not Affordable
Late Summer,San Francisco,PHL,3,Alaska Airlines,384.0539451,142.3400172,Affordable
Late Summer,San Francisco,San Diego,1,Southwest Airlines,180.3080597,181.9541378,Affordable
Early Summer,San Francisco,Boston,1,United,425.4126871,436.4720575,Not Affordable
Late Summer,San Francisco,Nashville,1,Southwest Airlines,337.3357337,278.3693445,Not Affordable
Late Summer,San Francisco,New Orleans,1,United,318.5411406,301.9661608,Affordable
Late Summer,San Francisco,Honolulu,1,Alaska Airlines,389.4728459,334.3941163,Not Affordable
Early Summer,San Francisco,New Orleans,1,Southwest Airlines,318.5411406,230.7633115,Not Affordable
Late Summer,San Francisco,New York,1,Alaska Airlines,517.4829507,392.4371492,Not Affordable
Late Summer,San Francisco,New Orleans,3,United,318.5411406,105.0314009,Affordable
Early Summer,San Francisco,New York,1,Alaska Airlines,517.4829507,406.784845,Not Affordable
Late Summer,San Francisco,Chicago,2,United,355.3685394,202.0029303,Affordable
Late Summer,San Francisco,Boston,1,JetBlue Airways,425.4126871,379.6846985,Not Affordable
Early Summer,San Francisco,Boston,2,United,425.4126871,198.7268531,Affordable
Late Summer,San Francisco,New York,1,Alaska Airlines,517.4829507,316.2563136,Not Affordable
Early Summer,San Francisco,Seattle,1,United,212.8712372,284.9485713,Affordable
Late Summer,San Francisco,Portland,1,Alaska Airlines,187.1371816,202.5317729,Affordable
Late Summer,San Francisco,New York,3,Alaska Airlines,517.4829507,145.3779235,Affordable
Late Summer,San Francisco,Boston,3,Delta,425.4126871,114.7198213,Affordable
Late Summer,San Francisco,"Washington, DC",1,Alaska Airlines,459.8730367,370.8671934,Not Affordable
Late Summer,San Francisco,Seattle,2,United,212.8712372,121.9032839,Affordable
Early Summer,San Francisco,New York,1,Delta,517.4829507,460.3048532,Not Affordable
Early Summer,San Francisco,Honolulu,1,United,389.4728459,477.5331385,Not Affordable
Late Summer,San Francisco,New York,2,Alaska Airlines,517.4829507,269.810859,Affordable
Early Summer,San Francisco,Chicago,1,Delta,355.3685394,360.2436744,Not Affordable
Late Summer,San Francisco,San Diego,1,Alaska Airlines,180.3080597,202.7799898,Affordable
Early Summer,San Francisco,"Washington, DC",1,Alaska Airlines,459.8730367,426.4986197,Not Affordable
Early Summer,San Francisco,New York,1,JetBlue Airways,517.4829507,410.2589877,Not Affordable
Late Summer,San Francisco,Portland,1,Delta,187.1371816,190.5340482,Affordable
Early Summer,San Francisco,San Diego,3,Southwest Airlines,180.3080597,74.94789834,Affordable
Late Summer,San Francisco,New York,1,Delta,517.4829507,420.6896488,Not Affordable
Early Summer,San Francisco,PHL,1,Delta,384.0539451,302.7400643,Not Affordable
Late Summer,San Francisco,PHL,1,Alaska Airlines,384.0539451,322.2643122,Affordable
Late Summer,San Francisco,Boston,1,Delta,425.4126871,397.6109453,Not Affordable
Late Summer,San Francisco,Boston,1,United,425.4126871,346.9823215,Not Affordable
Late Summer,San Francisco,Seattle,3,Delta,212.8712372,70.73688895,Affordable
Early Summer,San Francisco,New York,1,Alaska Airlines,517.4829507,327.2307231,Not Affordable
Late Summer,San Francisco,Chicago,1,Alaska Airlines,355.3685394,358.9908283,Affordable
Early Summer,San Francisco,Chicago,1,Alaska Airlines,355.3685394,372.050438,Not Affordable
Early Summer,San Francisco,PHL,1,United,384.0539451,411.6173178,Not Affordable
Late Summer,San Francisco,Chicago,1,Alaska Airlines,355.3685394,358.9908283,Affordable
Early Summer,San Francisco,Boston,1,Delta,425.4126871,375.1095985,Not Affordable
Late Summer,San Francisco,"Washington, DC",1,United,459.8730367,432.3310743,Not Affordable
Late Summer,San Francisco,"Washington, DC",1,Southwest Airlines,459.8730367,258.3825943,Not Affordable
Early Summer,San Francisco,San Diego,1,Delta,180.3080597,262.0015579,Affordable
Early Summer,San Francisco,PHL,1,Alaska Airlines,384.0539451,430.5776514,Not Affordable
Late Summer,San Francisco,New York,1,JetBlue Airways,517.4829507,389.3562106,Not Affordable
Late Summer,San Francisco,Nashville,1,United,337.3357337,386.9471422,Not Affordable
Late Summer,San Francisco,New York,1,United,517.4829507,337.9332994,Not Affordable
Late Summer,San Francisco,Boston,1,Delta,425.4126871,397.6109453,Not Affordable
Early Summer,San Francisco,New Orleans,1,Alaska Airlines,318.5411406,290.1105271,Affordable
Late Summer,San Francisco,"Washington, DC",2,Alaska Airlines,459.8730367,179.8622078,Affordable
Early Summer,San Francisco,Boston,1,United,425.4126871,400.4448024,Not Affordable
Early Summer,San Francisco,San Diego,1,United,180.3080597,260.558361,Affordable
Early Summer,San Francisco,"Washington, DC",2,Alaska Airlines,459.8730367,218.1978947,Affordable
Late Summer,San Francisco,New York,1,Alaska Airlines,517.4829507,339.3165389,Not Affordable
Early Summer,San Francisco,"Washington, DC",1,Delta,459.8730367,401.1740891,Not Affordable
Early Summer,San Francisco,Honolulu,1,Alaska Airlines,389.4728459,372.9980311,Not Affordable
Late Summer,San Francisco,New York,3,Delta,517.4829507,174.5597045,Affordable
Late Summer,San Francisco,New Orleans,1,Delta,318.5411406,249.0605956,Affordable
Early Summer,San Francisco,"Washington, DC",1,United,459.8730367,493.1595327,Not Affordable
Early Summer,San Francisco,New York,1,JetBlue Airways,517.4829507,410.2589877,Not Affordable
Early Summer,San Francisco,Nashville,1,United,337.3357337,400.5288748,Not Affordable
Early Summer,San Francisco,Nashville,1,Delta,337.3357337,332.7700573,Not Affordable
Late Summer,San Francisco,"Washington, DC",1,United,459.8730367,343.7856524,Not Affordable
Early Summer,San Francisco,San Diego,1,Alaska Airlines,180.3080597,207.3832392,Affordable
Late Summer,San Francisco,Seattle,1,Alaska Airlines,212.8712372,251.0942672,Affordable
Late Summer,San Francisco,New York,3,Delta,517.4829507,174.5597045,Affordable
Early Summer,San Francisco,Boston,1,Alaska Airlines,425.4126871,338.0867654,Not Affordable
Late Summer,San Francisco,Honolulu,2,United,389.4728459,184.0232892,Affordable
Late Summer,San Francisco,San Diego,1,United,180.3080597,248.0589529,Affordable
Early Summer,San Francisco,San Diego,2,United,180.3080597,118.5452791,Affordable
Early Summer,San Francisco,New York,1,Alaska Airlines,517.4829507,329.8005756,Not Affordable
Early Summer,San Francisco,Chicago,1,United,355.3685394,459.0114787,Not Affordable
Early Summer,San Francisco,"Washington, DC",1,United,459.8730367,469.0719449,Not Affordable
Late Summer,San Francisco,PHL,1,Frontier Airlines,384.0539451,177.9466903,Not Affordable
Late Summer,San Francisco,PHL,2,Alaska Airlines,384.0539451,204.2135697,Affordable
Early Summer,San Francisco,Honolulu,1,United,389.4728459,477.5331385,Not Affordable
Early Summer,San Francisco,Boston,1,JetBlue Airways,425.4126871,392.7225229,Not Affordable
Early Summer,San Francisco,Boston,1,Delta,425.4126871,433.0364294,Not Affordable
Early Summer,San Francisco,New York,1,Alaska Airlines,517.4829507,432.2613235,Not Affordable
Early Summer,San Francisco,Chicago,2,United,355.3685394,203.6728441,Affordable
Early Summer,San Francisco,Nashville,1,United,337.3357337,399.9883935,Not Affordable
Early Summer,San Francisco,Seattle,1,Alaska Airlines,212.8712372,257.1828494,Affordable
Early Summer,San Francisco,Chicago,1,United,355.3685394,459.0114787,Not Affordable
Early Summer,San Francisco,PHL,1,United,384.0539451,411.6173178,Not Affordable
Early Summer,San Francisco,Chicago,1,United,355.3685394,302.3510378,Not Affordable
Late Summer,San Francisco,PHL,1,Frontier Airlines,384.0539451,183.5578409,Not Affordable
Early Summer,San Francisco,Boston,2,Alaska Airlines,425.4126871,160.2059833,Affordable
Early Summer,San Francisco,Chicago,3,United,355.3685394,119.5248444,Affordable
Late Summer,San Francisco,New York,4,Delta,517.4829507,148.7772541,Affordable
Early Summer,San Francisco,Chicago,4,Alaska Airlines,355.3685394,86.3055553,Affordable
Late Summer,San Francisco,New York,1,JetBlue Airways,517.4829507,269.188128,Not Affordable
Late Summer,San Francisco,New York,4,Alaska Airlines,517.4829507,121.1764746,Affordable
Late Summer,San Francisco,Portland,1,Delta,187.1371816,190.5340482,Affordable
Late Summer,San Francisco,"Washington, DC",1,United,459.8730367,414.5662692,Not Affordable
Late Summer,San Francisco,Boston,2,Delta,425.4126871,189.7023246,Affordable
Late Summer,San Francisco,Honolulu,1,United,389.4728459,446.7650287,Not Affordable
Late Summer,San Francisco,Boston,5,United,425.4126871,83.09554354,Affordable
Early Summer,San Francisco,New Orleans,1,Delta,318.5411406,303.2985827,Affordable
Early Summer,San Francisco,Boston,1,United,425.4126871,436.4720575,Not Affordable
Early Summer,San Francisco,Boston,1,JetBlue Airways,425.4126871,392.7225229,Not Affordable
Late Summer,San Francisco,Boston,1,United,425.4126871,378.0848377,Not Affordable
Late Summer,San Francisco,New York,1,JetBlue Airways,517.4829507,389.3562106,Not Affordable
Late Summer,San Francisco,Nashville,1,Southwest Airlines,337.3357337,278.3693445,Not Affordable
Early Summer,San Francisco,"Washington, DC",1,United,459.8730367,412.5662192,Not Affordable
Early Summer,San Francisco,Chicago,2,Frontier Airlines,355.3685394,86.06451011,Affordable
Late Summer,San Francisco,Nashville,1,Southwest Airlines,337.3357337,273.4487139,Not Affordable
Late Summer,San Francisco,Chicago,1,United,355.3685394,446.9245953,Not Affordable
Early Summer,San Francisco,New York,1,Alaska Airlines,517.4829507,432.2613235,Not Affordable
Late Summer,San Francisco,PHL,4,Alaska Airlines,384.0539451,116.1099995,Affordable
Late Summer,San Francisco,New York,2,Alaska Airlines,517.4829507,225.8884498,Affordable
Late Summer,San Francisco,New York,1,Alaska Airlines,517.4829507,296.4163866,Not Affordable
Late Summer,San Francisco,"Washington, DC",2,Frontier Airlines,459.8730367,95.74118713,Affordable
Late Summer,San Francisco,Chicago,1,Alaska Airlines,355.3685394,304.0376476,Affordable
Late Summer,San Francisco,Boston,4,Delta,425.4126871,90.10565005,Affordable
Late Summer,San Francisco,Chicago,1,United,355.3685394,397.1911159,Not Affordable
Early Summer,San Francisco,Honolulu,1,United,389.4728459,300.9802042,Not Affordable
Early Summer,San Francisco,Boston,2,United,425.4126871,198.7268531,Affordable
Early Summer,San Francisco,Boston,1,JetBlue Airways,425.4126871,392.7225229,Not Affordable
Early Summer,San Francisco,Boston,1,Delta,425.4126871,433.0364294,Not Affordable
Late Summer,San Francisco,San Diego,1,Alaska Airlines,180.3080597,202.7799898,Affordable
Early Summer,San Francisco,Portland,1,United,187.1371816,241.6657515,Affordable
Late Summer,San Francisco,Boston,2,United,425.4126871,194.9766636,Affordable
Late Summer,San Francisco,Portland,1,Alaska Airlines,187.1371816,202.5317729,Affordable
Early Summer,San Francisco,Nashville,1,United,337.3357337,400.5288748,Not Affordable
Early Summer,San Francisco,Portland,2,Alaska Airlines,187.1371816,98.85360269,Affordable
Late Summer,San Francisco,Honolulu,2,United,389.4728459,184.0232892,Affordable
Late Summer,San Francisco,Chicago,1,United,355.3685394,446.9245953,Not Affordable
Late Summer,San Francisco,"Washington, DC",1,United,459.8730367,329.9813881,Not Affordable
Late Summer,San Francisco,New Orleans,1,United,318.5411406,366.3587337,Affordable
Early Summer,San Francisco,Boston,1,United,425.4126871,436.4720575,Not Affordable
Late Summer,San Francisco,Boston,1,United,425.4126871,337.0108635,Not Affordable
Early Summer,San Francisco,New York,2,JetBlue Airways,517.4829507,258.8872353,Affordable
Early Summer,San Francisco,Chicago,1,United,355.3685394,459.0114787,Not Affordable
Late Summer,San Francisco,Boston,1,United,425.4126871,378.0848377,Not Affordable
Early Summer,San Francisco,San Diego,1,Southwest Airlines,180.3080597,197.0121896,Affordable
Early Summer,San Francisco,PHL,1,Alaska Airlines,384.0539451,430.5776514,Not Affordable
Late Summer,San Francisco,San Diego,1,United,180.3080597,248.0589529,Affordable
Late Summer,San Francisco,Nashville,1,Delta,337.3357337,276.0703488,Affordable
Early Summer,San Francisco,New Orleans,1,United,318.5411406,405.8794838,Not Affordable
Late Summer,San Francisco,Boston,1,Alaska Airlines,425.4126871,341.0096504,Not Affordable
Early Summer,San Francisco,Boston,3,JetBlue Airways,425.4126871,145.2646231,Affordable
Early Summer,San Francisco,"Washington, DC",1,Alaska Airlines,459.8730367,426.4986197,Not Affordable
Late Summer,San Francisco,New York,1,Frontier Airlines,517.4829507,170.387906,Not Affordable
Late Summer,San Francisco,"Washington, DC",1,Alaska Airlines,459.8730367,371.3713658,Not Affordable
Early Summer,San Francisco,Honolulu,3,United,389.4728459,109.4583927,Affordable
Late Summer,San Francisco,Boston,4,JetBlue Airways,425.4126871,124.1269465,Affordable
Early Summer,San Francisco,New York,2,JetBlue Airways,517.4829507,258.8872353,Affordable
Early Summer,San Francisco,Boston,1,United,425.4126871,436.4720575,Not Affordable
Late Summer,San Francisco,"Washington, DC",1,Delta,459.8730367,393.021178,Not Affordable
Early Summer,San Francisco,Chicago,1,Alaska Airlines,355.3685394,372.050438,Not Affordable
Early Summer,San Francisco,Honolulu,1,United,389.4728459,340.7004685,Not Affordable
Late Summer,San Francisco,San Diego,1,United,180.3080597,248.0589529,Affordable
Late Summer,San Francisco,Boston,1,United,425.4126871,418.713752,Not Affordable
Early Summer,San Francisco,New York,1,Delta,517.4829507,460.3048532,Not Affordable
Late Summer,San Francisco,New York,3,JetBlue Airways,517.4829507,177.2476079,Affordable
Late Summer,San Francisco,"Washington, DC",1,United,459.8730367,445.4330655,Not Affordable
Early Summer,San Francisco,New York,1,Alaska Airlines,517.4829507,432.2613235,Not Affordable
Late Summer,San Francisco,Chicago,4,Alaska Airlines,355.3685394,67.65132494,Affordable
Late Summer,San Francisco,Seattle,2,Delta,212.8712372,99.45545736,Affordable
Late Summer,San Francisco,PHL,2,Alaska Airlines,384.0539451,148.119858,Affordable
Late Summer,San Francisco,Boston,1,Delta,425.4126871,358.546437,Not Affordable
Early Summer,San Francisco,New York,1,Alaska Airlines,517.4829507,406.784845,Not Affordable
Late Summer,San Francisco,Chicago,1,Alaska Airlines,355.3685394,358.9908283,Affordable
Late Summer,San Francisco,"Washington, DC",1,United,459.8730367,432.3310743,Not Affordable
Late Summer,San Francisco,Boston,1,United,425.4126871,418.713752,Not Affordable
Early Summer,San Francisco,"Washington, DC",1,United,459.8730367,469.0719449,Not Affordable
Late Summer,San Francisco,Chicago,2,United,355.3685394,202.0029303,Affordable
Early Summer,San Francisco,Chicago,1,Frontier Airlines,355.3685394,148.6524562,Not Affordable
Late Summer,San Francisco,Boston,2,Alaska Airlines,425.4126871,167.1611791,Affordable
Early Summer,San Francisco,Chicago,1,Alaska Airlines,355.3685394,326.1214594,Not Affordable
Late Summer,San Francisco,Honolulu,4,United,389.4728459,83.39892722,Affordable
Late Summer,San Francisco,"Washington, DC",2,United,459.8730367,209.4494421,Affordable
Late Summer,San Francisco,Nashville,1,United,337.3357337,386.9471422,Not Affordable
Late Summer,San Francisco,New York,1,JetBlue Airways,517.4829507,228.8069738,Not Affordable
Late Summer,San Francisco,New York,1,Delta,517.4829507,420.6896488,Not Affordable
Early Summer,San Francisco,New York,1,Delta,517.4829507,460.3048532,Not Affordable
Late Summer,San Francisco,"Washington, DC",1,United,459.8730367,329.9813881,Not Affordable
Late Summer,San Francisco,Boston,4,Delta,425.4126871,90.10565005,Affordable
Late Summer,San Francisco,"Washington, DC",1,United,459.8730367,432.3310743,Not Affordable
Late Summer,San Francisco,Chicago,1,United,355.3685394,446.9245953,Not Affordable
Late Summer,San Francisco,Boston,1,United,425.4126871,418.713752,Not Affordable
Early Summer,San Francisco,PHL,1,Alaska Airlines,384.0539451,430.5776514,Not Affordable
Late Summer,San Francisco,Honolulu,1,United,389.4728459,314.9743876,Not Affordable
Late Summer,San Francisco,Boston,1,JetBlue Airways,425.4126871,379.6846985,Not Affordable
Early Summer,San Francisco,Chicago,1,Delta,355.3685394,360.2436744,Not Affordable
Late Summer,San Francisco,New York,1,Alaska Airlines,517.4829507,392.4371492,Not Affordable
Late Summer,San Francisco,Boston,1,Alaska Airlines,425.4126871,341.0096504,Not Affordable
Late Summer,San Francisco,Seattle,1,United,212.8712372,272.1478904,Affordable
Early Summer,San Francisco,Boston,1,Alaska Airlines,425.4126871,354.4521849,Not Affordable
Early Summer,San Francisco,San Diego,1,United,180.3080597,260.558361,Affordable
Early Summer,San Francisco,Seattle,1,Alaska Airlines,212.8712372,257.1828494,Affordable
Early Summer,San Francisco,Seattle,2,Alaska Airlines,212.8712372,124.4277479,Affordable
Early Summer,San Francisco,Honolulu,1,United,389.4728459,477.5331385,Not Affordable
Late Summer,San Francisco,Nashville,1,Delta,337.3357337,276.5410864,Affordable
Late Summer,San Francisco,PHL,1,Delta,384.0539451,353.1672496,Not Affordable
Early Summer,San Francisco,San Diego,1,Southwest Airlines,180.3080597,197.0121896,Affordable
Late Summer,San Francisco,New York,1,Delta,517.4829507,420.6896488,Not Affordable
Late Summer,San Francisco,Chicago,2,United,355.3685394,202.0029303,Affordable
Late Summer,San Francisco,New Orleans,1,Southwest Airlines,318.5411406,218.2710797,Affordable
Early Summer,San Francisco,New Orleans,1,United,318.5411406,405.8794838,Not Affordable
Late Summer,San Francisco,Boston,1,JetBlue Airways,425.4126871,379.6846985,Not Affordable
Late Summer,San Francisco,"Washington, DC",1,Southwest Airlines,459.8730367,233.8402875,Not Affordable
Late Summer,San Francisco,PHL,1,Alaska Airlines,384.0539451,407.6921045,Affordable
Early Summer,San Francisco,Honolulu,1,Alaska Airlines,389.4728459,372.9980311,Not Affordable
Late Summer,San Francisco,Nashville,1,United,337.3357337,386.9471422,Not Affordable
Early Summer,San Francisco,New York,1,Alaska Airlines,517.4829507,406.784845,Not Affordable
Late Summer,San Francisco,"Washington, DC",1,Alaska Airlines,459.8730367,370.8671934,Not Affordable
Late Summer,San Francisco,Seattle,1,United,212.8712372,272.1478904,Affordable
Late Summer,San Francisco,New York,1,Frontier Airlines,517.4829507,152.4001924,Not Affordable
Early Summer,San Francisco,"Washington, DC",1,United,459.8730367,339.6741034,Not Affordable
Late Summer,San Francisco,Chicago,3,United,355.3685394,118.896336,Affordable
Late Summer,San Francisco,New York,1,Alaska Airlines,517.4829507,261.1433218,Not Affordable
Early Summer,San Francisco,New York,1,Alaska Airlines,517.4829507,406.784845,Not Affordable
Late Summer,San Francisco,Chicago,1,United,355.3685394,245.8076044,Not Affordable
Early Summer,San Francisco,Chicago,1,Alaska Airlines,355.3685394,372.050438,Not Affordable
Early Summer,San Francisco,New York,1,Alaska Airlines,517.4829507,281.492576,Not Affordable
Early Summer,San Francisco,Boston,1,United,425.4126871,436.4720575,Not Affordable
Early Summer,San Francisco,Boston,1,Alaska Airlines,425.4126871,337.7848839,Not Affordable
Early Summer,San Francisco,New York,3,Delta,517.4829507,168.7049008,Affordable
Late Summer,San Francisco,Seattle,1,Alaska Airlines,212.8712372,251.0942672,Affordable
Early Summer,San Francisco,"Washington, DC",1,United,459.8730367,478.921516,Not Affordable
Late Summer,San Francisco,San Diego,2,United,180.3080597,111.1674109,Affordable
Late Summer,San Francisco,"Washington, DC",1,Alaska Airlines,459.8730367,260.2494288,Not Affordable
Late Summer,San Francisco,Seattle,1,United,212.8712372,272.1478904,Affordable
Early Summer,San Francisco,New York,1,JetBlue Airways,517.4829507,410.2589877,Not Affordable
Late Summer,San Francisco,Chicago,1,United,355.3685394,446.9245953,Not Affordable
Late Summer,San Francisco,Nashville,1,Delta,337.3357337,288.31959,Affordable
Late Summer,San Francisco,New Orleans,1,Delta,318.5411406,259.3738259,Affordable
Late Summer,San Francisco,Boston,2,JetBlue Airways,425.4126871,213.7618715,Affordable
Late Summer,San Francisco,Seattle,1,Alaska Airlines,212.8712372,196.028118,Affordable
Late Summer,San Francisco,New Orleans,2,United,318.5411406,152.7839523,Affordable
Late Summer,San Francisco,"Washington, DC",4,United,459.8730367,92.78599521,Affordable
Late Summer,San Francisco,New York,1,Southwest Airlines,517.4829507,218.5640513,Not Affordable
Late Summer,San Francisco,New York,1,Delta,517.4829507,420.6896488,Not Affordable
Early Summer,San Francisco,San Diego,1,United,180.3080597,260.558361,Affordable
Early Summer,San Francisco,PHL,1,Alaska Airlines,384.0539451,347.9763006,Not Affordable
Early Summer,San Francisco,San Diego,2,United,180.3080597,118.5452791,Affordable
Late Summer,San Francisco,"Washington, DC",1,United,459.8730367,457.3558277,Not Affordable
Early Summer,San Francisco,Boston,1,Alaska Airlines,425.4126871,337.7848839,Not Affordable
Late Summer,San Francisco,New York,1,Alaska Airlines,517.4829507,392.4371492,Not Affordable
Early Summer,San Francisco,"Washington, DC",3,Alaska Airlines,459.8730367,130.4169438,Affordable
Early Summer,San Francisco,Boston,1,Delta,425.4126871,433.0364294,Not Affordable
Late Summer,San Francisco,Chicago,3,Alaska Airlines,355.3685394,88.09241209,Affordable
Late Summer,San Francisco,Chicago,1,Southwest Airlines,355.3685394,220.0455181,Not Affordable
Late Summer,San Francisco,"Washington, DC",1,Alaska Airlines,459.8730367,370.8671934,Not Affordable
Early Summer,San Francisco,New York,4,Alaska Airlines,517.4829507,109.3908577,Affordable
Early Summer,San Francisco,Boston,5,JetBlue Airways,425.4126871,114.6705536,Affordable
Early Summer,San Francisco,PHL,1,United,384.0539451,411.6173178,Not Affordable
Late Summer,San Francisco,Boston,1,Alaska Airlines,425.4126871,317.5531562,Not Affordable
Late Summer,San Francisco,New York,4,Delta,517.4829507,148.7772541,Affordable
Late Summer,San Francisco,Boston,1,United,425.4126871,418.713752,Not Affordable
Early Summer,San Francisco,Nashville,1,Delta,337.3357337,307.9770235,Not Affordable
Late Summer,San Francisco,PHL,1,United,384.0539451,382.190872,Not Affordable
Late Summer,San Francisco,New York,2,JetBlue Airways,517.4829507,259.5844956,Affordable
Early Summer,San Francisco,Boston,1,Alaska Airlines,425.4126871,352.4295884,Not Affordable
Late Summer,San Francisco,New York,1,JetBlue Airways,517.4829507,389.3562106,Not Affordable
Early Summer,San Francisco,"Washington, DC",2,United,459.8730367,227.2399677,Affordable
Late Summer,San Francisco,San Diego,1,Southwest Airlines,180.3080597,182.3561837,Affordable
Late Summer,San Francisco,Chicago,3,United,355.3685394,118.896336,Affordable
Late Summer,San Francisco,Boston,1,JetBlue Airways,425.4126871,227.7967083,Not Affordable
Early Summer,San Francisco,PHL,1,Alaska Airlines,384.0539451,430.5776514,Not Affordable
Early Summer,San Francisco,Chicago,1,Alaska Airlines,355.3685394,326.1214594,Not Affordable
Early Summer,San Francisco,Boston,1,Alaska Airlines,425.4126871,352.4295884,Not Affordable
Early Summer,San Francisco,Seattle,4,Alaska Airlines,212.8712372,77.84600724,Affordable
Early Summer,San Francisco,New York,3,JetBlue Airways,517.4829507,178.2328107,Affordable
Early Summer,San Francisco,New York,1,JetBlue Airways,517.4829507,308.7370284,Not Affordable
Late Summer,San Francisco,New York,3,JetBlue Airways,517.4829507,177.2476079,Affordable
Early Summer,San Francisco,Seattle,2,Alaska Airlines,212.8712372,124.4277479,Affordable
Early Summer,San Francisco,New York,2,Delta,517.4829507,267.2219505,Affordable
Early Summer,San Francisco,"Washington, DC",1,United,459.8730367,478.921516,Not Affordable
Early Summer,San Francisco,New Orleans,2,United,318.5411406,112.0744005,Affordable
Late Summer,San Francisco,"Washington, DC",1,United,459.8730367,414.5662692,Not Affordable
Late Summer,San Francisco,New York,1,Delta,517.4829507,420.6896488,Not Affordable
Late Summer,San Francisco,New York,1,Delta,517.4829507,420.6896488,Not Affordable
Late Summer,San Francisco,"Washington, DC",1,United,459.8730367,432.3310743,Not Affordable
Late Summer,San Francisco,"Washington, DC",1,United,459.8730367,432.3310743,Not Affordable
Late Summer,San Francisco,Boston,2,United,425.4126871,194.9766636,Affordable
Late Summer,San Francisco,New York,2,Alaska Airlines,517.4829507,225.8884498,Affordable
Early Summer,San Francisco,Chicago,1,Southwest Airlines,355.3685394,255.8259303,Not Affordable
Late Summer,San Francisco,New York,1,Delta,517.4829507,420.6896488,Not Affordable
Early Summer,San Francisco,PHL,4,Alaska Airlines,384.0539451,114.0202178,Affordable
Late Summer,San Francisco,New York,2,Frontier Airlines,517.4829507,72.82274988,Affordable
Early Summer,San Francisco,"Washington, DC",2,Alaska Airlines,459.8730367,203.1307172,Affordable
Late Summer,San Francisco,Boston,1,United,425.4126871,418.713752,Not Affordable
Late Summer,San Francisco,San Diego,1,Southwest Airlines,180.3080597,181.9541378,Affordable
Late Summer,San Francisco,San Diego,2,Southwest Airlines,180.3080597,90.55926551,Affordable
Early Summer,San Francisco,PHL,1,Alaska Airlines,384.0539451,400.4762664,Not Affordable
Late Summer,San Francisco,San Diego,1,Southwest Airlines,180.3080597,181.9541378,Affordable
Late Summer,San Francisco,Chicago,1,Alaska Airlines,355.3685394,358.9908283,Affordable
Early Summer,San Francisco,Seattle,4,United,212.8712372,69.39633338,Affordable
Early Summer,San Francisco,San Diego,1,United,180.3080597,260.558361,Affordable
Early Summer,San Francisco,PHL,1,Alaska Airlines,384.0539451,430.5776514,Not Affordable
Early Summer,San Francisco,New York,1,Alaska Airlines,517.4829507,358.7679808,Not Affordable
Late Summer,San Francisco,New York,1,Alaska Airlines,517.4829507,392.4371492,Not Affordable
Late Summer,San Francisco,Boston,1,Southwest Airlines,425.4126871,227.2215841,Not Affordable
Late Summer,San Francisco,New York,2,JetBlue Airways,517.4829507,79.78167188,Affordable
Late Summer,San Francisco,New York,1,Delta,517.4829507,420.6896488,Not Affordable
Late Summer,San Francisco,"Washington, DC",1,Southwest Airlines,459.8730367,279.0126338,Not Affordable
Early Summer,San Francisco,Nashville,1,Southwest Airlines,337.3357337,307.4710682,Not Affordable
Late Summer,San Francisco,Boston,5,JetBlue Airways,425.4126871,112.8380186,Affordable
Early Summer,San Francisco,Seattle,1,Delta,212.8712372,230.8142753,Affordable
Late Summer,San Francisco,San Diego,1,Southwest Airlines,180.3080597,182.0381639,Affordable
Late Summer,San Francisco,"Washington, DC",1,Alaska Airlines,459.8730367,343.2555166,Not Affordable
Late Summer,San Francisco,Portland,3,United,187.1371816,74.33815941,Affordable
Late Summer,San Francisco,San Diego,1,Southwest Airlines,180.3080597,181.9541378,Affordable
Early Summer,San Francisco,Chicago,3,United,355.3685394,119.5248444,Affordable
Late Summer,San Francisco,PHL,1,United,384.0539451,382.190872,Not Affordable
Late Summer,San Francisco,Boston,1,United,425.4126871,418.713752,Not Affordable
Late Summer,San Francisco,Honolulu,1,United,389.4728459,446.7650287,Not Affordable
Late Summer,San Francisco,New York,1,Delta,517.4829507,420.6896488,Not Affordable
Early Summer,San Francisco,Boston,1,Alaska Airlines,425.4126871,352.4295884,Not Affordable
Late Summer,San Francisco,Seattle,1,Alaska Airlines,212.8712372,251.0942672,Affordable
Early Summer,San Francisco,San Diego,1,United,180.3080597,260.558361,Affordable
Early Summer,San Francisco,"Washington, DC",1,United,459.8730367,478.921516,Not Affordable
Late Summer,San Francisco,Honolulu,1,United,389.4728459,446.7650287,Not Affordable
Late Summer,San Francisco,PHL,1,Alaska Airlines,384.0539451,343.7395215,Affordable
Late Summer,San Francisco,Chicago,1,Alaska Airlines,355.3685394,309.8229065,Affordable
Late Summer,San Francisco,New York,1,Alaska Airlines,517.4829507,392.4371492,Not Affordable
Early Summer,San Francisco,New York,1,JetBlue Airways,517.4829507,410.2589877,Not Affordable
Early Summer,San Francisco,Portland,1,United,187.1371816,241.6657515,Affordable
Late Summer,San Francisco,Chicago,2,United,355.3685394,202.0029303,Affordable
Early Summer,San Francisco,Honolulu,1,Alaska Airlines,389.4728459,372.9980311,Not Affordable
Late Summer,San Francisco,Boston,1,United,425.4126871,418.713752,Not Affordable
Early Summer,San Francisco,PHL,1,Alaska Airlines,384.0539451,430.5776514,Not Affordable
Early Summer,San Francisco,Seattle,2,Alaska Airlines,212.8712372,124.4277479,Affordable
Late Summer,San Francisco,Seattle,1,Alaska Airlines,212.8712372,251.0942672,Affordable
Early Summer,San Francisco,New York,1,Delta,517.4829507,452.8119837,Not Affordable
Late Summer,San Francisco,Nashville,1,Southwest Airlines,337.3357337,264.9470765,Not Affordable
Late Summer,San Francisco,Seattle,1,United,212.8712372,272.1478904,Affordable
Early Summer,San Francisco,New York,1,Delta,517.4829507,460.3048532,Not Affordable
Early Summer,San Francisco,New York,1,Delta,517.4829507,460.3048532,Not Affordable
Early Summer,San Francisco,New York,1,Delta,517.4829507,474.03937,Not Affordable
Early Summer,San Francisco,New Orleans,1,Southwest Airlines,318.5411406,257.1610073,Not Affordable
Late Summer,San Francisco,"Washington, DC",3,United,459.8730367,115.2680165,Affordable
Late Summer,San Francisco,New York,1,Alaska Airlines,517.4829507,392.4371492,Not Affordable
Early Summer,San Francisco,PHL,1,United,384.0539451,411.6173178,Not Affordable
Early Summer,San Francisco,Chicago,1,United,355.3685394,459.0114787,Not Affordable
Late Summer,San Francisco,Boston,2,Delta,425.4126871,189.7023246,Affordable
Early Summer,San Francisco,Portland,1,Alaska Airlines,187.1371816,207.7566114,Affordable
Late Summer,San Francisco,New Orleans,1,Delta,318.5411406,249.0605956,Affordable
Late Summer,San Francisco,New York,2,Alaska Airlines,517.4829507,269.810859,Affordable
Late Summer,San Francisco,Boston,3,Alaska Airlines,425.4126871,108.7782492,Affordable
Early Summer,San Francisco,New York,1,JetBlue Airways,517.4829507,410.2589877,Not Affordable
Late Summer,San Francisco,Chicago,2,Alaska Airlines,355.3685394,130.7439311,Affordable
Early Summer,San Francisco,Honolulu,2,United,389.4728459,184.9141731,Affordable
Late Summer,San Francisco,New York,3,JetBlue Airways,517.4829507,177.2476079,Affordable
Early Summer,San Francisco,"Washington, DC",1,United,459.8730367,413.4629421,Not Affordable
Early Summer,San Francisco,Nashville,1,United,337.3357337,400.5288748,Not Affordable
Early Summer,San Francisco,"Washington, DC",1,Alaska Airlines,459.8730367,426.4986197,Not Affordable
Early Summer,San Francisco,New York,1,Alaska Airlines,517.4829507,432.2613235,Not Affordable
Late Summer,San Francisco,Boston,3,United,425.4126871,118.0565952,Affordable
Early Summer,San Francisco,New Orleans,1,United,318.5411406,332.4923672,Not Affordable
Late Summer,San Francisco,Boston,1,United,425.4126871,418.713752,Not Affordable
Early Summer,San Francisco,Chicago,1,Alaska Airlines,355.3685394,326.1214594,Not Affordable
Early Summer,San Francisco,Boston,1,United,425.4126871,386.9147003,Not Affordable
Late Summer,San Francisco,"Washington, DC",1,United,459.8730367,432.3310743,Not Affordable
Late Summer,San Francisco,"Washington, DC",2,United,459.8730367,209.4494421,Affordable
Early Summer,San Francisco,Boston,1,Delta,425.4126871,351.4757839,Not Affordable
Early Summer,San Francisco,Boston,1,Delta,425.4126871,433.0364294,Not Affordable
Early Summer,San Francisco,Portland,1,United,187.1371816,241.6657515,Affordable
Early Summer,San Francisco,San Diego,1,Southwest Airlines,180.3080597,197.0121896,Affordable
Early Summer,San Francisco,Boston,2,Delta,425.4126871,188.0476812,Affordable
Early Summer,San Francisco,Chicago,1,Alaska Airlines,355.3685394,372.050438,Not Affordable
Early Summer,San Francisco,Chicago,2,United,355.3685394,203.6728441,Affordable
Early Summer,San Francisco,Portland,2,United,187.1371816,106.7641789,Affordable
Early Summer,San Francisco,New York,1,Alaska Airlines,517.4829507,406.784845,Not Affordable
Early Summer,San Francisco,Seattle,1,Delta,212.8712372,234.8311053,Affordable
Early Summer,San Francisco,"Washington, DC",1,Alaska Airlines,459.8730367,354.074936,Not Affordable
Late Summer,San Francisco,"Washington, DC",1,United,459.8730367,414.5662692,Not Affordable
Early Summer,San Francisco,PHL,1,Alaska Airlines,384.0539451,430.5776514,Not Affordable
Early Summer,San Francisco,Seattle,2,Delta,212.8712372,101.6438785,Affordable
Early Summer,San Francisco,Boston,4,Alaska Airlines,425.4126871,75.15326842,Affordable
Late Summer,San Francisco,"Washington, DC",8,United,459.8730367,90.90421151,Affordable
Late Summer,San Francisco,PHL,1,United,384.0539451,390.5772406,Not Affordable
Late Summer,San Francisco,New York,2,JetBlue Airways,517.4829507,259.5844956,Affordable
Early Summer,San Francisco,Boston,3,JetBlue Airways,425.4126871,145.2646231,Affordable
Late Summer,San Francisco,Seattle,3,United,212.8712372,81.7365141,Affordable
Late Summer,San Francisco,"Washington, DC",1,Alaska Airlines,459.8730367,357.5887256,Not Affordable
Early Summer,San Francisco,PHL,2,Alaska Airlines,384.0539451,207.2670442,Affordable
Early Summer,San Francisco,San Diego,2,Southwest Airlines,180.3080597,94.8438891,Affordable
Late Summer,San Francisco,PHL,2,Alaska Airlines,384.0539451,204.2135697,Affordable
Early Summer,San Francisco,Boston,1,United,425.4126871,370.4721634,Not Affordable
Late Summer,San Francisco,New York,1,Alaska Airlines,517.4829507,412.4171169,Not Affordable
Early Summer,San Francisco,Boston,5,JetBlue Airways,425.4126871,114.6705536,Affordable
Late Summer,San Francisco,New York,3,Delta,517.4829507,174.5597045,Affordable
Late Summer,San Francisco,"Washington, DC",1,United,459.8730367,414.5662692,Not Affordable
Late Summer,San Francisco,Seattle,3,United,212.8712372,81.7365141,Affordable
Late Summer,San Francisco,Chicago,2,Frontier Airlines,355.3685394,83.79421639,Affordable
Early Summer,San Francisco,Chicago,2,United,355.3685394,203.6728441,Affordable
Early Summer,San Francisco,Portland,1,Alaska Airlines,187.1371816,207.7566114,Affordable
Late Summer,San Francisco,"Washington, DC",3,United,459.8730367,115.2680165,Affordable
Early Summer,San Francisco,Seattle,1,Delta,212.8712372,230.8142753,Affordable
Early Summer,San Francisco,Chicago,1,United,355.3685394,459.0114787,Not Affordable
Late Summer,San Francisco,"Washington, DC",1,United,459.8730367,432.3310743,Not Affordable
Early Summer,San Francisco,"Washington, DC",1,United,459.8730367,478.921516,Not Affordable
Early Summer,San Francisco,PHL,1,United,384.0539451,411.6173178,Not Affordable
Late Summer,San Francisco,"Washington, DC",1,United,459.8730367,432.3310743,Not Affordable
Early Summer,San Francisco,New York,1,JetBlue Airways,517.4829507,410.2589877,Not Affordable
Late Summer,San Francisco,"Washington, DC",2,Alaska Airlines,459.8730367,183.7513507,Affordable
Early Summer,San Francisco,Chicago,2,United,355.3685394,203.6728441,Affordable
Early Summer,San Francisco,Chicago,1,United,355.3685394,459.0114787,Not Affordable
Early Summer,San Francisco,Boston,1,Alaska Airlines,425.4126871,347.5553667,Not Affordable
Early Summer,San Francisco,Boston,2,Delta,425.4126871,188.0476812,Affordable
Early Summer,San Francisco,"Washington, DC",3,United,459.8730367,136.7886002,Affordable
Early Summer,San Francisco,San Diego,2,Southwest Airlines,180.3080597,94.8438891,Affordable
Early Summer,San Francisco,Boston,4,United,425.4126871,94.00911268,Affordable
Early Summer,San Francisco,New York,1,Southwest Airlines,517.4829507,275.7089033,Not Affordable
Late Summer,San Francisco,Portland,1,Alaska Airlines,187.1371816,202.5317729,Affordable
Early Summer,San Francisco,New York,1,Alaska Airlines,517.4829507,295.2992821,Not Affordable
Early Summer,San Francisco,"Washington, DC",1,Frontier Airlines,459.8730367,180.9331328,Not Affordable
Early Summer,San Francisco,"Washington, DC",1,United,459.8730367,478.921516,Not Affordable
Late Summer,San Francisco,Seattle,1,Alaska Airlines,212.8712372,251.0942672,Affordable
Early Summer,San Francisco,Chicago,1,United,355.3685394,459.0114787,Not Affordable
Late Summer,San Francisco,Honolulu,2,United,389.4728459,184.0232892,Affordable
Early Summer,San Francisco,New York,4,Delta,517.4829507,140.9884138,Affordable
Late Summer,San Francisco,Chicago,1,United,355.3685394,446.9245953,Not Affordable
Early Summer,San Francisco,PHL,1,Alaska Airlines,384.0539451,430.5776514,Not Affordable
Early Summer,San Francisco,Boston,1,Delta,425.4126871,433.0364294,Not Affordable
Late Summer,San Francisco,New York,1,Southwest Airlines,517.4829507,241.5225554,Not Affordable
Early Summer,San Francisco,New York,1,Delta,517.4829507,460.3048532,Not Affordable
Early Summer,San Francisco,Boston,1,Alaska Airlines,425.4126871,352.4295884,Not Affordable
Early Summer,San Francisco,Seattle,1,United,212.8712372,284.9485713,Affordable
Late Summer,San Francisco,New York,1,Frontier Airlines,517.4829507,162.7091866,Not Affordable
Early Summer,San Francisco,New York,7,JetBlue Airways,517.4829507,141.1233418,Affordable
Late Summer,San Francisco,New York,1,Delta,517.4829507,420.6896488,Not Affordable
Late Summer,San Francisco,Chicago,1,United,355.3685394,400.9505181,Not Affordable
Late Summer,San Francisco,"Washington, DC",1,United,459.8730367,432.3310743,Not Affordable
Early Summer,San Francisco,Honolulu,1,United,389.4728459,477.5331385,Not Affordable
Early Summer,San Francisco,Honolulu,1,United,389.4728459,477.5331385,Not Affordable
Early Summer,San Francisco,"Washington, DC",1,United,459.8730367,469.0719449,Not Affordable
Early Summer,San Francisco,Honolulu,1,Alaska Airlines,389.4728459,372.9980311,Not Affordable
Late Summer,San Francisco,Nashville,2,United,337.3357337,155.9063382,Affordable
Early Summer,San Francisco,Chicago,5,United,355.3685394,86.0880033,Affordable
Late Summer,San Francisco,San Diego,1,Alaska Airlines,180.3080597,202.7799898,Affordable
Late Summer,San Francisco,Boston,1,JetBlue Airways,425.4126871,379.6846985,Not Affordable
Late Summer,San Francisco,New York,1,Alaska Airlines,517.4829507,392.4371492,Not Affordable
Late Summer,San Francisco,San Diego,1,Frontier Airlines,180.3080597,125.6508587,Affordable
Early Summer,San Francisco,San Diego,3,United,180.3080597,86.46217016,Affordable
Late Summer,San Francisco,New York,1,Alaska Airlines,517.4829507,412.4171169,Not Affordable
Early Summer,San Francisco,Nashville,3,United,337.3357337,105.1247722,Affordable
Late Summer,San Francisco,Chicago,3,United,355.3685394,118.896336,Affordable
Late Summer,San Francisco,"Washington, DC",1,Southwest Airlines,459.8730367,279.0126338,Not Affordable
Early Summer,San Francisco,Chicago,3,United,355.3685394,119.5248444,Affordable
Early Summer,San Francisco,New York,1,Alaska Airlines,517.4829507,378.0828251,Not Affordable
Early Summer,San Francisco,Nashville,1,Alaska Airlines,337.3357337,253.7522988,Not Affordable
Late Summer,San Francisco,"Washington, DC",1,United,459.8730367,432.3310743,Not Affordable
Late Summer,San Francisco,PHL,2,United,384.0539451,167.8829925,Affordable
Late Summer,San Francisco,"Washington, DC",1,United,459.8730367,432.3310743,Not Affordable
Early Summer,San Francisco,Seattle,1,United,212.8712372,284.9485713,Affordable
Early Summer,San Francisco,San Diego,1,Southwest Airlines,180.3080597,197.0121896,Affordable
Late Summer,San Francisco,New York,1,Alaska Airlines,517.4829507,392.4371492,Not Affordable
Late Summer,San Francisco,Boston,1,Delta,425.4126871,396.6848459,Not Affordable
Early Summer,San Francisco,Honolulu,1,United,389.4728459,477.5331385,Not Affordable
Early Summer,San Francisco,Chicago,2,United,355.3685394,203.6728441,Affordable
Late Summer,San Francisco,PHL,1,Alaska Airlines,384.0539451,407.6921045,Affordable
Early Summer,San Francisco,Chicago,1,United,355.3685394,438.6338253,Not Affordable
Late Summer,San Francisco,New York,1,JetBlue Airways,517.4829507,389.3562106,Not Affordable
Late Summer,San Francisco,Chicago,1,Alaska Airlines,355.3685394,358.9908283,Affordable
Late Summer,San Francisco,New York,1,Alaska Airlines,517.4829507,392.4371492,Not Affordable
Late Summer,San Francisco,New York,2,Alaska Airlines,517.4829507,269.810859,Affordable
Late Summer,San Francisco,Portland,2,United,187.1371816,103.9308542,Affordable
Early Summer,San Francisco,Boston,1,United,425.4126871,436.4720575,Not Affordable
Early Summer,San Francisco,Chicago,1,Delta,355.3685394,360.2436744,Not Affordable
Early Summer,San Francisco,Seattle,2,United,212.8712372,128.0013348,Affordable
Late Summer,San Francisco,New York,1,Alaska Airlines,517.4829507,392.4371492,Not Affordable
Late Summer,San Francisco,"Washington, DC",1,Alaska Airlines,459.8730367,355.7955609,Not Affordable
Late Summer,San Francisco,Chicago,2,United,355.3685394,202.0029303,Affordable
Early Summer,San Francisco,PHL,3,Alaska Airlines,384.0539451,140.2502356,Affordable
Early Summer,San Francisco,Nashville,1,Delta,337.3357337,322.55746,Not Affordable
Early Summer,San Francisco,Chicago,1,United,355.3685394,459.0114787,Not Affordable
Early Summer,San Francisco,San Diego,2,United,180.3080597,118.5452791,Affordable
Early Summer,San Francisco,Chicago,3,United,355.3685394,119.5248444,Affordable
Early Summer,San Francisco,New York,1,Alaska Airlines,517.4829507,406.784845,Not Affordable
Late Summer,San Francisco,Chicago,1,United,355.3685394,397.2817117,Not Affordable
Late Summer,San Francisco,Portland,1,United,187.1371816,232.0862122,Affordable
Early Summer,San Francisco,New York,3,Delta,517.4829507,168.7049008,Affordable
Early Summer,San Francisco,Boston,1,JetBlue Airways,425.4126871,392.7225229,Not Affordable
Early Summer,San Francisco,Chicago,2,United,355.3685394,203.6728441,Affordable
Late Summer,San Francisco,Chicago,2,Alaska Airlines,355.3685394,177.3453317,Affordable
Early Summer,San Francisco,Boston,1,United,425.4126871,436.4720575,Not Affordable
Late Summer,San Francisco,New York,1,JetBlue Airways,517.4829507,389.3562106,Not Affordable
Late Summer,San Francisco,PHL,1,United,384.0539451,382.190872,Not Affordable
Early Summer,San Francisco,San Diego,1,Alaska Airlines,180.3080597,207.3832392,Affordable
Late Summer,San Francisco,Boston,1,JetBlue Airways,425.4126871,270.6185508,Not Affordable
Early Summer,San Francisco,"Washington, DC",1,United,459.8730367,469.0719449,Not Affordable
Early Summer,San Francisco,New Orleans,1,United,318.5411406,405.8794838,Not Affordable
Early Summer,San Francisco,Honolulu,2,United,389.4728459,184.9141731,Affordable
Late Summer,San Francisco,"Washington, DC",1,United,459.8730367,432.3310743,Not Affordable
Early Summer,San Francisco,Boston,3,United,425.4126871,120.4036837,Affordable
Early Summer,San Francisco,"Washington, DC",1,United,459.8730367,478.921516,Not Affordable
Late Summer,San Francisco,"Washington, DC",2,United,459.8730367,209.4494421,Affordable
Late Summer,San Francisco,Boston,1,United,425.4126871,418.713752,Not Affordable
Late Summer,San Francisco,San Diego,1,United,180.3080597,248.0589529,Affordable
Late Summer,San Francisco,New York,5,Delta,517.4829507,125.1664794,Affordable
Early Summer,San Francisco,New York,1,Frontier Airlines,517.4829507,182.9025665,Not Affordable
Late Summer,San Francisco,New York,5,Delta,517.4829507,125.1664794,Affordable
Early Summer,San Francisco,Honolulu,2,United,389.4728459,184.9141731,Affordable
Late Summer,San Francisco,Chicago,1,Southwest Airlines,355.3685394,220.0455181,Not Affordable
Late Summer,San Francisco,Nashville,1,United,337.3357337,386.9471422,Not Affordable
Early Summer,San Francisco,Boston,2,JetBlue Airways,425.4126871,214.582518,Affordable
Early Summer,San Francisco,Portland,1,United,187.1371816,241.6657515,Affordable
Early Summer,San Francisco,Boston,1,Delta,425.4126871,433.0364294,Not Affordable
Early Summer,San Francisco,Boston,3,JetBlue Airways,425.4126871,145.2646231,Affordable
Late Summer,San Francisco,Seattle,2,United,212.8712372,121.9032839,Affordable
Early Summer,San Francisco,"Washington, DC",1,Frontier Airlines,459.8730367,180.9331328,Not Affordable
Late Summer,San Francisco,PHL,2,Alaska Airlines,384.0539451,204.2135697,Affordable
Early Summer,San Francisco,New Orleans,1,United,318.5411406,405.8794838,Not Affordable
Early Summer,San Francisco,Honolulu,3,United,389.4728459,109.4583927,Affordable
Early Summer,San Francisco,Boston,1,Delta,425.4126871,433.0364294,Not Affordable
Late Summer,San Francisco,New York,1,Alaska Airlines,517.4829507,392.4371492,Not Affordable
Late Summer,San Francisco,"Washington, DC",2,United,459.8730367,209.4494421,Affordable
Early Summer,San Francisco,Chicago,1,United,355.3685394,385.4037654,Not Affordable
Early Summer,San Francisco,PHL,1,Alaska Airlines,384.0539451,430.5776514,Not Affordable
Late Summer,San Francisco,New York,1,Delta,517.4829507,420.6896488,Not Affordable
Early Summer,San Francisco,New Orleans,1,United,318.5411406,405.8794838,Not Affordable
Early Summer,San Francisco,"Washington, DC",1,United,459.8730367,478.921516,Not Affordable
Early Summer,San Francisco,PHL,1,Alaska Airlines,384.0539451,430.5776514,Not Affordable
Late Summer,San Francisco,New York,2,Delta,517.4829507,268.0126979,Affordable
Early Summer,San Francisco,Nashville,1,Delta,337.3357337,307.9770235,Not Affordable
Early Summer,San Francisco,Boston,1,Delta,425.4126871,421.0586829,Not Affordable
Late Summer,San Francisco,Chicago,1,United,355.3685394,446.9245953,Not Affordable
Early Summer,San Francisco,Chicago,1,Frontier Airlines,355.3685394,148.6524562,Not Affordable
Late Summer,San Francisco,New Orleans,1,Southwest Airlines,318.5411406,218.2710797,Affordable
Early Summer,San Francisco,San Diego,1,Southwest Airlines,180.3080597,197.0121896,Affordable
Early Summer,San Francisco,New York,1,Alaska Airlines,517.4829507,406.784845,Not Affordable
Late Summer,San Francisco,PHL,1,Alaska Airlines,384.0539451,407.6921045,Affordable
Late Summer,San Francisco,Seattle,2,United,212.8712372,121.9032839,Affordable
Late Summer,San Francisco,New Orleans,1,Southwest Airlines,318.5411406,222.9855976,Affordable
Early Summer,San Francisco,PHL,1,Alaska Airlines,384.0539451,386.9852822,Not Affordable
Late Summer,San Francisco,Portland,2,United,187.1371816,103.9308542,Affordable
Early Summer,San Francisco,New York,4,Delta,517.4829507,140.9884138,Affordable
Early Summer,San Francisco,Boston,1,United,425.4126871,436.4720575,Not Affordable
Early Summer,San Francisco,Seattle,5,Alaska Airlines,212.8712372,73.04223488,Affordable
Late Summer,San Francisco,"Washington, DC",1,United,459.8730367,329.9813881,Not Affordable
Late Summer,San Francisco,Boston,1,Alaska Airlines,425.4126871,256.1005185,Not Affordable
Late Summer,San Francisco,Nashville,1,Alaska Airlines,337.3357337,290.9983371,Affordable
Late Summer,San Francisco,"Washington, DC",1,United,459.8730367,432.3310743,Not Affordable
Early Summer,San Francisco,"Washington, DC",1,Frontier Airlines,459.8730367,180.9331328,Not Affordable
Early Summer,San Francisco,Seattle,3,United,212.8712372,86.79315965,Affordable
Early Summer,San Francisco,Seattle,2,United,212.8712372,128.0013348,Affordable
Early Summer,San Francisco,Boston,1,Alaska Airlines,425.4126871,347.5553667,Not Affordable
Late Summer,San Francisco,PHL,4,Alaska Airlines,384.0539451,116.1099995,Affordable
Early Summer,San Francisco,Chicago,1,United,355.3685394,459.0114787,Not Affordable
Late Summer,San Francisco,Chicago,1,Alaska Airlines,355.3685394,304.0376476,Affordable
Early Summer,San Francisco,Seattle,1,United,212.8712372,284.9485713,Affordable
Early Summer,San Francisco,"Washington, DC",3,United,459.8730367,136.7886002,Affordable
Late Summer,San Francisco,Boston,1,Alaska Airlines,425.4126871,341.0096504,Not Affordable
Early Summer,San Francisco,"Washington, DC",1,United,459.8730367,478.921516,Not Affordable
Late Summer,San Francisco,"Washington, DC",2,United,459.8730367,209.4494421,Affordable
Late Summer,San Francisco,Chicago,1,Southwest Airlines,355.3685394,222.5390838,Not Affordable
Late Summer,San Francisco,San Diego,1,United,180.3080597,248.0589529,Affordable
Early Summer,San Francisco,San Diego,1,United,180.3080597,260.558361,Affordable
Early Summer,San Francisco,Seattle,1,Delta,212.8712372,230.8142753,Affordable
Early Summer,San Francisco,New Orleans,2,United,318.5411406,181.7268639,Affordable
Early Summer,San Francisco,Boston,1,JetBlue Airways,425.4126871,392.7225229,Not Affordable
Early Summer,San Francisco,Seattle,1,Alaska Airlines,212.8712372,257.1828494,Affordable
Early Summer,San Francisco,Boston,1,JetBlue Airways,425.4126871,392.7225229,Not Affordable
Late Summer,San Francisco,"Washington, DC",2,Alaska Airlines,459.8730367,183.7513507,Affordable
Early Summer,San Francisco,"Washington, DC",1,Delta,459.8730367,401.1740891,Not Affordable
Early Summer,San Francisco,"Washington, DC",1,United,459.8730367,478.921516,Not Affordable
Late Summer,San Francisco,"Washington, DC",1,Alaska Airlines,459.8730367,370.8671934,Not Affordable
Early Summer,San Francisco,New York,1,JetBlue Airways,517.4829507,410.2589877,Not Affordable
Late Summer,San Francisco,New York,1,Alaska Airlines,517.4829507,239.2668504,Not Affordable
Late Summer,San Francisco,Nashville,2,United,337.3357337,155.9063382,Affordable
Late Summer,San Francisco,Seattle,2,United,212.8712372,121.9032839,Affordable
Late Summer,San Francisco,Chicago,2,United,355.3685394,202.0029303,Affordable
Early Summer,San Francisco,New York,1,JetBlue Airways,517.4829507,410.2589877,Not Affordable
Early Summer,San Francisco,Nashville,1,United,337.3357337,400.5288748,Not Affordable
Early Summer,San Francisco,Portland,1,Alaska Airlines,187.1371816,207.7566114,Affordable
Late Summer,San Francisco,Chicago,1,Alaska Airlines,355.3685394,358.9908283,Affordable
Early Summer,San Francisco,New York,2,JetBlue Airways,517.4829507,258.8872353,Affordable
Late Summer,San Francisco,Nashville,1,United,337.3357337,386.9471422,Not Affordable
Late Summer,San Francisco,Boston,1,Delta,425.4126871,397.6109453,Not Affordable
Late Summer,San Francisco,"Washington, DC",1,United,459.8730367,432.3310743,Not Affordable
Early Summer,San Francisco,New Orleans,1,United,318.5411406,405.8794838,Not Affordable
Early Summer,San Francisco,Boston,1,Southwest Airlines,425.4126871,266.7811291,Not Affordable
Early Summer,San Francisco,"Washington, DC",1,United,459.8730367,478.921516,Not Affordable
Early Summer,San Francisco,Boston,1,JetBlue Airways,425.4126871,392.7225229,Not Affordable
Late Summer,San Francisco,Seattle,1,Alaska Airlines,212.8712372,251.0942672,Affordable
Early Summer,San Francisco,"Washington, DC",1,United,459.8730367,478.921516,Not Affordable
Early Summer,San Francisco,Chicago,6,United,355.3685394,86.46273091,Affordable
Late Summer,San Francisco,New York,1,Alaska Airlines,517.4829507,412.4171169,Not Affordable
Late Summer,San Francisco,Portland,2,United,187.1371816,103.9308542,Affordable
Late Summer,San Francisco,New York,5,Alaska Airlines,517.4829507,100.0484495,Affordable
Late Summer,San Francisco,"Washington, DC",2,Alaska Airlines,459.8730367,183.7513507,Affordable
Early Summer,San Francisco,Chicago,1,Frontier Airlines,355.3685394,148.6524562,Not Affordable
Late Summer,San Francisco,Seattle,1,Delta,212.8712372,214.4417326,Affordable
Early Summer,San Francisco,New Orleans,1,United,318.5411406,405.8794838,Not Affordable
Early Summer,San Francisco,"Washington, DC",1,United,459.8730367,478.921516,Not Affordable
Late Summer,San Francisco,"Washington, DC",1,Delta,459.8730367,384.8541305,Not Affordable
Late Summer,San Francisco,New York,1,Alaska Airlines,517.4829507,337.8276423,Not Affordable
Early Summer,San Francisco,New York,1,Alaska Airlines,517.4829507,372.596451,Not Affordable
Early Summer,San Francisco,PHL,1,Alaska Airlines,384.0539451,430.5776514,Not Affordable
Late Summer,San Francisco,"Washington, DC",1,United,459.8730367,432.3310743,Not Affordable
Late Summer,San Francisco,New York,1,Delta,517.4829507,502.7529872,Not Affordable
Late Summer,San Francisco,"Washington, DC",2,United,459.8730367,209.4494421,Affordable
Early Summer,San Francisco,Portland,1,Alaska Airlines,187.1371816,207.7566114,Affordable
Early Summer,San Francisco,"Washington, DC",1,Delta,459.8730367,439.0814586,Not Affordable
Early Summer,San Francisco,New York,1,Delta,517.4829507,460.3048532,Not Affordable
Late Summer,San Francisco,Chicago,2,United,355.3685394,202.0029303,Affordable
Late Summer,San Francisco,New York,1,Delta,517.4829507,365.8226333,Not Affordable
Early Summer,San Francisco,New York,1,Southwest Airlines,517.4829507,275.7089033,Not Affordable
Late Summer,San Francisco,New York,1,Southwest Airlines,517.4829507,218.9456865,Not Affordable
Late Summer,San Francisco,New York,1,JetBlue Airways,517.4829507,389.3562106,Not Affordable
Late Summer,San Francisco,Portland,1,Frontier Airlines,187.1371816,120.5147463,Affordable
Late Summer,San Francisco,Portland,1,United,187.1371816,232.0862122,Affordable
Early Summer,San Francisco,Boston,1,JetBlue Airways,425.4126871,392.7225229,Not Affordable
Late Summer,San Francisco,Honolulu,1,United,389.4728459,446.7650287,Not Affordable
Early Summer,San Francisco,Portland,2,United,187.1371816,106.7641789,Affordable
Early Summer,San Francisco,Nashville,1,Southwest Airlines,337.3357337,307.4710682,Not Affordable
Late Summer,San Francisco,New York,1,Delta,517.4829507,389.1262053,Not Affordable
Late Summer,San Francisco,Nashville,1,United,337.3357337,386.9471422,Not Affordable
Early Summer,San Francisco,Boston,4,United,425.4126871,94.00911268,Affordable
Early Summer,San Francisco,PHL,1,Alaska Airlines,384.0539451,339.1850624,Not Affordable
Late Summer,San Francisco,Boston,3,JetBlue Airways,425.4126871,140.6442482,Affordable
Late Summer,San Francisco,Honolulu,1,United,389.4728459,446.7650287,Not Affordable
Late Summer,San Francisco,Seattle,1,Alaska Airlines,212.8712372,251.0942672,Affordable
Late Summer,San Francisco,PHL,2,Delta,384.0539451,71.98548488,Affordable
Late Summer,San Francisco,"Washington, DC",1,Alaska Airlines,459.8730367,371.3713658,Not Affordable
Early Summer,San Francisco,Boston,1,JetBlue Airways,425.4126871,392.7225229,Not Affordable
Late Summer,San Francisco,"Washington, DC",1,United,459.8730367,432.3310743,Not Affordable
Late Summer,San Francisco,Boston,1,JetBlue Airways,425.4126871,379.6846985,Not Affordable
Early Summer,San Francisco,"Washington, DC",2,United,459.8730367,191.0490799,Affordable
Late Summer,San Francisco,San Diego,1,Southwest Airlines,180.3080597,181.9541378,Affordable
Late Summer,San Francisco,Chicago,1,United,355.3685394,446.9245953,Not Affordable
Late Summer,San Francisco,PHL,1,Alaska Airlines,384.0539451,407.6921045,Affordable
Early Summer,San Francisco,New York,1,Delta,517.4829507,460.3048532,Not Affordable
Late Summer,San Francisco,Chicago,2,Alaska Airlines,355.3685394,130.7439311,Affordable
Early Summer,San Francisco,San Diego,2,United,180.3080597,118.5452791,Affordable
Late Summer,San Francisco,Nashville,1,United,337.3357337,369.6066215,Not Affordable
Late Summer,San Francisco,"Washington, DC",1,Alaska Airlines,459.8730367,371.3713658,Not Affordable
Early Summer,San Francisco,Seattle,3,Alaska Airlines,212.8712372,94.65064701,Affordable
Early Summer,San Francisco,New York,1,Delta,517.4829507,353.4068836,Not Affordable
Late Summer,San Francisco,PHL,1,Alaska Airlines,384.0539451,317.2346259,Affordable
Early Summer,San Francisco,New York,1,United,517.4829507,375.0340182,Not Affordable
Late Summer,San Francisco,Seattle,2,United,212.8712372,121.9032839,Affordable
Late Summer,San Francisco,Honolulu,2,United,389.4728459,184.0232892,Affordable
Late Summer,San Francisco,Boston,1,United,425.4126871,336.2330006,Not Affordable
Late Summer,San Francisco,New York,3,Delta,517.4829507,174.5597045,Affordable
Early Summer,San Francisco,PHL,1,Alaska Airlines,384.0539451,386.9852822,Not Affordable
Late Summer,San Francisco,New York,1,Alaska Airlines,517.4829507,392.4371492,Not Affordable
Early Summer,San Francisco,"Washington, DC",1,Alaska Airlines,459.8730367,426.4986197,Not Affordable
Late Summer,San Francisco,"Washington, DC",1,United,459.8730367,432.3310743,Not Affordable
Late Summer,San Francisco,Boston,2,Alaska Airlines,425.4126871,120.3452033,Affordable
Late Summer,San Francisco,"Washington, DC",1,United,459.8730367,432.3310743,Not Affordable
Early Summer,San Francisco,Nashville,1,Alaska Airlines,337.3357337,294.066718,Not Affordable
Early Summer,San Francisco,"Washington, DC",1,Alaska Airlines,459.8730367,421.2138044,Not Affordable
Early Summer,San Francisco,New York,2,JetBlue Airways,517.4829507,258.8872353,Affordable
Late Summer,San Francisco,New York,1,Delta,517.4829507,338.0085789,Not Affordable
Early Summer,San Francisco,Seattle,1,Alaska Airlines,212.8712372,257.1828494,Affordable
Early Summer,San Francisco,PHL,2,Alaska Airlines,384.0539451,207.2670442,Affordable
Late Summer,San Francisco,New Orleans,1,Alaska Airlines,318.5411406,277.1354124,Affordable
Late Summer,San Francisco,New York,5,Delta,517.4829507,125.1664794,Affordable
Late Summer,San Francisco,PHL,1,Alaska Airlines,384.0539451,407.6921045,Affordable
Late Summer,San Francisco,New York,1,Frontier Airlines,517.4829507,170.387906,Not Affordable
Late Summer,San Francisco,"Washington, DC",1,United,459.8730367,414.5662692,Not Affordable
Late Summer,San Francisco,"Washington, DC",1,United,459.8730367,432.3310743,Not Affordable
Early Summer,San Francisco,Portland,1,United,187.1371816,241.6657515,Affordable
Late Summer,San Francisco,Seattle,2,United,212.8712372,121.9032839,Affordable
Early Summer,San Francisco,New York,1,JetBlue Airways,517.4829507,410.2589877,Not Affordable
Late Summer,San Francisco,"Washington, DC",1,Frontier Airlines,459.8730367,171.3042089,Not Affordable
Early Summer,San Francisco,Seattle,1,Alaska Airlines,212.8712372,257.1828494,Affordable
Late Summer,San Francisco,"Washington, DC",1,United,459.8730367,432.3310743,Not Affordable
Early Summer,San Francisco,New York,1,Alaska Airlines,517.4829507,406.784845,Not Affordable
Early Summer,San Francisco,Boston,1,United,425.4126871,436.4720575,Not Affordable
Late Summer,San Francisco,Nashville,2,Southwest Airlines,337.3357337,142.1702318,Affordable
Early Summer,San Francisco,San Diego,1,Alaska Airlines,180.3080597,207.3832392,Affordable
Early Summer,San Francisco,New York,1,Frontier Airlines,517.4829507,158.9062369,Not Affordable
Late Summer,San Francisco,Seattle,1,United,212.8712372,272.1478904,Affordable
Early Summer,San Francisco,Portland,2,United,187.1371816,106.7641789,Affordable
Early Summer,San Francisco,Chicago,1,United,355.3685394,459.0114787,Not Affordable
Late Summer,San Francisco,New York,1,Alaska Airlines,517.4829507,412.4171169,Not Affordable
Late Summer,San Francisco,Boston,1,JetBlue Airways,425.4126871,298.5208481,Not Affordable
Late Summer,San Francisco,"Washington, DC",1,United,459.8730367,432.3310743,Not Affordable
Early Summer,San Francisco,New Orleans,1,Southwest Airlines,318.5411406,254.9419145,Not Affordable
Early Summer,San Francisco,Nashville,2,United,337.3357337,157.4110449,Affordable
Late Summer,San Francisco,Chicago,1,United,355.3685394,389.0082931,Not Affordable
Early Summer,San Francisco,New York,2,Alaska Airlines,517.4829507,215.1748703,Affordable
Late Summer,San Francisco,PHL,2,Alaska Airlines,384.0539451,204.2135697,Affordable
Early Summer,San Francisco,Chicago,2,United,355.3685394,203.6728441,Affordable
Early Summer,San Francisco,"Washington, DC",1,Delta,459.8730367,395.0140353,Not Affordable
Late Summer,San Francisco,New York,2,Delta,517.4829507,268.0126979,Affordable
Late Summer,San Francisco,Honolulu,2,United,389.4728459,124.4289038,Affordable
Late Summer,San Francisco,San Diego,1,Southwest Airlines,180.3080597,181.9541378,Affordable
Late Summer,San Francisco,Chicago,1,Southwest Airlines,355.3685394,220.0455181,Not Affordable
Early Summer,San Francisco,Chicago,1,United,355.3685394,459.0114787,Not Affordable
Late Summer,San Francisco,Boston,1,JetBlue Airways,425.4126871,270.6185508,Not Affordable
Late Summer,San Francisco,Chicago,2,Delta,355.3685394,141.9349686,Affordable
Early Summer,San Francisco,Honolulu,2,United,389.4728459,184.9141731,Affordable
Early Summer,San Francisco,Chicago,1,United,355.3685394,459.0114787,Not Affordable
Early Summer,San Francisco,Nashville,1,United,337.3357337,400.5288748,Not Affordable
Late Summer,San Francisco,Nashville,1,United,337.3357337,386.9471422,Not Affordable
Early Summer,San Francisco,San Diego,1,Southwest Airlines,180.3080597,197.0121896,Affordable
Late Summer,San Francisco,"Washington, DC",1,United,459.8730367,432.3310743,Not Affordable
Early Summer,San Francisco,Boston,1,United,425.4126871,436.4720575,Not Affordable
Late Summer,San Francisco,San Diego,1,Southwest Airlines,180.3080597,181.9541378,Affordable
Late Summer,San Francisco,Honolulu,1,United,389.4728459,359.8847436,Not Affordable
Early Summer,San Francisco,Chicago,1,United,355.3685394,420.1548442,Not Affordable
Early Summer,San Francisco,"Washington, DC",1,United,459.8730367,469.0719449,Not Affordable
Late Summer,San Francisco,Boston,1,Alaska Airlines,425.4126871,341.0096504,Not Affordable
Early Summer,San Francisco,New York,1,Alaska Airlines,517.4829507,432.2613235,Not Affordable
Late Summer,San Francisco,Chicago,2,Frontier Airlines,355.3685394,82.3326274,Affordable
Late Summer,San Francisco,PHL,1,Southwest Airlines,384.0539451,280.4397878,Not Affordable
Late Summer,San Francisco,New Orleans,2,Delta,318.5411406,109.2853269,Affordable
Early Summer,San Francisco,PHL,1,United,384.0539451,420.0036864,Not Affordable
Late Summer,San Francisco,"Washington, DC",1,United,459.8730367,381.1753149,Not Affordable
Early Summer,San Francisco,Honolulu,1,United,389.4728459,477.5331385,Not Affordable
Late Summer,San Francisco,Boston,4,United,425.4126871,91.66202414,Affordable
Late Summer,San Francisco,New York,2,Delta,517.4829507,268.0126979,Affordable
Early Summer,San Francisco,Seattle,1,Alaska Airlines,212.8712372,257.1828494,Affordable
Early Summer,San Francisco,PHL,2,Alaska Airlines,384.0539451,207.2670442,Affordable
Early Summer,San Francisco,Boston,1,Delta,425.4126871,433.0364294,Not Affordable
Early Summer,San Francisco,Nashville,1,Southwest Airlines,337.3357337,286.122549,Not Affordable
Late Summer,San Francisco,PHL,4,Alaska Airlines,384.0539451,116.1099995,Affordable
Late Summer,San Francisco,New York,1,Southwest Airlines,517.4829507,241.5225554,Not Affordable
Late Summer,San Francisco,Chicago,1,Alaska Airlines,355.3685394,304.0376476,Affordable
Late Summer,San Francisco,Seattle,3,Alaska Airlines,212.8712372,97.29984268,Affordable
Early Summer,San Francisco,San Diego,1,United,180.3080597,260.558361,Affordable
Early Summer,San Francisco,New York,1,JetBlue Airways,517.4829507,410.2589877,Not Affordable
Early Summer,San Francisco,PHL,1,United,384.0539451,411.6173178,Not Affordable
Early Summer,San Francisco,New York,1,Alaska Airlines,517.4829507,432.2613235,Not Affordable
Late Summer,San Francisco,New York,3,JetBlue Airways,517.4829507,177.2476079,Affordable
Early Summer,San Francisco,Boston,1,JetBlue Airways,425.4126871,392.7225229,Not Affordable
Late Summer,San Francisco,New York,1,Delta,517.4829507,515.2012139,Not Affordable
Early Summer,San Francisco,PHL,2,Alaska Airlines,384.0539451,207.2670442,Affordable
Early Summer,San Francisco,New Orleans,1,Delta,318.5411406,300.4784826,Affordable
Early Summer,San Francisco,PHL,1,Alaska Airlines,384.0539451,430.5776514,Not Affordable
Late Summer,San Francisco,New York,1,JetBlue Airways,517.4829507,389.3562106,Not Affordable
Early Summer,San Francisco,New York,1,United,517.4829507,416.5585006,Not Affordable
Early Summer,San Francisco,San Diego,1,Alaska Airlines,180.3080597,207.3832392,Affordable
Early Summer,San Francisco,Seattle,2,United,212.8712372,128.0013348,Affordable
Late Summer,San Francisco,PHL,1,United,384.0539451,382.190872,Not Affordable
Late Summer,San Francisco,Seattle,1,Alaska Airlines,212.8712372,251.0942672,Affordable
Early Summer,San Francisco,Seattle,1,Alaska Airlines,212.8712372,257.1828494,Affordable
Early Summer,San Francisco,New Orleans,1,Alaska Airlines,318.5411406,290.1105271,Affordable
Early Summer,San Francisco,Portland,1,Alaska Airlines,187.1371816,196.0573005,Affordable
Early Summer,San Francisco,"Washington, DC",1,Alaska Airlines,459.8730367,426.4986197,Not Affordable
Late Summer,San Francisco,Chicago,1,Alaska Airlines,355.3685394,304.0376476,Affordable
Late Summer,San Francisco,Chicago,4,Alaska Airlines,355.3685394,87.67816223,Affordable
Early Summer,San Francisco,"Washington, DC",4,United,459.8730367,107.0897204,Affordable
Early Summer,San Francisco,Seattle,1,Alaska Airlines,212.8712372,193.3033629,Affordable
Early Summer,San Francisco,San Diego,1,United,180.3080597,260.558361,Affordable
Early Summer,San Francisco,Chicago,1,Alaska Airlines,355.3685394,372.050438,Not Affordable
Early Summer,San Francisco,Chicago,1,Southwest Airlines,355.3685394,255.8259303,Not Affordable
Early Summer,San Francisco,Nashville,1,Alaska Airlines,337.3357337,312.1458458,Not Affordable
Early Summer,San Francisco,New Orleans,1,Alaska Airlines,318.5411406,290.1105271,Affordable
Early Summer,San Francisco,San Diego,2,United,180.3080597,118.5452791,Affordable
Late Summer,San Francisco,Boston,1,Alaska Airlines,425.4126871,341.0096504,Not Affordable
Early Summer,San Francisco,Boston,1,Alaska Airlines,425.4126871,352.4295884,Not Affordable
Late Summer,San Francisco,New Orleans,1,Delta,318.5411406,249.0605956,Affordable
Late Summer,San Francisco,Boston,1,JetBlue Airways,425.4126871,379.6846985,Not Affordable
Late Summer,San Francisco,New York,1,Alaska Airlines,517.4829507,392.4371492,Not Affordable
Early Summer,San Francisco,Boston,1,Delta,425.4126871,433.0364294,Not Affordable
Early Summer,San Francisco,Portland,1,Alaska Airlines,187.1371816,207.7566114,Affordable
Late Summer,San Francisco,Chicago,2,Alaska Airlines,355.3685394,177.3453317,Affordable
Late Summer,San Francisco,Boston,1,Delta,425.4126871,397.6109453,Not Affordable
Early Summer,San Francisco,Seattle,1,United,212.8712372,284.9485713,Affordable
Early Summer,San Francisco,New York,4,Southwest Airlines,517.4829507,73.82835176,Affordable
Early Summer,San Francisco,New York,1,Frontier Airlines,517.4829507,157.2157384,Not Affordable
Early Summer,San Francisco,New York,1,Southwest Airlines,517.4829507,244.826565,Not Affordable
Late Summer,San Francisco,New York,1,Alaska Airlines,517.4829507,392.4371492,Not Affordable
Early Summer,San Francisco,Boston,1,United,425.4126871,436.4720575,Not Affordable
Early Summer,San Francisco,Portland,1,United,187.1371816,241.6657515,Affordable
Late Summer,San Francisco,New York,1,Alaska Airlines,517.4829507,412.4171169,Not Affordable
Late Summer,San Francisco,New York,1,Alaska Airlines,517.4829507,418.7214021,Not Affordable
Early Summer,San Francisco,Boston,1,Alaska Airlines,425.4126871,352.4295884,Not Affordable
Early Summer,San Francisco,Chicago,1,United,355.3685394,459.0114787,Not Affordable
Early Summer,San Francisco,New York,1,Alaska Airlines,517.4829507,406.784845,Not Affordable
Early Summer,San Francisco,PHL,2,Alaska Airlines,384.0539451,207.2670442,Affordable
Early Summer,San Francisco,"Washington, DC",1,Delta,459.8730367,423.5967636,Not Affordable
Late Summer,San Francisco,Seattle,2,United,212.8712372,121.9032839,Affordable
Early Summer,San Francisco,"Washington, DC",1,United,459.8730367,478.921516,Not Affordable
Early Summer,San Francisco,New York,2,JetBlue Airways,517.4829507,258.8872353,Affordable
Late Summer,San Francisco,Chicago,1,Alaska Airlines,355.3685394,330.9229232,Affordable
Early Summer,San Francisco,Seattle,3,United,212.8712372,86.79315965,Affordable
Early Summer,San Francisco,Chicago,1,United,355.3685394,459.0114787,Not Affordable
Late Summer,San Francisco,Honolulu,1,United,389.4728459,446.7650287,Not Affordable
Early Summer,San Francisco,Boston,4,United,425.4126871,94.00911268,Affordable
Late Summer,San Francisco,Boston,1,JetBlue Airways,425.4126871,379.6846985,Not Affordable
Early Summer,San Francisco,New York,1,Delta,517.4829507,460.3048532,Not Affordable
Early Summer,San Francisco,PHL,1,Alaska Airlines,384.0539451,430.5776514,Not Affordable
Early Summer,San Francisco,Nashville,1,United,337.3357337,400.5288748,Not Affordable
Late Summer,San Francisco,New York,1,Delta,517.4829507,420.6896488,Not Affordable
Early Summer,San Francisco,San Diego,1,United,180.3080597,260.558361,Affordable
Early Summer,San Francisco,"Washington, DC",1,United,459.8730367,478.921516,Not Affordable
Late Summer,San Francisco,Chicago,1,Alaska Airlines,355.3685394,304.0376476,Affordable
Late Summer,San Francisco,Chicago,1,Alaska Airlines,355.3685394,304.0376476,Affordable
Early Summer,San Francisco,New York,3,Delta,517.4829507,168.7049008,Affordable
Late Summer,San Francisco,New York,2,Alaska Airlines,517.4829507,225.8884498,Affordable
Early Summer,San Francisco,"Washington, DC",1,United,459.8730367,469.0719449,Not Affordable
Early Summer,San Francisco,"Washington, DC",1,United,459.8730367,478.921516,Not Affordable
Early Summer,San Francisco,PHL,1,Delta,384.0539451,376.8427862,Not Affordable
Early Summer,San Francisco,"Washington, DC",5,United,459.8730367,94.54061995,Affordable
Early Summer,San Francisco,San Diego,1,Alaska Airlines,180.3080597,207.3832392,Affordable
Late Summer,San Francisco,New York,2,Delta,517.4829507,268.0126979,Affordable
Late Summer,San Francisco,Boston,2,United,425.4126871,194.9766636,Affordable
Early Summer,San Francisco,Portland,1,Alaska Airlines,187.1371816,207.7566114,Affordable
Early Summer,San Francisco,Chicago,2,United,355.3685394,203.6728441,Affordable
Late Summer,San Francisco,Seattle,1,United,212.8712372,272.1478904,Affordable
Early Summer,San Francisco,"Washington, DC",1,United,459.8730367,478.921516,Not Affordable
Late Summer,San Francisco,PHL,2,Alaska Airlines,384.0539451,204.2135697,Affordable
Late Summer,San Francisco,San Diego,2,United,180.3080597,111.1674109,Affordable
Late Summer,San Francisco,PHL,1,Frontier Airlines,384.0539451,170.5086356,Not Affordable
Early Summer,San Francisco,Seattle,1,Delta,212.8712372,338.8637919,Affordable
Late Summer,San Francisco,Chicago,1,United,355.3685394,278.5889961,Not Affordable
Early Summer,San Francisco,New York,6,JetBlue Airways,517.4829507,135.0621057,Affordable
Early Summer,San Francisco,Boston,1,United,425.4126871,436.4720575,Not Affordable
Early Summer,San Francisco,New York,1,Frontier Airlines,517.4829507,182.9025665,Not Affordable
Early Summer,San Francisco,PHL,1,Frontier Airlines,384.0539451,164.2039317,Not Affordable
Early Summer,San Francisco,"Washington, DC",1,Frontier Airlines,459.8730367,180.9331328,Not Affordable
Early Summer,San Francisco,New York,1,United,517.4829507,384.5378754,Not Affordable
Late Summer,San Francisco,"Washington, DC",1,United,459.8730367,432.3310743,Not Affordable
Late Summer,San Francisco,"Washington, DC",3,United,459.8730367,122.5653645,Affordable
Late Summer,San Francisco,New York,2,JetBlue Airways,517.4829507,259.5844956,Affordable
Late Summer,San Francisco,Boston,3,JetBlue Airways,425.4126871,140.6442482,Affordable
Early Summer,San Francisco,"Washington, DC",1,United,459.8730367,478.921516,Not Affordable
Early Summer,San Francisco,"Washington, DC",1,United,459.8730367,478.921516,Not Affordable
Late Summer,San Francisco,Boston,1,JetBlue Airways,425.4126871,266.0807312,Not Affordable
Early Summer,San Francisco,Seattle,1,Delta,212.8712372,230.8142753,Affordable
Early Summer,San Francisco,New York,1,JetBlue Airways,517.4829507,410.2589877,Not Affordable
Late Summer,San Francisco,Seattle,1,United,212.8712372,272.1478904,Affordable
Late Summer,San Francisco,San Diego,1,United,180.3080597,248.0589529,Affordable
Early Summer,San Francisco,Chicago,1,Frontier Airlines,355.3685394,148.6524562,Not Affordable
Late Summer,San Francisco,Boston,1,Alaska Airlines,425.4126871,274.9459802,Not Affordable
Early Summer,San Francisco,Portland,1,Alaska Airlines,187.1371816,207.7566114,Affordable
Early Summer,San Francisco,New York,4,Delta,517.4829507,140.9884138,Affordable
Early Summer,San Francisco,Chicago,1,United,355.3685394,459.0114787,Not Affordable
Early Summer,San Francisco,"Washington, DC",1,United,459.8730367,480.6639165,Not Affordable
Late Summer,San Francisco,PHL,3,Alaska Airlines,384.0539451,142.3400172,Affordable
Late Summer,San Francisco,New York,1,Delta,517.4829507,420.6896488,Not Affordable
Late Summer,San Francisco,Nashville,1,United,337.3357337,386.9471422,Not Affordable
Early Summer,San Francisco,Seattle,2,Delta,212.8712372,101.6438785,Affordable
Early Summer,San Francisco,Boston,2,United,425.4126871,198.7268531,Affordable
Late Summer,San Francisco,Boston,1,United,425.4126871,418.713752,Not Affordable
Early Summer,San Francisco,New Orleans,1,Delta,318.5411406,303.2985827,Affordable
Early Summer,San Francisco,New York,1,Delta,517.4829507,460.3048532,Not Affordable
Late Summer,San Francisco,Boston,1,United,425.4126871,369.4767212,Not Affordable
Late Summer,San Francisco,Honolulu,2,Alaska Airlines,389.4728459,145.9504499,Affordable
Late Summer,San Francisco,New York,1,Delta,517.4829507,389.1262053,Not Affordable
Early Summer,San Francisco,Honolulu,1,United,389.4728459,336.647547,Not Affordable
Late Summer,San Francisco,"Washington, DC",1,United,459.8730367,432.3310743,Not Affordable
Early Summer,San Francisco,Seattle,1,Delta,212.8712372,230.8142753,Affordable
Late Summer,San Francisco,"Washington, DC",1,United,459.8730367,432.3310743,Not Affordable
Early Summer,San Francisco,New York,1,Delta,517.4829507,467.2959079,Not Affordable
Early Summer,San Francisco,San Diego,1,United,180.3080597,260.558361,Affordable
Late Summer,San Francisco,Honolulu,2,Alaska Airlines,389.4728459,145.9504499,Affordable
Late Summer,San Francisco,"Washington, DC",1,United,459.8730367,432.3310743,Not Affordable
Late Summer,San Francisco,San Diego,1,Frontier Airlines,180.3080597,125.6508587,Affordable
Early Summer,San Francisco,Chicago,4,United,355.3685394,96.10531727,Affordable
Early Summer,San Francisco,New York,1,Alaska Airlines,517.4829507,362.7699168,Not Affordable
Late Summer,San Francisco,New York,1,JetBlue Airways,517.4829507,272.2419833,Not Affordable
Early Summer,San Francisco,New York,6,Delta,517.4829507,110.1861572,Affordable
Late Summer,San Francisco,New York,1,Alaska Airlines,517.4829507,412.4171169,Not Affordable
Late Summer,San Francisco,"Washington, DC",5,Alaska Airlines,459.8730367,70.79881949,Affordable
Early Summer,San Francisco,"Washington, DC",1,Alaska Airlines,459.8730367,426.4986197,Not Affordable
Early Summer,San Francisco,Chicago,2,Alaska Airlines,355.3685394,129.8616727,Affordable
Late Summer,San Francisco,New York,1,Delta,517.4829507,322.2926276,Not Affordable
Early Summer,San Francisco,San Diego,2,Alaska Airlines,180.3080597,98.05532505,Affordable
Early Summer,San Francisco,PHL,1,Alaska Airlines,384.0539451,430.5776514,Not Affordable
Late Summer,San Francisco,Seattle,3,United,212.8712372,81.7365141,Affordable
Early Summer,San Francisco,San Diego,1,United,180.3080597,260.558361,Affordable
Late Summer,San Francisco,Honolulu,1,Delta,389.4728459,226.2041963,Not Affordable
Early Summer,San Francisco,New York,1,Delta,517.4829507,460.3048532,Not Affordable
Early Summer,San Francisco,Chicago,1,Alaska Airlines,355.3685394,372.050438,Not Affordable
Late Summer,San Francisco,New York,4,Alaska Airlines,517.4829507,121.1764746,Affordable
Late Summer,San Francisco,San Diego,1,United,180.3080597,248.0589529,Affordable
Early Summer,San Francisco,"Washington, DC",1,United,459.8730367,412.5662192,Not Affordable
Late Summer,San Francisco,Seattle,1,Alaska Airlines,212.8712372,251.0942672,Affordable
Late Summer,San Francisco,"Washington, DC",1,United,459.8730367,432.3310743,Not Affordable
Early Summer,San Francisco,New York,1,Alaska Airlines,517.4829507,432.2613235,Not Affordable
Late Summer,San Francisco,"Washington, DC",1,Alaska Airlines,459.8730367,370.8671934,Not Affordable
Early Summer,San Francisco,Nashville,1,United,337.3357337,400.5288748,Not Affordable
Early Summer,San Francisco,PHL,1,United,384.0539451,411.6173178,Not Affordable
Late Summer,San Francisco,"Washington, DC",1,United,459.8730367,432.3310743,Not Affordable
Early Summer,San Francisco,Boston,1,Alaska Airlines,425.4126871,352.4295884,Not Affordable
Early Summer,San Francisco,Honolulu,1,Alaska Airlines,389.4728459,372.9980311,Not Affordable
Early Summer,San Francisco,Chicago,1,United,355.3685394,438.6338253,Not Affordable
Early Summer,San Francisco,San Diego,1,Southwest Airlines,180.3080597,197.0121896,Affordable
Early Summer,San Francisco,Portland,1,Frontier Airlines,187.1371816,116.794565,Affordable
Early Summer,San Francisco,Nashville,1,United,337.3357337,400.5288748,Not Affordable
Late Summer,San Francisco,Boston,1,Alaska Airlines,425.4126871,341.0096504,Not Affordable
Late Summer,San Francisco,San Diego,1,United,180.3080597,248.0589529,Affordable
Late Summer,San Francisco,Seattle,1,United,212.8712372,272.1478904,Affordable
Early Summer,San Francisco,New Orleans,1,United,318.5411406,405.8794838,Not Affordable
Late Summer,San Francisco,Chicago,2,Alaska Airlines,355.3685394,130.7439311,Affordable
Late Summer,San Francisco,"Washington, DC",1,Delta,459.8730367,384.8541305,Not Affordable
Early Summer,San Francisco,New York,5,Delta,517.4829507,113.8414082,Affordable
Late Summer,San Francisco,Chicago,1,Southwest Airlines,355.3685394,220.0455181,Not Affordable
Late Summer,San Francisco,"Washington, DC",1,United,459.8730367,414.5662692,Not Affordable
Early Summer,San Francisco,Seattle,1,United,212.8712372,284.9485713,Affordable
Early Summer,San Francisco,Nashville,1,Alaska Airlines,337.3357337,294.066718,Not Affordable
Late Summer,San Francisco,New York,2,JetBlue Airways,517.4829507,259.5844956,Affordable
Late Summer,San Francisco,Seattle,1,Alaska Airlines,212.8712372,251.0942672,Affordable
Early Summer,San Francisco,New York,1,Delta,517.4829507,460.3048532,Not Affordable
Early Summer,San Francisco,"Washington, DC",1,United,459.8730367,420.1462937,Not Affordable
Early Summer,San Francisco,New Orleans,2,United,318.5411406,181.7268639,Affordable
Early Summer,San Francisco,San Diego,1,Alaska Airlines,180.3080597,207.3832392,Affordable
Early Summer,San Francisco,Boston,2,United,425.4126871,198.7268531,Affordable
Early Summer,San Francisco,"Washington, DC",1,United,459.8730367,478.921516,Not Affordable
Early Summer,San Francisco,New York,1,Alaska Airlines,517.4829507,406.784845,Not Affordable
Late Summer,San Francisco,Nashville,1,United,337.3357337,386.9471422,Not Affordable
Late Summer,San Francisco,Chicago,1,United,355.3685394,446.9245953,Not Affordable
Late Summer,San Francisco,Boston,1,JetBlue Airways,425.4126871,379.6846985,Not Affordable
Late Summer,San Francisco,Boston,1,Alaska Airlines,425.4126871,341.0096504,Not Affordable
Early Summer,San Francisco,New York,1,Alaska Airlines,517.4829507,406.784845,Not Affordable
Early Summer,San Francisco,Seattle,1,Alaska Airlines,212.8712372,257.1828494,Affordable
Late Summer,San Francisco,"Washington, DC",1,Alaska Airlines,459.8730367,332.149696,Not Affordable
Late Summer,San Francisco,Portland,1,Alaska Airlines,187.1371816,202.5317729,Affordable
Early Summer,San Francisco,Honolulu,1,Alaska Airlines,389.4728459,372.9980311,Not Affordable
Late Summer,San Francisco,Chicago,1,Alaska Airlines,355.3685394,309.8229065,Affordable
Early Summer,San Francisco,New York,1,JetBlue Airways,517.4829507,410.2589877,Not Affordable
Late Summer,San Francisco,Boston,1,Delta,425.4126871,397.6109453,Not Affordable
Early Summer,San Francisco,"Washington, DC",1,Alaska Airlines,459.8730367,426.4986197,Not Affordable
Late Summer,San Francisco,New York,1,Delta,517.4829507,420.6896488,Not Affordable
Late Summer,San Francisco,Seattle,1,United,212.8712372,272.1478904,Affordable
Late Summer,San Francisco,PHL,2,Alaska Airlines,384.0539451,204.2135697,Affordable
Late Summer,San Francisco,New York,1,Delta,517.4829507,420.6896488,Not Affordable
Late Summer,San Francisco,"Washington, DC",1,United,459.8730367,414.5662692,Not Affordable
Early Summer,San Francisco,Chicago,1,Southwest Airlines,355.3685394,255.8259303,Not Affordable
Early Summer,San Francisco,Honolulu,1,United,389.4728459,477.5331385,Not Affordable
Early Summer,San Francisco,New York,1,JetBlue Airways,517.4829507,308.7370284,Not Affordable
Early Summer,San Francisco,New York,1,Alaska Airlines,517.4829507,432.2613235,Not Affordable
Early Summer,San Francisco,New Orleans,1,United,318.5411406,405.8794838,Not Affordable
Early Summer,San Francisco,Seattle,2,United,212.8712372,128.0013348,Affordable
Late Summer,San Francisco,Boston,2,Alaska Airlines,425.4126871,55.53267704,Affordable
Late Summer,San Francisco,Chicago,1,Southwest Airlines,355.3685394,220.0455181,Not Affordable
Late Summer,San Francisco,"Washington, DC",2,United,459.8730367,209.4494421,Affordable
Late Summer,San Francisco,Boston,1,Delta,425.4126871,397.6109453,Not Affordable
Early Summer,San Francisco,"Washington, DC",1,Delta,459.8730367,401.1740891,Not Affordable
Late Summer,San Francisco,Boston,1,JetBlue Airways,425.4126871,379.6846985,Not Affordable
Early Summer,San Francisco,Honolulu,1,United,389.4728459,477.5331385,Not Affordable
Early Summer,San Francisco,Chicago,1,United,355.3685394,459.0114787,Not Affordable
Early Summer,San Francisco,New York,1,JetBlue Airways,517.4829507,410.2589877,Not Affordable
Early Summer,San Francisco,Boston,1,United,425.4126871,436.4720575,Not Affordable
Late Summer,San Francisco,New York,2,Alaska Airlines,517.4829507,225.8884498,Affordable
Late Summer,San Francisco,"Washington, DC",1,United,459.8730367,414.5662692,Not Affordable
Early Summer,San Francisco,Nashville,2,United,337.3357337,157.4110449,Affordable
Late Summer,San Francisco,San Diego,1,United,180.3080597,248.0589529,Affordable
Late Summer,San Francisco,Boston,1,United,425.4126871,336.2330006,Not Affordable
Late Summer,San Francisco,"Washington, DC",1,United,459.8730367,432.3310743,Not Affordable
Late Summer,San Francisco,Boston,3,Alaska Airlines,425.4126871,108.7782492,Affordable
Late Summer,San Francisco,New York,2,Alaska Airlines,517.4829507,225.8884498,Affordable
Early Summer,San Francisco,Nashville,1,Delta,337.3357337,332.7700573,Not Affordable
Early Summer,San Francisco,New York,1,Delta,517.4829507,460.3048532,Not Affordable
Early Summer,San Francisco,"Washington, DC",1,United,459.8730367,469.0719449,Not Affordable
Early Summer,San Francisco,Chicago,2,United,355.3685394,203.6728441,Affordable
Early Summer,San Francisco,Boston,1,Alaska Airlines,425.4126871,352.4295884,Not Affordable
Late Summer,San Francisco,New York,1,United,517.4829507,356.4952646,Not Affordable
Late Summer,San Francisco,"Washington, DC",1,Frontier Airlines,459.8730367,171.3042089,Not Affordable
Early Summer,San Francisco,Chicago,1,United,355.3685394,459.0114787,Not Affordable
Early Summer,San Francisco,Seattle,1,Delta,212.8712372,230.8142753,Affordable
Early Summer,San Francisco,New York,1,JetBlue Airways,517.4829507,410.2589877,Not Affordable
Early Summer,San Francisco,Seattle,3,United,212.8712372,86.79315965,Affordable
Early Summer,San Francisco,New York,1,Alaska Airlines,517.4829507,406.784845,Not Affordable
Late Summer,San Francisco,Chicago,1,Delta,355.3685394,350.0484058,Not Affordable
Early Summer,San Francisco,San Diego,3,United,180.3080597,86.46217016,Affordable
Late Summer,San Francisco,PHL,2,Alaska Airlines,384.0539451,204.2135697,Affordable
Early Summer,San Francisco,New York,1,JetBlue Airways,517.4829507,410.2589877,Not Affordable
Late Summer,San Francisco,"Washington, DC",1,Alaska Airlines,459.8730367,370.8671934,Not Affordable
Late Summer,San Francisco,Boston,1,Delta,425.4126871,397.6109453,Not Affordable
Late Summer,San Francisco,San Diego,1,United,180.3080597,248.0589529,Affordable
Late Summer,San Francisco,Nashville,1,United,337.3357337,386.9471422,Not Affordable
Early Summer,San Francisco,Boston,3,Delta,425.4126871,109.680756,Affordable
Late Summer,San Francisco,Chicago,1,United,355.3685394,446.9245953,Not Affordable
Late Summer,San Francisco,Honolulu,1,Alaska Airlines,389.4728459,334.3941163,Not Affordable
Early Summer,San Francisco,PHL,1,Alaska Airlines,384.0539451,430.5776514,Not Affordable
Early Summer,San Francisco,Nashville,1,Delta,337.3357337,399.3815223,Not Affordable
Late Summer,San Francisco,Chicago,3,Alaska Airlines,355.3685394,88.09241209,Affordable
Early Summer,San Francisco,"Washington, DC",1,United,459.8730367,478.921516,Not Affordable
Late Summer,San Francisco,"Washington, DC",1,United,459.8730367,432.3310743,Not Affordable
Late Summer,San Francisco,"Washington, DC",3,United,459.8730367,122.5653645,Affordable
Late Summer,San Francisco,Boston,1,Delta,425.4126871,397.6109453,Not Affordable
Early Summer,San Francisco,New York,1,Southwest Airlines,517.4829507,272.226223,Not Affordable
Late Summer,San Francisco,Chicago,1,Alaska Airlines,355.3685394,304.0376476,Affordable
Early Summer,San Francisco,San Diego,1,Southwest Airlines,180.3080597,197.0121896,Affordable
Late Summer,San Francisco,New Orleans,1,United,318.5411406,366.3587337,Affordable
Early Summer,San Francisco,"Washington, DC",1,United,459.8730367,478.921516,Not Affordable
Early Summer,San Francisco,New Orleans,1,Southwest Airlines,318.5411406,274.7559804,Not Affordable
Early Summer,San Francisco,New York,1,Delta,517.4829507,426.2152785,Not Affordable
Late Summer,San Francisco,New York,1,Delta,517.4829507,420.6896488,Not Affordable
Early Summer,San Francisco,Seattle,2,Alaska Airlines,212.8712372,124.4277479,Affordable
Late Summer,San Francisco,Seattle,1,Alaska Airlines,212.8712372,251.0942672,Affordable
Late Summer,San Francisco,Chicago,1,Alaska Airlines,355.3685394,304.0376476,Affordable
Early Summer,San Francisco,PHL,1,United,384.0539451,411.6173178,Not Affordable
Late Summer,San Francisco,New Orleans,1,Delta,318.5411406,246.2404955,Affordable
Late Summer,San Francisco,San Diego,1,Southwest Airlines,180.3080597,181.9541378,Affordable
Early Summer,San Francisco,"Washington, DC",1,Delta,459.8730367,417.2008562,Not Affordable
Late Summer,San Francisco,Honolulu,1,United,389.4728459,446.7650287,Not Affordable
Late Summer,San Francisco,New York,6,Delta,517.4829507,121.9592092,Affordable
Late Summer,San Francisco,New York,1,United,517.4829507,340.8846027,Not Affordable
Late Summer,San Francisco,Nashville,1,Southwest Airlines,337.3357337,278.3693445,Not Affordable
Early Summer,San Francisco,New York,3,Alaska Airlines,517.4829507,133.5923066,Affordable
Early Summer,San Francisco,PHL,3,United,384.0539451,105.8009476,Affordable
Late Summer,San Francisco,"Washington, DC",1,United,459.8730367,432.3310743,Not Affordable
Early Summer,San Francisco,Chicago,1,Alaska Airlines,355.3685394,372.050438,Not Affordable
Late Summer,San Francisco,"Washington, DC",1,United,459.8730367,414.5662692,Not Affordable
Early Summer,San Francisco,San Diego,1,Southwest Airlines,180.3080597,197.0121896,Affordable
Late Summer,San Francisco,Chicago,1,Southwest Airlines,355.3685394,232.6013974,Not Affordable
Early Summer,San Francisco,New York,1,Frontier Airlines,517.4829507,157.2157384,Not Affordable
Early Summer,San Francisco,"Washington, DC",1,United,459.8730367,478.921516,Not Affordable
Late Summer,San Francisco,San Diego,1,Southwest Airlines,180.3080597,160.7414005,Affordable
Late Summer,San Francisco,Seattle,1,United,212.8712372,272.1478904,Affordable
Early Summer,San Francisco,New York,1,Alaska Airlines,517.4829507,371.7922112,Not Affordable
Early Summer,San Francisco,Boston,1,United,425.4126871,436.4720575,Not Affordable
Late Summer,San Francisco,Chicago,1,Southwest Airlines,355.3685394,220.0455181,Not Affordable
Late Summer,San Francisco,Honolulu,2,United,389.4728459,184.0232892,Affordable
Early Summer,San Francisco,PHL,1,Alaska Airlines,384.0539451,430.5776514,Not Affordable
Early Summer,San Francisco,Seattle,3,United,212.8712372,86.79315965,Affordable
Early Summer,San Francisco,Nashville,1,United,337.3357337,400.5288748,Not Affordable
Late Summer,San Francisco,"Washington, DC",1,Alaska Airlines,459.8730367,331.6036127,Not Affordable
Early Summer,San Francisco,New York,2,JetBlue Airways,517.4829507,258.8872353,Affordable
Early Summer,San Francisco,New York,1,JetBlue Airways,517.4829507,410.2589877,Not Affordable
Early Summer,San Francisco,PHL,1,United,384.0539451,411.6173178,Not Affordable
Early Summer,San Francisco,New York,1,Alaska Airlines,517.4829507,432.2613235,Not Affordable
Early Summer,San Francisco,Chicago,1,Delta,355.3685394,302.9258592,Not Affordable
Early Summer,San Francisco,New York,1,JetBlue Airways,517.4829507,410.2589877,Not Affordable
Early Summer,San Francisco,New York,1,United,517.4829507,386.7171885,Not Affordable
Early Summer,San Francisco,Chicago,1,Alaska Airlines,355.3685394,329.8457569,Not Affordable
Late Summer,San Francisco,PHL,1,United,384.0539451,382.190872,Not Affordable
Late Summer,San Francisco,"Washington, DC",1,United,459.8730367,432.3310743,Not Affordable
Late Summer,San Francisco,Chicago,1,United,355.3685394,446.9245953,Not Affordable
Early Summer,San Francisco,"Washington, DC",4,United,459.8730367,106.4718344,Affordable
Early Summer,San Francisco,"Washington, DC",1,Alaska Airlines,459.8730367,438.1808266,Not Affordable
Late Summer,San Francisco,"Washington, DC",1,Alaska Airlines,459.8730367,371.3713658,Not Affordable
Late Summer,San Francisco,"Washington, DC",1,United,459.8730367,432.3310743,Not Affordable
Late Summer,San Francisco,New York,1,Southwest Airlines,517.4829507,218.9456865,Not Affordable
Early Summer,San Francisco,San Diego,1,Southwest Airlines,180.3080597,197.0121896,Affordable
Early Summer,San Francisco,New York,1,Alaska Airlines,517.4829507,432.2613235,Not Affordable
Early Summer,San Francisco,New York,3,JetBlue Airways,517.4829507,178.2328107,Affordable
Late Summer,San Francisco,Boston,1,United,425.4126871,337.0108635,Not Affordable
Early Summer,San Francisco,Chicago,1,Alaska Airlines,355.3685394,440.6827785,Not Affordable
Late Summer,San Francisco,New York,1,Alaska Airlines,517.4829507,412.4171169,Not Affordable
Early Summer,San Francisco,Portland,1,United,187.1371816,241.6657515,Affordable
Late Summer,San Francisco,New Orleans,1,Delta,318.5411406,249.0605956,Affordable
Late Summer,San Francisco,Chicago,1,Alaska Airlines,355.3685394,358.9908283,Affordable
Late Summer,San Francisco,Honolulu,1,Alaska Airlines,389.4728459,334.3941163,Not Affordable
Late Summer,San Francisco,Chicago,1,United,355.3685394,446.9245953,Not Affordable
Early Summer,San Francisco,Boston,1,JetBlue Airways,425.4126871,392.7225229,Not Affordable
Late Summer,San Francisco,"Washington, DC",1,United,459.8730367,414.5662692,Not Affordable
Late Summer,San Francisco,New Orleans,1,United,318.5411406,366.3587337,Affordable
Late Summer,San Francisco,PHL,1,Alaska Airlines,384.0539451,407.6921045,Affordable
Early Summer,San Francisco,Nashville,1,United,337.3357337,400.5288748,Not Affordable
Late Summer,San Francisco,Boston,1,JetBlue Airways,425.4126871,379.6846985,Not Affordable
Early Summer,San Francisco,New York,2,Delta,517.4829507,267.2219505,Affordable
Early Summer,San Francisco,Chicago,1,Alaska Airlines,355.3685394,326.1214594,Not Affordable
Late Summer,San Francisco,Boston,1,Delta,425.4126871,397.6109453,Not Affordable
Late Summer,San Francisco,"Washington, DC",1,United,459.8730367,402.9364393,Not Affordable
Late Summer,San Francisco,Chicago,1,Alaska Airlines,355.3685394,358.9908283,Affordable
Early Summer,San Francisco,San Diego,1,Alaska Airlines,180.3080597,207.3832392,Affordable
Late Summer,San Francisco,Nashville,1,United,337.3357337,386.9471422,Not Affordable
Early Summer,San Francisco,New York,1,United,517.4829507,380.0590661,Not Affordable
Early Summer,San Francisco,New York,1,Alaska Airlines,517.4829507,295.2992821,Not Affordable
Late Summer,San Francisco,New York,3,Alaska Airlines,517.4829507,145.3779235,Affordable
Early Summer,San Francisco,Seattle,1,United,212.8712372,284.9485713,Affordable
Late Summer,San Francisco,San Diego,3,Southwest Airlines,180.3080597,71.03651282,Affordable
Early Summer,San Francisco,"Washington, DC",1,United,459.8730367,478.921516,Not Affordable
Early Summer,San Francisco,Boston,1,JetBlue Airways,425.4126871,392.7225229,Not Affordable
Early Summer,San Francisco,Nashville,1,United,337.3357337,400.5288748,Not Affordable
Early Summer,San Francisco,"Washington, DC",1,United,459.8730367,478.921516,Not Affordable
Early Summer,San Francisco,New York,1,Alaska Airlines,517.4829507,406.784845,Not Affordable
Late Summer,San Francisco,PHL,1,Delta,384.0539451,305.1706859,Not Affordable
Early Summer,San Francisco,PHL,1,Alaska Airlines,384.0539451,430.5776514,Not Affordable
Late Summer,San Francisco,Portland,2,United,187.1371816,103.9308542,Affordable
Early Summer,San Francisco,PHL,1,United,384.0539451,411.6173178,Not Affordable
Early Summer,San Francisco,New York,1,Alaska Airlines,517.4829507,432.2613235,Not Affordable
Early Summer,San Francisco,Chicago,1,Alaska Airlines,355.3685394,372.050438,Not Affordable
Late Summer,San Francisco,Honolulu,1,United,389.4728459,446.7650287,Not Affordable
Early Summer,San Francisco,New York,1,Alaska Airlines,517.4829507,406.784845,Not Affordable
Early Summer,San Francisco,San Diego,1,Frontier Airlines,180.3080597,123.2067592,Affordable
Early Summer,San Francisco,New Orleans,1,Alaska Airlines,318.5411406,262.239702,Affordable
Late Summer,San Francisco,Boston,1,Delta,425.4126871,397.6109453,Not Affordable
Late Summer,San Francisco,PHL,1,United,384.0539451,382.190872,Not Affordable
Early Summer,San Francisco,Boston,3,JetBlue Airways,425.4126871,145.2646231,Affordable
Late Summer,San Francisco,"Washington, DC",1,JetBlue Airways,459.8730367,302.5850101,Not Affordable
Late Summer,San Francisco,Chicago,3,United,355.3685394,118.896336,Affordable
Late Summer,San Francisco,"Washington, DC",4,United,459.8730367,92.78599521,Affordable
Late Summer,San Francisco,Boston,4,United,425.4126871,91.66202414,Affordable
Early Summer,San Francisco,Boston,1,Delta,425.4126871,402.9649981,Not Affordable
Late Summer,San Francisco,New York,2,Alaska Airlines,517.4829507,225.8884498,Affordable
Early Summer,San Francisco,Chicago,2,United,355.3685394,203.6728441,Affordable
Late Summer,San Francisco,Chicago,1,United,355.3685394,446.9245953,Not Affordable
Late Summer,San Francisco,New York,1,JetBlue Airways,517.4829507,389.3562106,Not Affordable
Late Summer,San Francisco,Portland,1,Alaska Airlines,187.1371816,202.5317729,Affordable
Late Summer,San Francisco,New York,2,JetBlue Airways,517.4829507,259.5844956,Affordable
Early Summer,San Francisco,San Diego,1,Alaska Airlines,180.3080597,207.3832392,Affordable
Late Summer,San Francisco,Honolulu,1,United,389.4728459,290.3590724,Not Affordable
Late Summer,San Francisco,Chicago,1,Frontier Airlines,355.3685394,145.9721214,Not Affordable
Early Summer,San Francisco,Chicago,2,Alaska Airlines,355.3685394,176.8833593,Affordable
Early Summer,San Francisco,Nashville,2,United,337.3357337,157.4110449,Affordable
Late Summer,San Francisco,Chicago,2,United,355.3685394,202.0029303,Affordable
Early Summer,San Francisco,PHL,1,Alaska Airlines,384.0539451,347.9763006,Not Affordable
Late Summer,San Francisco,New Orleans,4,United,318.5411406,77.82453373,Affordable
Late Summer,San Francisco,Boston,5,Delta,425.4126871,80.69258166,Affordable
Early Summer,San Francisco,Honolulu,1,United,389.4728459,477.5331385,Not Affordable
Late Summer,San Francisco,PHL,1,United,384.0539451,382.190872,Not Affordable
Early Summer,San Francisco,New York,3,Alaska Airlines,517.4829507,180.0404832,Affordable
Late Summer,San Francisco,"Washington, DC",1,United,459.8730367,432.3310743,Not Affordable
Early Summer,San Francisco,Seattle,2,Alaska Airlines,212.8712372,124.4277479,Affordable
Early Summer,San Francisco,Boston,2,Delta,425.4126871,188.0476812,Affordable
Early Summer,San Francisco,"Washington, DC",1,United,459.8730367,478.921516,Not Affordable
Early Summer,San Francisco,"Washington, DC",1,United,459.8730367,415.2490226,Not Affordable
Late Summer,San Francisco,Chicago,1,United,355.3685394,446.9245953,Not Affordable
Early Summer,San Francisco,San Diego,2,Southwest Airlines,180.3080597,94.8438891,Affordable
Early Summer,San Francisco,New York,1,Southwest Airlines,517.4829507,275.7089033,Not Affordable
Late Summer,San Francisco,PHL,2,Alaska Airlines,384.0539451,204.2135697,Affordable
Early Summer,San Francisco,"Washington, DC",1,Alaska Airlines,459.8730367,354.074936,Not Affordable
Early Summer,San Francisco,Honolulu,3,United,389.4728459,109.4583927,Affordable
Late Summer,San Francisco,Chicago,2,Alaska Airlines,355.3685394,177.3453317,Affordable
Early Summer,San Francisco,"Washington, DC",1,United,459.8730367,469.0719449,Not Affordable
Early Summer,San Francisco,Chicago,3,United,355.3685394,119.5248444,Affordable
Early Summer,San Francisco,San Diego,1,United,180.3080597,260.558361,Affordable
Late Summer,San Francisco,Nashville,1,United,337.3357337,386.9471422,Not Affordable
Late Summer,San Francisco,Chicago,1,United,355.3685394,446.9245953,Not Affordable
Early Summer,San Francisco,Seattle,2,United,212.8712372,128.0013348,Affordable
Early Summer,San Francisco,New York,2,Alaska Airlines,517.4829507,269.2129159,Affordable
Early Summer,San Francisco,Boston,1,JetBlue Airways,425.4126871,392.7225229,Not Affordable
Early Summer,San Francisco,Seattle,1,Alaska Airlines,212.8712372,257.1828494,Affordable
Late Summer,San Francisco,New York,3,Delta,517.4829507,174.5597045,Affordable
Early Summer,San Francisco,PHL,1,Alaska Airlines,384.0539451,430.5776514,Not Affordable
Late Summer,San Francisco,PHL,2,Alaska Airlines,384.0539451,204.2135697,Affordable
Late Summer,San Francisco,New York,1,Delta,517.4829507,420.6896488,Not Affordable
Late Summer,San Francisco,Chicago,1,Southwest Airlines,355.3685394,220.0455181,Not Affordable
Early Summer,San Francisco,New York,1,Alaska Airlines,517.4829507,432.2613235,Not Affordable
Late Summer,San Francisco,Chicago,1,United,355.3685394,611.6414248,Not Affordable
Late Summer,San Francisco,Honolulu,2,United,389.4728459,184.0232892,Affordable
Late Summer,San Francisco,New York,1,JetBlue Airways,517.4829507,389.3562106,Not Affordable
Late Summer,San Francisco,"Washington, DC",1,Alaska Airlines,459.8730367,371.3713658,Not Affordable
Late Summer,San Francisco,Chicago,1,United,355.3685394,455.2895721,Not Affordable
Late Summer,San Francisco,Chicago,1,United,355.3685394,446.9245953,Not Affordable
Late Summer,San Francisco,PHL,1,Alaska Airlines,384.0539451,407.6921045,Affordable
Late Summer,San Francisco,Chicago,1,Delta,355.3685394,356.0648087,Not Affordable
Early Summer,San Francisco,New York,1,Alaska Airlines,517.4829507,406.784845,Not Affordable
Late Summer,San Francisco,New York,1,Delta,517.4829507,420.6896488,Not Affordable
Late Summer,San Francisco,New York,3,JetBlue Airways,517.4829507,177.2476079,Affordable
Late Summer,San Francisco,New Orleans,1,United,318.5411406,336.9701518,Affordable
Late Summer,San Francisco,Chicago,1,Alaska Airlines,355.3685394,304.0376476,Affordable
Early Summer,San Francisco,New York,1,Delta,517.4829507,401.2997063,Not Affordable
Early Summer,San Francisco,San Diego,1,United,180.3080597,260.558361,Affordable
Early Summer,San Francisco,Seattle,2,Alaska Airlines,212.8712372,124.4277479,Affordable
Late Summer,San Francisco,"Washington, DC",1,United,459.8730367,432.3310743,Not Affordable
Late Summer,San Francisco,Boston,4,United,425.4126871,40.34062699,Affordable
Late Summer,San Francisco,Seattle,2,Alaska Airlines,212.8712372,126.3666017,Affordable
Early Summer,San Francisco,Nashville,2,Alaska Airlines,337.3357337,135.7319227,Affordable
Late Summer,San Francisco,New York,1,Delta,517.4829507,336.1084521,Not Affordable
Late Summer,San Francisco,Boston,1,Delta,425.4126871,397.6109453,Not Affordable
Late Summer,San Francisco,Boston,1,JetBlue Airways,425.4126871,379.6846985,Not Affordable
Early Summer,San Francisco,New Orleans,1,United,318.5411406,332.4923672,Not Affordable
Late Summer,San Francisco,San Diego,1,Frontier Airlines,180.3080597,125.6508587,Affordable
Late Summer,San Francisco,Boston,1,United,425.4126871,418.713752,Not Affordable
Early Summer,San Francisco,Chicago,3,Alaska Airlines,355.3685394,88.63253163,Affordable
Late Summer,San Francisco,PHL,1,Alaska Airlines,384.0539451,407.6921045,Affordable
Early Summer,San Francisco,Portland,1,United,187.1371816,241.6657515,Affordable
Late Summer,San Francisco,Chicago,3,Alaska Airlines,355.3685394,109.5532536,Affordable
Early Summer,San Francisco,New Orleans,1,Alaska Airlines,318.5411406,262.239702,Affordable
Late Summer,San Francisco,Chicago,1,Alaska Airlines,355.3685394,304.0376476,Affordable
Early Summer,San Francisco,Seattle,1,United,212.8712372,284.9485713,Affordable
Early Summer,San Francisco,Chicago,1,Alaska Airlines,355.3685394,326.1214594,Not Affordable
Early Summer,San Francisco,Seattle,1,United,212.8712372,284.9485713,Affordable
Late Summer,San Francisco,New York,1,Delta,517.4829507,391.8312424,Not Affordable
Late Summer,San Francisco,"Washington, DC",1,United,459.8730367,432.3310743,Not Affordable
Early Summer,San Francisco,Boston,1,United,425.4126871,436.4720575,Not Affordable
Early Summer,San Francisco,Nashville,2,United,337.3357337,157.4110449,Affordable
Early Summer,San Francisco,Chicago,1,United,355.3685394,459.0114787,Not Affordable
Early Summer,San Francisco,New York,4,Delta,517.4829507,140.9884138,Affordable
Late Summer,San Francisco,PHL,1,United,384.0539451,382.190872,Not Affordable
Early Summer,San Francisco,Boston,1,Southwest Airlines,425.4126871,266.7811291,Not Affordable
Early Summer,San Francisco,New York,1,Delta,517.4829507,460.3048532,Not Affordable
Late Summer,San Francisco,Seattle,1,Alaska Airlines,212.8712372,251.0942672,Affordable
Early Summer,San Francisco,Seattle,1,United,212.8712372,284.9485713,Affordable
Late Summer,San Francisco,Chicago,1,United,355.3685394,446.9245953,Not Affordable
Late Summer,San Francisco,Chicago,1,Southwest Airlines,355.3685394,220.0455181,Not Affordable
Early Summer,San Francisco,Boston,4,Delta,425.4126871,83.13254812,Affordable
Early Summer,San Francisco,San Diego,2,Alaska Airlines,180.3080597,98.05532505,Affordable
Early Summer,San Francisco,Boston,1,United,425.4126871,364.170627,Not Affordable
Late Summer,San Francisco,New Orleans,1,Southwest Airlines,318.5411406,263.9175091,Affordable
Late Summer,San Francisco,Portland,1,Frontier Airlines,187.1371816,120.5147463,Affordable
Late Summer,San Francisco,Boston,1,JetBlue Airways,425.4126871,379.6846985,Not Affordable
Early Summer,San Francisco,Seattle,2,Alaska Airlines,212.8712372,124.4277479,Affordable
Late Summer,San Francisco,New York,1,Alaska Airlines,517.4829507,412.4171169,Not Affordable
Late Summer,San Francisco,Seattle,1,United,212.8712372,272.1478904,Affordable
Late Summer,San Francisco,"Washington, DC",3,United,459.8730367,122.5653645,Affordable
Late Summer,San Francisco,Boston,2,JetBlue Airways,425.4126871,213.7618715,Affordable
Early Summer,San Francisco,Seattle,2,Alaska Airlines,212.8712372,124.4277479,Affordable
Late Summer,San Francisco,Seattle,1,United,212.8712372,272.1478904,Affordable
Early Summer,San Francisco,San Diego,3,United,180.3080597,86.46217016,Affordable
Early Summer,San Francisco,"Washington, DC",1,United,459.8730367,364.6424433,Not Affordable
Early Summer,San Francisco,Boston,1,United,425.4126871,436.4720575,Not Affordable
Early Summer,San Francisco,New Orleans,1,United,318.5411406,405.8794838,Not Affordable
Early Summer,San Francisco,PHL,1,Alaska Airlines,384.0539451,430.5776514,Not Affordable
Late Summer,San Francisco,"Washington, DC",2,United,459.8730367,198.9625633,Affordable
Early Summer,San Francisco,New York,1,United,517.4829507,375.0340182,Not Affordable
Late Summer,San Francisco,Seattle,3,Alaska Airlines,212.8712372,97.29984268,Affordable
Late Summer,San Francisco,"Washington, DC",1,United,459.8730367,372.9713558,Not Affordable
Early Summer,San Francisco,"Washington, DC",4,United,459.8730367,106.4718344,Affordable
Early Summer,San Francisco,Chicago,1,United,355.3685394,423.9142464,Not Affordable
Late Summer,San Francisco,Boston,1,United,425.4126871,418.713752,Not Affordable
Late Summer,San Francisco,New York,1,Delta,517.4829507,420.6896488,Not Affordable
Early Summer,San Francisco,"Washington, DC",1,United,459.8730367,478.921516,Not Affordable
Late Summer,San Francisco,Boston,1,Delta,425.4126871,397.6109453,Not Affordable
Late Summer,San Francisco,Chicago,1,Alaska Airlines,355.3685394,304.0376476,Affordable
Early Summer,San Francisco,Boston,1,United,425.4126871,424.9400698,Not Affordable
Late Summer,San Francisco,PHL,1,United,384.0539451,382.190872,Not Affordable
Late Summer,San Francisco,Boston,1,Alaska Airlines,425.4126871,341.0096504,Not Affordable
Early Summer,San Francisco,New York,1,Southwest Airlines,517.4829507,272.226223,Not Affordable
Early Summer,San Francisco,PHL,1,Alaska Airlines,384.0539451,378.9473387,Not Affordable
Early Summer,San Francisco,"Washington, DC",1,United,459.8730367,478.921516,Not Affordable
Early Summer,San Francisco,PHL,5,Alaska Airlines,384.0539451,102.0155253,Affordable
Late Summer,San Francisco,PHL,1,Delta,384.0539451,297.8310934,Not Affordable
Late Summer,San Francisco,"Washington, DC",1,United,459.8730367,432.3310743,Not Affordable
Late Summer,San Francisco,PHL,1,Alaska Airlines,384.0539451,480.8509884,Affordable
Late Summer,San Francisco,Boston,1,Alaska Airlines,425.4126871,327.6381751,Not Affordable
Late Summer,San Francisco,New York,2,JetBlue Airways,517.4829507,259.5844956,Affordable
Early Summer,San Francisco,Boston,1,Delta,425.4126871,433.0364294,Not Affordable
Early Summer,San Francisco,Boston,3,United,425.4126871,120.4036837,Affordable
Early Summer,San Francisco,San Diego,1,Alaska Airlines,180.3080597,207.3832392,Affordable
Early Summer,San Francisco,"Washington, DC",1,Frontier Airlines,459.8730367,180.9331328,Not Affordable
Late Summer,San Francisco,Boston,4,Delta,425.4126871,90.10565005,Affordable
Late Summer,San Francisco,New York,2,Delta,517.4829507,268.0126979,Affordable
Late Summer,San Francisco,Portland,1,Alaska Airlines,187.1371816,202.5317729,Affordable
Late Summer,San Francisco,Chicago,2,United,355.3685394,202.0029303,Affordable
Early Summer,San Francisco,New York,1,Delta,517.4829507,370.6666496,Not Affordable
Early Summer,San Francisco,New York,2,Alaska Airlines,517.4829507,215.1748703,Affordable
Late Summer,San Francisco,Boston,1,Delta,425.4126871,396.4993648,Not Affordable
Late Summer,San Francisco,"Washington, DC",1,United,459.8730367,432.3310743,Not Affordable
Early Summer,San Francisco,Nashville,4,United,337.3357337,82.85223018,Affordable
Early Summer,San Francisco,Boston,1,Delta,425.4126871,433.0364294,Not Affordable
Early Summer,San Francisco,PHL,4,Alaska Airlines,384.0539451,114.0202178,Affordable
Early Summer,San Francisco,Chicago,1,United,355.3685394,459.0114787,Not Affordable
Early Summer,San Francisco,Chicago,1,United,355.3685394,459.0114787,Not Affordable
Late Summer,San Francisco,Chicago,1,Alaska Airlines,355.3685394,358.9908283,Affordable
Late Summer,San Francisco,New York,1,Alaska Airlines,517.4829507,392.4371492,Not Affordable
Early Summer,San Francisco,Seattle,1,Alaska Airlines,212.8712372,257.1828494,Affordable
Late Summer,San Francisco,Chicago,1,United,355.3685394,446.9245953,Not Affordable
Early Summer,San Francisco,New York,1,Southwest Airlines,517.4829507,275.7089033,Not Affordable
Early Summer,San Francisco,Boston,1,Delta,425.4126871,421.0586829,Not Affordable
Early Summer,San Francisco,PHL,4,Alaska Airlines,384.0539451,114.0202178,Affordable
Late Summer,San Francisco,New York,1,Southwest Airlines,517.4829507,241.5225554,Not Affordable
Late Summer,San Francisco,PHL,3,United,384.0539451,102.3994062,Affordable
Late Summer,San Francisco,New York,2,Delta,517.4829507,268.0126979,Affordable
Late Summer,San Francisco,Nashville,1,Alaska Airlines,337.3357337,280.3714475,Affordable
Late Summer,San Francisco,New York,1,Delta,517.4829507,420.6896488,Not Affordable
Late Summer,San Francisco,Chicago,1,Alaska Airlines,355.3685394,358.9908283,Affordable
Late Summer,San Francisco,"Washington, DC",2,United,459.8730367,209.4494421,Affordable
Early Summer,San Francisco,San Diego,2,United,180.3080597,118.5452791,Affordable
Early Summer,San Francisco,Boston,4,United,425.4126871,94.00911268,Affordable
Late Summer,San Francisco,Chicago,2,United,355.3685394,202.0029303,Affordable
Early Summer,San Francisco,New York,1,Alaska Airlines,517.4829507,432.2613235,Not Affordable
Early Summer,San Francisco,Seattle,1,United,212.8712372,284.9485713,Affordable
Late Summer,San Francisco,New York,1,JetBlue Airways,517.4829507,389.3562106,Not Affordable
Late Summer,San Francisco,Boston,1,Alaska Airlines,425.4126871,341.0096504,Not Affordable
Late Summer,San Francisco,Boston,1,United,425.4126871,337.0108635,Not Affordable
Early Summer,San Francisco,"Washington, DC",1,Alaska Airlines,459.8730367,426.4986197,Not Affordable
Early Summer,San Francisco,San Diego,1,United,180.3080597,260.558361,Affordable
Late Summer,San Francisco,New York,1,JetBlue Airways,517.4829507,389.3562106,Not Affordable
Late Summer,San Francisco,PHL,1,Alaska Airlines,384.0539451,287.6858495,Affordable
Late Summer,San Francisco,Boston,1,Alaska Airlines,425.4126871,341.0096504,Not Affordable
Early Summer,San Francisco,PHL,1,Alaska Airlines,384.0539451,430.5776514,Not Affordable
Late Summer,San Francisco,Seattle,1,Alaska Airlines,212.8712372,251.0942672,Affordable
Late Summer,San Francisco,Seattle,1,United,212.8712372,272.1478904,Affordable
Early Summer,San Francisco,Seattle,1,Delta,212.8712372,230.8142753,Affordable
Early Summer,San Francisco,"Washington, DC",2,Alaska Airlines,459.8730367,203.1307172,Affordable
Late Summer,San Francisco,New York,1,JetBlue Airways,517.4829507,389.3562106,Not Affordable
Early Summer,San Francisco,Boston,3,JetBlue Airways,425.4126871,145.2646231,Affordable
Late Summer,San Francisco,"Washington, DC",1,United,459.8730367,410.6180943,Not Affordable
Late Summer,San Francisco,Portland,1,Alaska Airlines,187.1371816,202.5317729,Affordable
Late Summer,San Francisco,Chicago,1,Alaska Airlines,355.3685394,304.0376476,Affordable
Late Summer,San Francisco,Seattle,1,United,212.8712372,272.1478904,Affordable
Early Summer,San Francisco,Boston,5,JetBlue Airways,425.4126871,114.6705536,Affordable
Early Summer,San Francisco,PHL,2,Alaska Airlines,384.0539451,207.2670442,Affordable
Late Summer,San Francisco,Boston,4,United,425.4126871,91.66202414,Affordable
Early Summer,San Francisco,Nashville,1,Alaska Airlines,337.3357337,312.1458458,Not Affordable
Late Summer,San Francisco,"Washington, DC",1,United,459.8730367,432.3310743,Not Affordable
Late Summer,San Francisco,Seattle,1,United,212.8712372,272.1478904,Affordable
Early Summer,San Francisco,Seattle,3,Alaska Airlines,212.8712372,94.65064701,Affordable
Early Summer,San Francisco,PHL,1,United,384.0539451,411.6173178,Not Affordable
Late Summer,San Francisco,PHL,1,United,384.0539451,382.190872,Not Affordable
Early Summer,San Francisco,"Washington, DC",1,Alaska Airlines,459.8730367,438.1808266,Not Affordable
Late Summer,San Francisco,Boston,2,Delta,425.4126871,189.7023246,Affordable
Late Summer,San Francisco,New Orleans,1,United,318.5411406,366.3587337,Affordable
Early Summer,San Francisco,New York,2,Alaska Airlines,517.4829507,269.2129159,Affordable
Late Summer,San Francisco,San Diego,3,United,180.3080597,80.12570728,Affordable
Late Summer,San Francisco,Chicago,1,Frontier Airlines,355.3685394,145.9721214,Not Affordable
Early Summer,San Francisco,New York,1,JetBlue Airways,517.4829507,410.2589877,Not Affordable
Late Summer,San Francisco,Portland,1,Delta,187.1371816,230.0515432,Affordable
Late Summer,San Francisco,New York,1,Delta,517.4829507,420.6896488,Not Affordable
Early Summer,San Francisco,San Diego,1,Alaska Airlines,180.3080597,207.3832392,Affordable
Late Summer,San Francisco,New York,1,United,517.4829507,356.8432383,Not Affordable
Late Summer,San Francisco,Seattle,1,Alaska Airlines,212.8712372,251.0942672,Affordable
Late Summer,San Francisco,San Diego,2,Southwest Airlines,180.3080597,90.55926551,Affordable
Late Summer,San Francisco,Nashville,1,Delta,337.3357337,291.3564799,Affordable
Early Summer,San Francisco,Chicago,1,Alaska Airlines,355.3685394,354.8593777,Not Affordable
Early Summer,San Francisco,Boston,1,Delta,425.4126871,433.0364294,Not Affordable
Early Summer,San Francisco,Portland,1,Alaska Airlines,187.1371816,207.7566114,Affordable
Early Summer,San Francisco,Boston,1,United,425.4126871,436.4720575,Not Affordable
Late Summer,San Francisco,"Washington, DC",2,Alaska Airlines,459.8730367,179.8622078,Affordable
Early Summer,San Francisco,Chicago,1,United,355.3685394,459.0114787,Not Affordable
Late Summer,San Francisco,Nashville,1,Alaska Airlines,337.3357337,280.3714475,Affordable
Early Summer,San Francisco,Chicago,1,United,355.3685394,459.0114787,Not Affordable
Late Summer,San Francisco,San Diego,1,Alaska Airlines,180.3080597,202.7799898,Affordable
Early Summer,San Francisco,Boston,4,United,425.4126871,94.00911268,Affordable
Early Summer,San Francisco,New Orleans,1,Southwest Airlines,318.5411406,248.8547442,Not Affordable
Late Summer,San Francisco,Chicago,3,United,355.3685394,118.896336,Affordable
Late Summer,San Francisco,Nashville,1,Alaska Airlines,337.3357337,290.9983371,Affordable
Early Summer,San Francisco,Honolulu,2,United,389.4728459,184.9141731,Affordable
Late Summer,San Francisco,New York,1,Alaska Airlines,517.4829507,337.8276423,Not Affordable
Early Summer,San Francisco,Boston,1,JetBlue Airways,425.4126871,392.7225229,Not Affordable
Late Summer,San Francisco,Boston,1,JetBlue Airways,425.4126871,240.7863697,Not Affordable
Late Summer,San Francisco,New York,1,Alaska Airlines,517.4829507,296.4163866,Not Affordable
Late Summer,San Francisco,Nashville,1,United,337.3357337,386.9471422,Not Affordable
Early Summer,San Francisco,"Washington, DC",3,Alaska Airlines,459.8730367,143.0512394,Affordable
Late Summer,San Francisco,New York,1,Alaska Airlines,517.4829507,337.8276423,Not Affordable
Early Summer,San Francisco,New York,1,Delta,517.4829507,370.5944854,Not Affordable
Early Summer,San Francisco,San Diego,1,United,180.3080597,260.558361,Affordable
Early Summer,San Francisco,Honolulu,3,Alaska Airlines,389.4728459,94.46663751,Affordable
Late Summer,San Francisco,Seattle,1,Alaska Airlines,212.8712372,251.0942672,Affordable
Late Summer,San Francisco,San Diego,1,United,180.3080597,248.0589529,Affordable
Late Summer,San Francisco,New Orleans,1,United,318.5411406,314.19543,Affordable
Early Summer,San Francisco,"Washington, DC",2,United,459.8730367,227.2399677,Affordable
Early Summer,San Francisco,Seattle,1,Alaska Airlines,212.8712372,257.1828494,Affordable
Early Summer,San Francisco,"Washington, DC",3,United,459.8730367,136.7886002,Affordable
Late Summer,San Francisco,San Diego,3,Alaska Airlines,180.3080597,83.60742615,Affordable
Early Summer,San Francisco,San Diego,3,United,180.3080597,86.46217016,Affordable
Early Summer,San Francisco,Portland,1,Alaska Airlines,187.1371816,207.7566114,Affordable
Early Summer,San Francisco,New York,1,Alaska Airlines,517.4829507,361.5179463,Not Affordable
Late Summer,San Francisco,Boston,1,United,425.4126871,337.0108635,Not Affordable
Late Summer,San Francisco,New York,1,Alaska Airlines,517.4829507,412.4171169,Not Affordable
Late Summer,San Francisco,Nashville,1,United,337.3357337,386.9471422,Not Affordable
Early Summer,San Francisco,New Orleans,1,Alaska Airlines,318.5411406,290.1105271,Affordable
Early Summer,San Francisco,New York,1,JetBlue Airways,517.4829507,410.2589877,Not Affordable
Late Summer,San Francisco,Seattle,1,Alaska Airlines,212.8712372,251.0942672,Affordable
Late Summer,San Francisco,"Washington, DC",4,JetBlue Airways,459.8730367,79.46483306,Affordable
Late Summer,San Francisco,New York,1,Alaska Airlines,517.4829507,392.4371492,Not Affordable
Late Summer,San Francisco,PHL,1,Delta,384.0539451,305.1706859,Not Affordable
Early Summer,San Francisco,New York,2,Alaska Airlines,517.4829507,215.1748703,Affordable
Late Summer,San Francisco,New York,1,Delta,517.4829507,420.6896488,Not Affordable
Late Summer,San Francisco,Boston,1,Alaska Airlines,425.4126871,341.0096504,Not Affordable
Early Summer,San Francisco,Boston,1,United,425.4126871,436.4720575,Not Affordable
Early Summer,San Francisco,"Washington, DC",1,United,459.8730367,478.921516,Not Affordable
Early Summer,San Francisco,New York,4,Delta,517.4829507,140.9884138,Affordable
Late Summer,San Francisco,"Washington, DC",1,United,459.8730367,432.3310743,Not Affordable
Late Summer,San Francisco,Honolulu,1,Alaska Airlines,389.4728459,334.3941163,Not Affordable
Early Summer,San Francisco,Honolulu,1,United,389.4728459,477.5331385,Not Affordable
Late Summer,San Francisco,Chicago,2,Southwest Airlines,355.3685394,120.9375747,Affordable
Late Summer,San Francisco,Nashville,1,Delta,337.3357337,288.31959,Affordable
Early Summer,San Francisco,New York,1,Delta,517.4829507,460.3048532,Not Affordable
Late Summer,San Francisco,Chicago,2,Southwest Airlines,355.3685394,120.9375747,Affordable
Early Summer,San Francisco,San Diego,1,Southwest Airlines,180.3080597,197.0121896,Affordable
Early Summer,San Francisco,"Washington, DC",1,United,459.8730367,497.2690197,Not Affordable
Late Summer,San Francisco,"Washington, DC",1,United,459.8730367,432.3310743,Not Affordable
Late Summer,San Francisco,Chicago,1,United,355.3685394,446.9245953,Not Affordable
Late Summer,San Francisco,Chicago,1,Frontier Airlines,355.3685394,145.9721214,Not Affordable
Late Summer,San Francisco,Chicago,1,Southwest Airlines,355.3685394,222.5390838,Not Affordable
Late Summer,San Francisco,Boston,1,JetBlue Airways,425.4126871,240.7863697,Not Affordable
Late Summer,San Francisco,Honolulu,3,United,389.4728459,107.0738167,Affordable
Early Summer,San Francisco,New York,5,Alaska Airlines,517.4829507,131.3990901,Affordable
Late Summer,San Francisco,"Washington, DC",1,United,459.8730367,414.5662692,Not Affordable
Early Summer,San Francisco,Honolulu,1,United,389.4728459,477.5331385,Not Affordable
Late Summer,San Francisco,"Washington, DC",1,United,459.8730367,414.5662692,Not Affordable
Early Summer,San Francisco,San Diego,1,Alaska Airlines,180.3080597,207.3832392,Affordable
Early Summer,San Francisco,New Orleans,1,United,318.5411406,405.8794838,Not Affordable
Early Summer,San Francisco,Chicago,4,United,355.3685394,96.10531727,Affordable
Early Summer,San Francisco,Chicago,1,Alaska Airlines,355.3685394,326.1214594,Not Affordable
Late Summer,San Francisco,"Washington, DC",1,Southwest Airlines,459.8730367,245.2922093,Not Affordable
Late Summer,San Francisco,Boston,1,Delta,425.4126871,397.6109453,Not Affordable
Early Summer,San Francisco,New York,1,United,517.4829507,381.9917789,Not Affordable
Late Summer,San Francisco,Nashville,2,Delta,337.3357337,125.0728653,Affordable
Late Summer,San Francisco,Boston,2,JetBlue Airways,425.4126871,213.7618715,Affordable
Late Summer,San Francisco,"Washington, DC",3,Alaska Airlines,459.8730367,110.384661,Affordable
Late Summer,San Francisco,New York,1,Alaska Airlines,517.4829507,412.4171169,Not Affordable
Late Summer,San Francisco,San Diego,1,Frontier Airlines,180.3080597,125.6508587,Affordable
Late Summer,San Francisco,Chicago,2,United,355.3685394,202.0029303,Affordable
Early Summer,San Francisco,Seattle,3,United,212.8712372,86.79315965,Affordable
Late Summer,San Francisco,Honolulu,4,United,389.4728459,83.39892722,Affordable
Early Summer,San Francisco,Boston,3,United,425.4126871,120.4036837,Affordable
Early Summer,San Francisco,"Washington, DC",1,United,459.8730367,469.0719449,Not Affordable
Late Summer,San Francisco,Boston,1,Southwest Airlines,425.4126871,227.2215841,Not Affordable
Early Summer,San Francisco,Chicago,2,Alaska Airlines,355.3685394,129.8616727,Affordable
Late Summer,San Francisco,New York,1,Southwest Airlines,517.4829507,183.5756737,Not Affordable
Late Summer,San Francisco,"Washington, DC",3,United,459.8730367,122.5653645,Affordable
Late Summer,San Francisco,"Washington, DC",1,United,459.8730367,414.5662692,Not Affordable
Late Summer,San Francisco,"Washington, DC",1,United,459.8730367,412.1733755,Not Affordable
Late Summer,San Francisco,Boston,2,Delta,425.4126871,189.7023246,Affordable
Late Summer,San Francisco,New York,1,Alaska Airlines,517.4829507,392.4371492,Not Affordable
Early Summer,San Francisco,New York,1,United,517.4829507,399.2265395,Not Affordable
Early Summer,San Francisco,New York,1,JetBlue Airways,517.4829507,410.2589877,Not Affordable
Early Summer,San Francisco,Nashville,2,United,337.3357337,157.4110449,Affordable
Late Summer,San Francisco,Chicago,1,United,355.3685394,446.9245953,Not Affordable
Early Summer,San Francisco,Boston,1,United,425.4126871,414.98319,Not Affordable
Late Summer,San Francisco,Chicago,5,United,355.3685394,87.62202928,Affordable
Early Summer,San Francisco,Chicago,1,United,355.3685394,392.5990186,Not Affordable
Early Summer,San Francisco,New Orleans,1,United,318.5411406,332.4923672,Not Affordable
Early Summer,San Francisco,Boston,1,Alaska Airlines,425.4126871,352.4295884,Not Affordable
Late Summer,San Francisco,Boston,1,Delta,425.4126871,397.6109453,Not Affordable
Late Summer,San Francisco,"Washington, DC",1,United,459.8730367,432.3310743,Not Affordable
Early Summer,San Francisco,Nashville,1,Southwest Airlines,337.3357337,294.0833839,Not Affordable
Late Summer,San Francisco,Portland,1,Alaska Airlines,187.1371816,202.5317729,Affordable
Late Summer,San Francisco,Chicago,1,Southwest Airlines,355.3685394,220.0455181,Not Affordable
Early Summer,San Francisco,Boston,2,Delta,425.4126871,188.0476812,Affordable
Late Summer,San Francisco,Nashville,1,United,337.3357337,386.9471422,Not Affordable
Late Summer,San Francisco,Seattle,2,Delta,212.8712372,99.45545736,Affordable
Late Summer,San Francisco,Boston,1,JetBlue Airways,425.4126871,270.6185508,Not Affordable
Early Summer,San Francisco,San Diego,1,Southwest Airlines,180.3080597,197.0121896,Affordable
Late Summer,San Francisco,Boston,2,United,425.4126871,194.9766636,Affordable
Early Summer,San Francisco,"Washington, DC",4,Alaska Airlines,459.8730367,100.7717696,Affordable
Late Summer,San Francisco,Seattle,1,Alaska Airlines,212.8712372,251.0942672,Affordable
Early Summer,San Francisco,Boston,1,Alaska Airlines,425.4126871,352.4295884,Not Affordable
Early Summer,San Francisco,San Diego,3,United,180.3080597,86.46217016,Affordable
Early Summer,San Francisco,PHL,1,Alaska Airlines,384.0539451,430.5776514,Not Affordable
Early Summer,San Francisco,San Diego,1,Southwest Airlines,180.3080597,197.0121896,Affordable
Late Summer,San Francisco,"Washington, DC",1,Alaska Airlines,459.8730367,331.6036127,Not Affordable
Late Summer,San Francisco,Chicago,1,Southwest Airlines,355.3685394,220.9076851,Not Affordable
Early Summer,San Francisco,"Washington, DC",1,United,459.8730367,478.921516,Not Affordable
Early Summer,San Francisco,New Orleans,1,United,318.5411406,332.4923672,Not Affordable
Early Summer,San Francisco,PHL,1,Alaska Airlines,384.0539451,347.9763006,Not Affordable
Early Summer,San Francisco,Boston,1,Delta,425.4126871,433.0364294,Not Affordable
Late Summer,San Francisco,New York,1,Delta,517.4829507,336.1084521,Not Affordable
Early Summer,San Francisco,Boston,1,United,425.4126871,436.4720575,Not Affordable
Early Summer,San Francisco,New York,1,Alaska Airlines,517.4829507,406.784845,Not Affordable
Early Summer,San Francisco,Boston,1,Alaska Airlines,425.4126871,352.4295884,Not Affordable
Early Summer,San Francisco,San Diego,1,Southwest Airlines,180.3080597,197.0121896,Affordable
Late Summer,San Francisco,Boston,1,Delta,425.4126871,407.2472635,Not Affordable
Early Summer,San Francisco,New York,1,Delta,517.4829507,460.3048532,Not Affordable
Late Summer,San Francisco,San Diego,2,United,180.3080597,111.1674109,Affordable
Late Summer,San Francisco,PHL,1,United,384.0539451,382.190872,Not Affordable
Late Summer,San Francisco,"Washington, DC",2,United,459.8730367,209.4494421,Affordable
Early Summer,San Francisco,New York,1,United,517.4829507,384.5378754,Not Affordable
Late Summer,San Francisco,San Diego,1,Southwest Airlines,180.3080597,181.9541378,Affordable
Early Summer,San Francisco,Nashville,1,United,337.3357337,390.4690558,Not Affordable
Early Summer,San Francisco,PHL,1,Alaska Airlines,384.0539451,347.9763006,Not Affordable
Early Summer,San Francisco,Boston,4,United,425.4126871,94.00911268,Affordable
Late Summer,San Francisco,Boston,1,United,425.4126871,418.713752,Not Affordable
Early Summer,San Francisco,New York,1,Alaska Airlines,517.4829507,281.492576,Not Affordable
Late Summer,San Francisco,Seattle,1,Alaska Airlines,212.8712372,251.0942672,Affordable
Late Summer,San Francisco,New York,2,Frontier Airlines,517.4829507,96.97319668,Affordable
Early Summer,San Francisco,Boston,1,United,425.4126871,436.4720575,Not Affordable
Early Summer,San Francisco,Boston,2,Alaska Airlines,425.4126871,160.2059833,Affordable
Late Summer,San Francisco,Chicago,4,United,355.3685394,96.01420527,Affordable
Late Summer,San Francisco,Seattle,3,Alaska Airlines,212.8712372,97.29984268,Affordable
Late Summer,San Francisco,San Diego,2,Alaska Airlines,180.3080597,99.5344518,Affordable
Early Summer,San Francisco,"Washington, DC",1,Alaska Airlines,459.8730367,438.1808266,Not Affordable
Early Summer,San Francisco,"Washington, DC",1,United,459.8730367,478.921516,Not Affordable
Late Summer,San Francisco,Nashville,1,Southwest Airlines,337.3357337,278.3693445,Not Affordable
Late Summer,San Francisco,PHL,1,United,384.0539451,382.190872,Not Affordable
Early Summer,San Francisco,PHL,1,United,384.0539451,400.1297356,Not Affordable
Early Summer,San Francisco,New York,1,Alaska Airlines,517.4829507,432.2613235,Not Affordable
Late Summer,San Francisco,Nashville,1,United,337.3357337,386.9471422,Not Affordable
Early Summer,San Francisco,Seattle,1,United,212.8712372,284.9485713,Affordable
Early Summer,San Francisco,PHL,1,JetBlue Airways,384.0539451,406.2995688,Not Affordable
Late Summer,San Francisco,New York,1,Alaska Airlines,517.4829507,392.4371492,Not Affordable
Late Summer,San Francisco,Boston,2,Delta,425.4126871,189.7023246,Affordable
Early Summer,San Francisco,Chicago,1,Alaska Airlines,355.3685394,339.0524956,Not Affordable
Early Summer,San Francisco,Chicago,1,United,355.3685394,416.3318359,Not Affordable
Late Summer,San Francisco,New York,1,Alaska Airlines,517.4829507,392.4371492,Not Affordable
Late Summer,San Francisco,San Diego,1,Southwest Airlines,180.3080597,181.9541378,Affordable
Late Summer,San Francisco,San Diego,2,United,180.3080597,111.1674109,Affordable
Early Summer,San Francisco,Honolulu,2,United,389.4728459,184.9141731,Affordable
Early Summer,San Francisco,New York,1,JetBlue Airways,517.4829507,410.2589877,Not Affordable
Late Summer,San Francisco,"Washington, DC",1,United,459.8730367,432.3310743,Not Affordable
Early Summer,San Francisco,PHL,1,United,384.0539451,411.6173178,Not Affordable
Early Summer,San Francisco,New York,1,Alaska Airlines,517.4829507,432.2613235,Not Affordable
Late Summer,San Francisco,Seattle,1,Delta,212.8712372,214.4417326,Affordable
Late Summer,San Francisco,New Orleans,1,United,318.5411406,366.3587337,Affordable
Early Summer,San Francisco,Boston,1,Alaska Airlines,425.4126871,352.4295884,Not Affordable
Late Summer,San Francisco,New Orleans,2,United,318.5411406,152.7839523,Affordable
Late Summer,San Francisco,New York,1,Delta,517.4829507,420.6896488,Not Affordable
Late Summer,San Francisco,"Washington, DC",1,Delta,459.8730367,361.5579466,Not Affordable
Late Summer,San Francisco,"Washington, DC",1,United,459.8730367,464.956823,Not Affordable
Late Summer,San Francisco,Chicago,1,United,355.3685394,446.9245953,Not Affordable
Early Summer,San Francisco,Seattle,1,United,212.8712372,284.9485713,Affordable
Early Summer,San Francisco,New York,1,United,517.4829507,375.0340182,Not Affordable
Early Summer,San Francisco,Boston,1,Alaska Airlines,425.4126871,352.4295884,Not Affordable
Late Summer,San Francisco,"Washington, DC",1,United,459.8730367,414.5662692,Not Affordable
Late Summer,San Francisco,New York,3,Alaska Airlines,517.4829507,61.99986337,Affordable
Late Summer,San Francisco,"Washington, DC",4,United,459.8730367,92.78599521,Affordable
Early Summer,San Francisco,Boston,1,United,425.4126871,436.4720575,Not Affordable
Late Summer,San Francisco,"Washington, DC",1,United,459.8730367,432.3310743,Not Affordable
Late Summer,San Francisco,Chicago,3,United,355.3685394,118.896336,Affordable
Late Summer,San Francisco,Boston,1,Alaska Airlines,425.4126871,341.0096504,Not Affordable
Late Summer,San Francisco,Boston,1,Delta,425.4126871,397.6109453,Not Affordable
Late Summer,San Francisco,Honolulu,1,United,389.4728459,314.9743876,Not Affordable
Early Summer,San Francisco,PHL,1,Alaska Airlines,384.0539451,347.9763006,Not Affordable
Early Summer,San Francisco,New York,2,Delta,517.4829507,267.2219505,Affordable
Late Summer,San Francisco,"Washington, DC",1,Alaska Airlines,459.8730367,371.3713658,Not Affordable
Early Summer,San Francisco,New York,1,Alaska Airlines,517.4829507,432.2613235,Not Affordable
Late Summer,San Francisco,Seattle,1,United,212.8712372,272.1478904,Affordable
Early Summer,San Francisco,Seattle,1,Alaska Airlines,212.8712372,257.1828494,Affordable
Late Summer,San Francisco,"Washington, DC",1,Alaska Airlines,459.8730367,357.5887256,Not Affordable
Early Summer,San Francisco,"Washington, DC",2,Delta,459.8730367,288.6486599,Affordable
Late Summer,San Francisco,Chicago,1,United,355.3685394,446.9245953,Not Affordable
Late Summer,San Francisco,San Diego,1,Alaska Airlines,180.3080597,202.7799898,Affordable
Late Summer,San Francisco,New York,1,Alaska Airlines,517.4829507,293.8175069,Not Affordable
Early Summer,San Francisco,Honolulu,1,United,389.4728459,340.7004685,Not Affordable
Late Summer,San Francisco,Chicago,1,Alaska Airlines,355.3685394,358.9908283,Affordable
Early Summer,San Francisco,San Diego,1,Alaska Airlines,180.3080597,207.3832392,Affordable
Late Summer,San Francisco,Seattle,4,United,212.8712372,64.87708427,Affordable
Late Summer,San Francisco,Chicago,1,United,355.3685394,446.9245953,Not Affordable
Early Summer,San Francisco,New York,1,Alaska Airlines,517.4829507,291.2209243,Not Affordable
Late Summer,San Francisco,Boston,1,United,425.4126871,418.713752,Not Affordable
Early Summer,San Francisco,Boston,2,United,425.4126871,198.7268531,Affordable
Early Summer,San Francisco,"Washington, DC",1,United,459.8730367,478.921516,Not Affordable
Early Summer,San Francisco,New York,2,JetBlue Airways,517.4829507,258.8872353,Affordable
Early Summer,San Francisco,Boston,2,Alaska Airlines,425.4126871,160.2059833,Affordable
Late Summer,San Francisco,Boston,2,Delta,425.4126871,189.7023246,Affordable
Early Summer,San Francisco,New York,1,JetBlue Airways,517.4829507,410.2589877,Not Affordable
Late Summer,San Francisco,New Orleans,1,Alaska Airlines,318.5411406,253.7636069,Affordable
Early Summer,San Francisco,Seattle,1,United,212.8712372,284.9485713,Affordable
Early Summer,San Francisco,Boston,3,JetBlue Airways,425.4126871,145.2646231,Affordable
Late Summer,San Francisco,Boston,3,United,425.4126871,118.0565952,Affordable
Late Summer,San Francisco,"Washington, DC",2,Alaska Airlines,459.8730367,154.4936699,Affordable
Early Summer,San Francisco,New York,3,Delta,517.4829507,168.7049008,Affordable
Early Summer,San Francisco,New York,6,Alaska Airlines,517.4829507,129.3694744,Affordable
Late Summer,San Francisco,Nashville,1,United,337.3357337,386.9471422,Not Affordable
Early Summer,San Francisco,Honolulu,1,United,389.4728459,477.5331385,Not Affordable
Early Summer,San Francisco,"Washington, DC",3,United,459.8730367,136.7886002,Affordable
Early Summer,San Francisco,San Diego,1,Frontier Airlines,180.3080597,123.2067592,Affordable
Late Summer,San Francisco,New York,1,United,517.4829507,333.9268419,Not Affordable
Late Summer,San Francisco,New York,1,JetBlue Airways,517.4829507,389.3562106,Not Affordable
Late Summer,San Francisco,PHL,1,Alaska Airlines,384.0539451,407.6921045,Affordable
Late Summer,San Francisco,Boston,1,Delta,425.4126871,397.6109453,Not Affordable
Late Summer,San Francisco,New York,6,Delta,517.4829507,121.9592092,Affordable
Early Summer,San Francisco,Boston,1,Alaska Airlines,425.4126871,352.4295884,Not Affordable
Early Summer,San Francisco,Chicago,1,United,355.3685394,459.0114787,Not Affordable
Late Summer,San Francisco,San Diego,3,United,180.3080597,80.12570728,Affordable
Early Summer,San Francisco,Seattle,3,Alaska Airlines,212.8712372,94.65064701,Affordable
Early Summer,San Francisco,"Washington, DC",1,United,459.8730367,478.921516,Not Affordable
Early Summer,San Francisco,Boston,2,Delta,425.4126871,188.0476812,Affordable
Early Summer,San Francisco,Honolulu,5,United,389.4728459,76.15365029,Affordable
Early Summer,San Francisco,Honolulu,1,United,389.4728459,477.5331385,Not Affordable
Early Summer,San Francisco,"Washington, DC",4,Alaska Airlines,459.8730367,100.7717696,Affordable
Early Summer,San Francisco,PHL,1,Alaska Airlines,384.0539451,347.9763006,Not Affordable
Early Summer,San Francisco,PHL,1,Alaska Airlines,384.0539451,430.5776514,Not Affordable
Late Summer,San Francisco,Chicago,1,United,355.3685394,446.9245953,Not Affordable
Late Summer,San Francisco,Chicago,1,Alaska Airlines,355.3685394,304.0376476,Affordable
Early Summer,San Francisco,Boston,1,Delta,425.4126871,433.0364294,Not Affordable
Early Summer,San Francisco,Chicago,1,Alaska Airlines,355.3685394,326.1214594,Not Affordable
Late Summer,San Francisco,Chicago,1,Alaska Airlines,355.3685394,269.4796747,Affordable
Late Summer,San Francisco,Chicago,1,Alaska Airlines,355.3685394,358.9908283,Affordable
Late Summer,San Francisco,Honolulu,2,United,389.4728459,184.0232892,Affordable
Early Summer,San Francisco,"Washington, DC",1,United,459.8730367,478.921516,Not Affordable
Late Summer,San Francisco,New Orleans,1,United,318.5411406,366.3587337,Affordable
Early Summer,San Francisco,Chicago,1,United,355.3685394,528.2763567,Not Affordable
Early Summer,San Francisco,Nashville,1,United,337.3357337,400.5288748,Not Affordable
Late Summer,San Francisco,PHL,1,Alaska Airlines,384.0539451,343.7395215,Affordable
Early Summer,San Francisco,Boston,1,Delta,425.4126871,433.0364294,Not Affordable
Early Summer,San Francisco,Boston,3,United,425.4126871,120.4036837,Affordable
Late Summer,San Francisco,San Diego,1,United,180.3080597,248.0589529,Affordable
Early Summer,San Francisco,Honolulu,2,United,389.4728459,184.9141731,Affordable
Early Summer,San Francisco,New York,1,Southwest Airlines,517.4829507,272.226223,Not Affordable
Late Summer,San Francisco,Portland,1,United,187.1371816,232.0862122,Affordable
Early Summer,San Francisco,"Washington, DC",1,Frontier Airlines,459.8730367,180.9331328,Not Affordable
Late Summer,San Francisco,New York,1,United,517.4829507,333.9268419,Not Affordable
Late Summer,San Francisco,"Washington, DC",1,United,459.8730367,432.3310743,Not Affordable
Late Summer,San Francisco,San Diego,1,United,180.3080597,248.0589529,Affordable
Early Summer,San Francisco,PHL,1,Alaska Airlines,384.0539451,430.5776514,Not Affordable
Late Summer,San Francisco,PHL,1,Alaska Airlines,384.0539451,317.2346259,Affordable
Early Summer,San Francisco,"Washington, DC",1,Alaska Airlines,459.8730367,362.0630458,Not Affordable
Early Summer,San Francisco,PHL,1,Alaska Airlines,384.0539451,430.5776514,Not Affordable
Early Summer,San Francisco,Boston,1,Delta,425.4126871,433.0364294,Not Affordable
Late Summer,San Francisco,Nashville,1,Alaska Airlines,337.3357337,290.9983371,Affordable
Late Summer,San Francisco,New York,1,Alaska Airlines,517.4829507,392.4371492,Not Affordable
Late Summer,San Francisco,New York,1,Delta,517.4829507,322.2926276,Not Affordable
Early Summer,San Francisco,PHL,1,Frontier Airlines,384.0539451,161.7598672,Not Affordable
Early Summer,San Francisco,Portland,1,Alaska Airlines,187.1371816,207.7566114,Affordable
Early Summer,San Francisco,San Diego,2,Alaska Airlines,180.3080597,98.05532505,Affordable
Early Summer,San Francisco,New York,1,Delta,517.4829507,460.3048532,Not Affordable
Late Summer,San Francisco,PHL,1,Alaska Airlines,384.0539451,317.2346259,Affordable
Early Summer,San Francisco,PHL,1,Frontier Airlines,384.0539451,177.9970355,Not Affordable
Late Summer,San Francisco,"Washington, DC",1,United,459.8730367,432.3310743,Not Affordable
Early Summer,San Francisco,Boston,2,United,425.4126871,198.7268531,Affordable
Early Summer,San Francisco,Honolulu,1,United,389.4728459,477.5331385,Not Affordable
Late Summer,San Francisco,Seattle,3,Alaska Airlines,212.8712372,97.29984268,Affordable
Late Summer,San Francisco,New York,3,Alaska Airlines,517.4829507,145.3779235,Affordable
Early Summer,San Francisco,Chicago,1,United,355.3685394,459.0114787,Not Affordable
Early Summer,San Francisco,Honolulu,1,Alaska Airlines,389.4728459,372.9980311,Not Affordable
Late Summer,San Francisco,"Washington, DC",1,Alaska Airlines,459.8730367,370.8671934,Not Affordable
Early Summer,San Francisco,Honolulu,1,United,389.4728459,477.5331385,Not Affordable
Early Summer,San Francisco,Chicago,1,Alaska Airlines,355.3685394,372.050438,Not Affordable
Late Summer,San Francisco,"Washington, DC",2,United,459.8730367,209.4494421,Affordable
Late Summer,San Francisco,Boston,1,Alaska Airlines,425.4126871,341.0096504,Not Affordable
Early Summer,San Francisco,Seattle,1,United,212.8712372,284.9485713,Affordable
Early Summer,San Francisco,Seattle,1,Delta,212.8712372,230.8142753,Affordable
Early Summer,San Francisco,Boston,1,JetBlue Airways,425.4126871,392.7225229,Not Affordable
Early Summer,San Francisco,Nashville,1,United,337.3357337,400.5288748,Not Affordable
Late Summer,San Francisco,Seattle,1,Delta,212.8712372,214.4417326,Affordable
Late Summer,San Francisco,Boston,1,United,425.4126871,373.7962516,Not Affordable
Early Summer,San Francisco,PHL,1,Alaska Airlines,384.0539451,430.5776514,Not Affordable
Late Summer,San Francisco,Seattle,1,Alaska Airlines,212.8712372,251.0942672,Affordable
Late Summer,San Francisco,San Diego,2,Alaska Airlines,180.3080597,99.5344518,Affordable
Early Summer,San Francisco,Boston,1,Alaska Airlines,425.4126871,352.4295884,Not Affordable
Early Summer,San Francisco,Boston,1,United,425.4126871,436.4720575,Not Affordable
Early Summer,San Francisco,Honolulu,1,United,389.4728459,477.5331385,Not Affordable
Late Summer,San Francisco,Boston,1,United,425.4126871,418.713752,Not Affordable
Late Summer,San Francisco,San Diego,3,Southwest Airlines,180.3080597,71.03651282,Affordable
Late Summer,San Francisco,Boston,10,United,425.4126871,120.1228257,Affordable
Early Summer,San Francisco,Boston,2,Alaska Airlines,425.4126871,160.2059833,Affordable
Early Summer,San Francisco,"Washington, DC",3,United,459.8730367,136.7886002,Affordable
Late Summer,San Francisco,Boston,1,United,425.4126871,337.0108635,Not Affordable
Early Summer,San Francisco,New Orleans,1,United,318.5411406,405.8794838,Not Affordable
Early Summer,San Francisco,New York,2,JetBlue Airways,517.4829507,258.8872353,Affordable
Late Summer,San Francisco,Boston,1,Alaska Airlines,425.4126871,339.1722988,Not Affordable
Early Summer,San Francisco,Honolulu,2,United,389.4728459,184.9141731,Affordable
Early Summer,San Francisco,Boston,1,United,425.4126871,436.4720575,Not Affordable
Early Summer,San Francisco,New York,1,Delta,517.4829507,370.6666496,Not Affordable
Late Summer,San Francisco,Chicago,1,United,355.3685394,446.9245953,Not Affordable
Early Summer,San Francisco,Chicago,3,United,355.3685394,119.5248444,Affordable
Late Summer,San Francisco,Boston,1,JetBlue Airways,425.4126871,379.6846985,Not Affordable
Late Summer,San Francisco,New York,1,Alaska Airlines,517.4829507,392.4371492,Not Affordable
Early Summer,San Francisco,"Washington, DC",1,United,459.8730367,339.6741034,Not Affordable
Late Summer,San Francisco,Boston,1,United,425.4126871,418.713752,Not Affordable
Late Summer,San Francisco,"Washington, DC",1,Delta,459.8730367,384.8541305,Not Affordable
Late Summer,San Francisco,New Orleans,1,Alaska Airlines,318.5411406,253.7636069,Affordable
Early Summer,San Francisco,"Washington, DC",1,Alaska Airlines,459.8730367,354.074936,Not Affordable
Early Summer,San Francisco,New York,1,Alaska Airlines,517.4829507,432.2613235,Not Affordable
Late Summer,San Francisco,PHL,1,United,384.0539451,382.190872,Not Affordable
Early Summer,San Francisco,Seattle,1,United,212.8712372,284.9485713,Affordable
Early Summer,San Francisco,Chicago,1,Delta,355.3685394,382.1224922,Not Affordable
Late Summer,San Francisco,San Diego,1,United,180.3080597,248.0589529,Affordable
Early Summer,San Francisco,New York,1,Delta,517.4829507,460.3048532,Not Affordable
Late Summer,San Francisco,New York,1,Alaska Airlines,517.4829507,392.4371492,Not Affordable
Early Summer,San Francisco,Seattle,1,Delta,212.8712372,230.8142753,Affordable
Early Summer,San Francisco,"Washington, DC",1,United,459.8730367,478.921516,Not Affordable
Late Summer,San Francisco,Honolulu,2,United,389.4728459,184.0232892,Affordable
Early Summer,San Francisco,Portland,1,Alaska Airlines,187.1371816,207.7566114,Affordable
Early Summer,San Francisco,Honolulu,1,United,389.4728459,477.5331385,Not Affordable
Early Summer,San Francisco,San Diego,2,Southwest Airlines,180.3080597,94.8438891,Affordable
Early Summer,San Francisco,New York,4,Alaska Airlines,517.4829507,155.7884151,Affordable
Early Summer,San Francisco,Chicago,1,United,355.3685394,278.8109633,Not Affordable
Early Summer,San Francisco,Chicago,2,Frontier Airlines,355.3685394,68.84611911,Affordable
Late Summer,San Francisco,Chicago,1,Southwest Airlines,355.3685394,220.0455181,Not Affordable
Early Summer,San Francisco,PHL,1,Alaska Airlines,384.0539451,386.9852822,Not Affordable
Early Summer,San Francisco,Honolulu,1,United,389.4728459,477.5331385,Not Affordable
Late Summer,San Francisco,"Washington, DC",1,JetBlue Airways,459.8730367,248.6926438,Not Affordable
Early Summer,San Francisco,New Orleans,1,Alaska Airlines,318.5411406,290.1105271,Affordable
Late Summer,San Francisco,Boston,1,Delta,425.4126871,397.6109453,Not Affordable
Early Summer,San Francisco,Boston,1,JetBlue Airways,425.4126871,244.4659401,Not Affordable
Early Summer,San Francisco,Chicago,1,United,355.3685394,422.6698789,Not Affordable
Late Summer,San Francisco,New York,1,Alaska Airlines,517.4829507,412.4171169,Not Affordable
Early Summer,San Francisco,Seattle,1,United,212.8712372,284.9485713,Affordable
Early Summer,San Francisco,Honolulu,1,Alaska Airlines,389.4728459,372.9980311,Not Affordable
Late Summer,San Francisco,New York,6,Alaska Airlines,517.4829507,132.7754699,Affordable
Late Summer,San Francisco,"Washington, DC",1,United,459.8730367,432.3310743,Not Affordable
Late Summer,San Francisco,Boston,2,JetBlue Airways,425.4126871,213.7618715,Affordable
Late Summer,San Francisco,"Washington, DC",1,United,459.8730367,414.5662692,Not Affordable
Late Summer,San Francisco,"Washington, DC",1,United,459.8730367,414.5662692,Not Affordable
Early Summer,San Francisco,Seattle,2,Delta,212.8712372,101.6438785,Affordable
Early Summer,San Francisco,Chicago,1,United,355.3685394,389.4347204,Not Affordable
Early Summer,San Francisco,Chicago,1,United,355.3685394,459.0114787,Not Affordable
Early Summer,San Francisco,Boston,1,Alaska Airlines,425.4126871,352.4295884,Not Affordable
Late Summer,San Francisco,Chicago,1,United,355.3685394,446.9245953,Not Affordable
Early Summer,San Francisco,Boston,1,United,425.4126871,401.1871196,Not Affordable
Early Summer,San Francisco,Chicago,3,Frontier Airlines,355.3685394,61.246853,Affordable
Late Summer,San Francisco,PHL,2,Delta,384.0539451,111.252446,Affordable
Late Summer,San Francisco,Boston,2,United,425.4126871,194.9766636,Affordable
Early Summer,San Francisco,San Diego,2,United,180.3080597,118.5452791,Affordable
Late Summer,San Francisco,Chicago,1,Southwest Airlines,355.3685394,220.0455181,Not Affordable
Early Summer,San Francisco,PHL,1,Alaska Airlines,384.0539451,430.5776514,Not Affordable
Early Summer,San Francisco,Seattle,4,Delta,212.8712372,50.26625759,Affordable
Early Summer,San Francisco,"Washington, DC",2,United,459.8730367,224.668323,Affordable
Early Summer,San Francisco,New York,7,JetBlue Airways,517.4829507,141.1233418,Affordable
Early Summer,San Francisco,New York,3,Delta,517.4829507,168.7049008,Affordable
Early Summer,San Francisco,New York,1,Delta,517.4829507,435.87468,Not Affordable
Late Summer,San Francisco,PHL,2,Alaska Airlines,384.0539451,204.2135697,Affordable
Early Summer,San Francisco,"Washington, DC",1,United,459.8730367,478.921516,Not Affordable
Late Summer,San Francisco,"Washington, DC",1,United,459.8730367,432.3310743,Not Affordable
Late Summer,San Francisco,Boston,1,JetBlue Airways,425.4126871,379.6846985,Not Affordable
Early Summer,San Francisco,Seattle,1,Alaska Airlines,212.8712372,257.1828494,Affordable
Early Summer,San Francisco,Honolulu,1,United,389.4728459,477.5331385,Not Affordable
Early Summer,San Francisco,Nashville,1,Frontier Airlines,337.3357337,157.8015946,Not Affordable
Late Summer,San Francisco,New York,1,Alaska Airlines,517.4829507,296.4163866,Not Affordable
Late Summer,San Francisco,Chicago,1,United,355.3685394,403.6197134,Not Affordable
Early Summer,San Francisco,PHL,1,Delta,384.0539451,376.8427862,Not Affordable
Late Summer,San Francisco,New Orleans,1,Alaska Airlines,318.5411406,277.1354124,Affordable
Late Summer,San Francisco,Boston,2,Delta,425.4126871,189.7023246,Affordable
Late Summer,San Francisco,Nashville,1,United,337.3357337,386.9471422,Not Affordable
Early Summer,San Francisco,San Diego,1,Frontier Airlines,180.3080597,123.2067592,Affordable
Early Summer,San Francisco,Seattle,1,Alaska Airlines,212.8712372,257.1828494,Affordable
Early Summer,San Francisco,Boston,1,United,425.4126871,436.4720575,Not Affordable
Early Summer,San Francisco,San Diego,4,United,180.3080597,69.06534389,Affordable
Late Summer,San Francisco,Nashville,1,United,337.3357337,386.9471422,Not Affordable
Early Summer,San Francisco,Chicago,1,United,355.3685394,404.490367,Not Affordable
Late Summer,San Francisco,Chicago,2,United,355.3685394,202.0029303,Affordable
Late Summer,San Francisco,Seattle,1,United,212.8712372,272.1478904,Affordable
Early Summer,San Francisco,Boston,5,Delta,425.4126871,70.18324881,Affordable
Early Summer,San Francisco,Boston,1,United,425.4126871,434.6733917,Not Affordable
Late Summer,San Francisco,Boston,1,United,425.4126871,418.713752,Not Affordable
Early Summer,San Francisco,"Washington, DC",1,United,459.8730367,469.0719449,Not Affordable
Early Summer,San Francisco,Boston,1,Delta,425.4126871,433.0364294,Not Affordable
Early Summer,San Francisco,PHL,1,United,384.0539451,481.5834754,Not Affordable
Early Summer,San Francisco,"Washington, DC",1,United,459.8730367,478.921516,Not Affordable
Late Summer,San Francisco,Boston,3,United,425.4126871,118.0565952,Affordable
Early Summer,San Francisco,San Diego,1,Alaska Airlines,180.3080597,207.3832392,Affordable
Early Summer,San Francisco,PHL,1,Alaska Airlines,384.0539451,430.5776514,Not Affordable
Early Summer,San Francisco,Seattle,3,Alaska Airlines,212.8712372,94.65064701,Affordable
Late Summer,San Francisco,New Orleans,1,United,318.5411406,366.3587337,Affordable
Early Summer,San Francisco,New York,2,JetBlue Airways,517.4829507,258.8872353,Affordable
Late Summer,San Francisco,Chicago,4,Alaska Airlines,355.3685394,87.67816223,Affordable
Early Summer,San Francisco,Chicago,1,United,355.3685394,337.7881635,Not Affordable
Early Summer,San Francisco,"Washington, DC",2,Alaska Airlines,459.8730367,174.044869,Affordable
Late Summer,San Francisco,New Orleans,1,United,318.5411406,366.3587337,Affordable
Early Summer,San Francisco,Seattle,1,United,212.8712372,284.9485713,Affordable
Early Summer,San Francisco,PHL,2,Alaska Airlines,384.0539451,207.2670442,Affordable
Late Summer,San Francisco,San Diego,1,Southwest Airlines,180.3080597,181.9541378,Affordable
Early Summer,San Francisco,Boston,3,United,425.4126871,120.4036837,Affordable
Late Summer,San Francisco,"Washington, DC",1,United,459.8730367,432.3310743,Not Affordable
Early Summer,San Francisco,Seattle,1,United,212.8712372,284.9485713,Affordable
Early Summer,San Francisco,"Washington, DC",1,Frontier Airlines,459.8730367,180.9331328,Not Affordable
Early Summer,San Francisco,"Washington, DC",1,Southwest Airlines,459.8730367,304.7517809,Not Affordable
Late Summer,San Francisco,PHL,1,JetBlue Airways,384.0539451,269.6032403,Not Affordable
Late Summer,San Francisco,Chicago,1,United,355.3685394,446.9245953,Not Affordable
Late Summer,San Francisco,PHL,1,United,384.0539451,382.190872,Not Affordable
Early Summer,San Francisco,"Washington, DC",1,United,459.8730367,478.921516,Not Affordable
Late Summer,San Francisco,"Washington, DC",1,United,459.8730367,375.601383,Not Affordable
Late Summer,San Francisco,Honolulu,2,Alaska Airlines,389.4728459,145.9504499,Affordable
Early Summer,San Francisco,New York,2,Delta,517.4829507,267.2219505,Affordable
Late Summer,San Francisco,Chicago,1,Alaska Airlines,355.3685394,304.0376476,Affordable
Early Summer,San Francisco,New York,2,Delta,517.4829507,267.2219505,Affordable
Early Summer,San Francisco,San Diego,2,United,180.3080597,118.5452791,Affordable
Late Summer,San Francisco,"Washington, DC",1,United,459.8730367,414.5662692,Not Affordable
Late Summer,San Francisco,PHL,1,Alaska Airlines,384.0539451,407.6921045,Affordable
Late Summer,San Francisco,Chicago,2,Alaska Airlines,355.3685394,177.3453317,Affordable
Early Summer,San Francisco,Boston,3,Delta,425.4126871,109.680756,Affordable
Late Summer,San Francisco,PHL,1,Alaska Airlines,384.0539451,317.2346259,Affordable
Early Summer,San Francisco,Portland,1,Alaska Airlines,187.1371816,207.7566114,Affordable
Late Summer,San Francisco,Chicago,1,United,355.3685394,446.9245953,Not Affordable
Late Summer,San Francisco,Chicago,1,Alaska Airlines,355.3685394,309.8229065,Affordable
Late Summer,San Francisco,New Orleans,3,United,318.5411406,98.87523982,Affordable
Early Summer,San Francisco,Chicago,1,United,355.3685394,459.0114787,Not Affordable
Early Summer,San Francisco,New York,1,United,517.4829507,384.5378754,Not Affordable
Late Summer,San Francisco,Boston,1,United,425.4126871,418.713752,Not Affordable
Early Summer,San Francisco,Honolulu,1,Alaska Airlines,389.4728459,372.9980311,Not Affordable
Late Summer,San Francisco,PHL,1,United,384.0539451,382.190872,Not Affordable
Late Summer,San Francisco,PHL,1,Alaska Airlines,384.0539451,407.6921045,Affordable
Late Summer,San Francisco,Boston,2,JetBlue Airways,425.4126871,213.7618715,Affordable
Late Summer,San Francisco,Boston,1,United,425.4126871,418.713752,Not Affordable
Late Summer,San Francisco,San Diego,1,United,180.3080597,248.0589529,Affordable
Late Summer,San Francisco,Nashville,1,United,337.3357337,386.9471422,Not Affordable
Early Summer,San Francisco,Nashville,1,United,337.3357337,400.5288748,Not Affordable
Late Summer,San Francisco,Boston,4,United,425.4126871,91.66202414,Affordable
Early Summer,San Francisco,San Diego,1,Alaska Airlines,180.3080597,207.3832392,Affordable
Late Summer,San Francisco,Chicago,1,United,355.3685394,362.1245502,Not Affordable
Early Summer,San Francisco,San Diego,1,United,180.3080597,260.558361,Affordable
Late Summer,San Francisco,New York,1,Delta,517.4829507,420.6896488,Not Affordable
Early Summer,San Francisco,PHL,1,Alaska Airlines,384.0539451,339.1850624,Not Affordable
Early Summer,San Francisco,Honolulu,3,Alaska Airlines,389.4728459,94.46663751,Affordable
Late Summer,San Francisco,"Washington, DC",1,Alaska Airlines,459.8730367,343.2555166,Not Affordable
Late Summer,San Francisco,New York,2,JetBlue Airways,517.4829507,259.5844956,Affordable
Late Summer,San Francisco,Nashville,2,United,337.3357337,155.9063382,Affordable
Early Summer,San Francisco,Boston,3,United,425.4126871,120.4036837,Affordable
Late Summer,San Francisco,Honolulu,1,United,389.4728459,446.7650287,Not Affordable
Late Summer,San Francisco,"Washington, DC",1,United,459.8730367,381.8052085,Not Affordable
Late Summer,San Francisco,Boston,2,JetBlue Airways,425.4126871,213.7618715,Affordable
Late Summer,San Francisco,Portland,1,Alaska Airlines,187.1371816,202.5317729,Affordable
Late Summer,San Francisco,Seattle,2,Alaska Airlines,212.8712372,126.3666017,Affordable
Early Summer,San Francisco,Chicago,2,Southwest Airlines,355.3685394,127.5253661,Affordable
Late Summer,San Francisco,Boston,1,JetBlue Airways,425.4126871,379.6846985,Not Affordable
Early Summer,San Francisco,PHL,1,United,384.0539451,411.6173178,Not Affordable
Early Summer,San Francisco,Portland,1,Alaska Airlines,187.1371816,207.7566114,Affordable
Late Summer,San Francisco,New Orleans,1,Southwest Airlines,318.5411406,221.0741626,Affordable
Late Summer,San Francisco,"Washington, DC",1,Alaska Airlines,459.8730367,357.5887256,Not Affordable
Late Summer,San Francisco,Boston,1,Delta,425.4126871,397.6109453,Not Affordable
Late Summer,San Francisco,New York,1,Alaska Airlines,517.4829507,412.4171169,Not Affordable
Early Summer,San Francisco,New Orleans,1,Alaska Airlines,318.5411406,290.1105271,Affordable
Early Summer,San Francisco,PHL,1,United,384.0539451,411.6173178,Not Affordable
Late Summer,San Francisco,Chicago,2,United,355.3685394,202.0029303,Affordable
Late Summer,San Francisco,Portland,1,Alaska Airlines,187.1371816,202.5317729,Affordable
Late Summer,San Francisco,Seattle,1,Alaska Airlines,212.8712372,251.0942672,Affordable
Early Summer,San Francisco,"Washington, DC",1,United,459.8730367,413.4629421,Not Affordable
Early Summer,San Francisco,New York,1,Delta,517.4829507,372.4946122,Not Affordable
Late Summer,San Francisco,Seattle,2,United,212.8712372,121.9032839,Affordable
Late Summer,San Francisco,"Washington, DC",1,United,459.8730367,432.3310743,Not Affordable
Early Summer,San Francisco,New Orleans,1,Alaska Airlines,318.5411406,290.1105271,Affordable
Early Summer,San Francisco,Chicago,1,Southwest Airlines,355.3685394,257.5583349,Not Affordable
Early Summer,San Francisco,Boston,1,Alaska Airlines,425.4126871,352.4295884,Not Affordable
Late Summer,San Francisco,PHL,1,Delta,384.0539451,297.8310934,Not Affordable
Early Summer,San Francisco,Seattle,1,Alaska Airlines,212.8712372,193.3033629,Affordable
Late Summer,San Francisco,New York,1,Southwest Airlines,517.4829507,241.5225554,Not Affordable
Late Summer,San Francisco,New York,1,Alaska Airlines,517.4829507,392.4371492,Not Affordable
Early Summer,San Francisco,Seattle,1,United,212.8712372,284.9485713,Affordable
Late Summer,San Francisco,"Washington, DC",5,Alaska Airlines,459.8730367,72.25508049,Affordable
Early Summer,San Francisco,Nashville,1,United,337.3357337,400.5288748,Not Affordable
Early Summer,San Francisco,New York,1,Alaska Airlines,517.4829507,406.784845,Not Affordable
Late Summer,San Francisco,Boston,2,Alaska Airlines,425.4126871,167.1611791,Affordable
Late Summer,San Francisco,Boston,1,Delta,425.4126871,397.6109453,Not Affordable
Early Summer,San Francisco,Boston,1,Alaska Airlines,425.4126871,347.5553667,Not Affordable
Early Summer,San Francisco,"Washington, DC",1,United,459.8730367,339.6741034,Not Affordable
Early Summer,San Francisco,Boston,1,Alaska Airlines,425.4126871,352.4295884,Not Affordable
Late Summer,San Francisco,Chicago,1,United,355.3685394,446.9245953,Not Affordable
Late Summer,San Francisco,Seattle,2,United,212.8712372,121.9032839,Affordable
Early Summer,San Francisco,"Washington, DC",1,United,459.8730367,478.921516,Not Affordable
Late Summer,San Francisco,New York,3,JetBlue Airways,517.4829507,177.2476079,Affordable
Early Summer,San Francisco,"Washington, DC",1,United,459.8730367,469.0719449,Not Affordable
Early Summer,San Francisco,Nashville,3,United,337.3357337,105.1247722,Affordable
Late Summer,San Francisco,PHL,1,Alaska Airlines,384.0539451,407.6921045,Affordable
Early Summer,San Francisco,New York,1,Alaska Airlines,517.4829507,372.596451,Not Affordable
Early Summer,San Francisco,Boston,2,JetBlue Airways,425.4126871,214.582518,Affordable
Late Summer,San Francisco,Nashville,1,Delta,337.3357337,291.3564799,Affordable
Late Summer,San Francisco,Chicago,1,Alaska Airlines,355.3685394,358.9908283,Affordable
Early Summer,San Francisco,San Diego,2,United,180.3080597,118.5452791,Affordable
Early Summer,San Francisco,PHL,1,United,384.0539451,411.6173178,Not Affordable
Early Summer,San Francisco,PHL,1,Delta,384.0539451,328.8907954,Not Affordable
Late Summer,San Francisco,Portland,1,Alaska Airlines,187.1371816,202.5317729,Affordable
Early Summer,San Francisco,San Diego,1,Alaska Airlines,180.3080597,207.3832392,Affordable
Early Summer,San Francisco,"Washington, DC",1,United,459.8730367,466.3823608,Not Affordable
Late Summer,San Francisco,Boston,1,JetBlue Airways,425.4126871,379.6846985,Not Affordable
Early Summer,San Francisco,New York,1,Delta,517.4829507,460.3048532,Not Affordable
Late Summer,San Francisco,New York,1,Delta,517.4829507,420.6896488,Not Affordable
Early Summer,San Francisco,Portland,1,Alaska Airlines,187.1371816,207.7566114,Affordable
Early Summer,San Francisco,Boston,1,Delta,425.4126871,433.0364294,Not Affordable
Early Summer,San Francisco,"Washington, DC",2,United,459.8730367,227.2399677,Affordable
Early Summer,San Francisco,Seattle,1,Alaska Airlines,212.8712372,257.1828494,Affordable
Early Summer,San Francisco,New York,1,JetBlue Airways,517.4829507,321.1018328,Not Affordable
Late Summer,San Francisco,"Washington, DC",3,United,459.8730367,122.5653645,Affordable
Early Summer,San Francisco,Chicago,1,Alaska Airlines,355.3685394,372.050438,Not Affordable
Late Summer,San Francisco,Boston,1,United,425.4126871,418.713752,Not Affordable
Early Summer,San Francisco,Portland,2,United,187.1371816,106.7641789,Affordable
Late Summer,San Francisco,"Washington, DC",2,Alaska Airlines,459.8730367,179.8622078,Affordable
Early Summer,San Francisco,PHL,1,Alaska Airlines,384.0539451,347.9763006,Not Affordable
Late Summer,San Francisco,Chicago,1,United,355.3685394,446.9245953,Not Affordable
Early Summer,San Francisco,San Diego,1,United,180.3080597,260.558361,Affordable
Late Summer,San Francisco,Honolulu,2,United,389.4728459,184.0232892,Affordable
Early Summer,San Francisco,PHL,1,United,384.0539451,411.6173178,Not Affordable
Late Summer,San Francisco,Honolulu,1,Alaska Airlines,389.4728459,334.3941163,Not Affordable
Early Summer,San Francisco,Nashville,1,United,337.3357337,399.9883935,Not Affordable
Early Summer,San Francisco,Seattle,1,United,212.8712372,284.9485713,Affordable
Early Summer,San Francisco,Honolulu,1,United,389.4728459,477.5331385,Not Affordable
Early Summer,San Francisco,Seattle,1,United,212.8712372,284.9485713,Affordable
Early Summer,San Francisco,Portland,1,United,187.1371816,241.6657515,Affordable
Early Summer,San Francisco,"Washington, DC",1,Delta,459.8730367,430.0984949,Not Affordable
Late Summer,San Francisco,Nashville,1,United,337.3357337,384.4464406,Not Affordable
Late Summer,San Francisco,New York,1,Alaska Airlines,517.4829507,412.4171169,Not Affordable
Late Summer,San Francisco,Honolulu,1,United,389.4728459,446.7650287,Not Affordable
Early Summer,San Francisco,San Diego,1,Alaska Airlines,180.3080597,207.3832392,Affordable
Late Summer,San Francisco,Chicago,5,United,355.3685394,87.62202928,Affordable
Early Summer,San Francisco,New York,1,Delta,517.4829507,435.9329551,Not Affordable
Late Summer,San Francisco,PHL,1,United,384.0539451,382.190872,Not Affordable
Early Summer,San Francisco,Seattle,1,Alaska Airlines,212.8712372,257.1828494,Affordable
Late Summer,San Francisco,Honolulu,1,United,389.4728459,446.7650287,Not Affordable
Early Summer,San Francisco,"Washington, DC",1,United,459.8730367,340.8116119,Not Affordable
Late Summer,San Francisco,Chicago,1,Southwest Airlines,355.3685394,220.0455181,Not Affordable
Early Summer,San Francisco,Honolulu,1,United,389.4728459,477.5331385,Not Affordable
Early Summer,San Francisco,Seattle,1,United,212.8712372,284.9485713,Affordable
Early Summer,San Francisco,Boston,1,JetBlue Airways,425.4126871,392.7225229,Not Affordable
Early Summer,San Francisco,San Diego,1,United,180.3080597,260.558361,Affordable
Late Summer,San Francisco,San Diego,1,Southwest Airlines,180.3080597,160.7414005,Affordable
Early Summer,San Francisco,PHL,1,Frontier Airlines,384.0539451,161.7598672,Not Affordable
Early Summer,San Francisco,"Washington, DC",2,United,459.8730367,227.2399677,Affordable
Early Summer,San Francisco,Nashville,2,United,337.3357337,157.4110449,Affordable
Early Summer,San Francisco,New York,10,Delta,517.4829507,117.777012,Affordable
Early Summer,San Francisco,Chicago,3,Alaska Airlines,355.3685394,108.7180431,Affordable
Early Summer,San Francisco,Honolulu,3,United,389.4728459,109.4583927,Affordable
Late Summer,San Francisco,Chicago,1,Alaska Airlines,355.3685394,358.9908283,Affordable
Early Summer,San Francisco,"Washington, DC",1,United,459.8730367,402.8329531,Not Affordable
Early Summer,San Francisco,"Washington, DC",1,Delta,459.8730367,430.0984949,Not Affordable
Early Summer,San Francisco,"Washington, DC",1,United,459.8730367,478.921516,Not Affordable
Late Summer,San Francisco,PHL,3,Alaska Airlines,384.0539451,142.3400172,Affordable
Early Summer,San Francisco,Seattle,1,Alaska Airlines,212.8712372,257.1828494,Affordable
Late Summer,San Francisco,New York,1,Alaska Airlines,517.4829507,392.4371492,Not Affordable
Early Summer,San Francisco,Boston,1,JetBlue Airways,425.4126871,244.4659401,Not Affordable
Late Summer,San Francisco,New York,1,Delta,517.4829507,420.6896488,Not Affordable
Late Summer,San Francisco,New York,1,Alaska Airlines,517.4829507,239.2668504,Not Affordable
Late Summer,San Francisco,Chicago,1,Alaska Airlines,355.3685394,261.3948903,Affordable
Early Summer,San Francisco,Chicago,1,Alaska Airlines,355.3685394,354.8593777,Not Affordable
Late Summer,San Francisco,Chicago,1,Southwest Airlines,355.3685394,222.5390838,Not Affordable
Early Summer,San Francisco,Boston,1,United,425.4126871,370.5212763,Not Affordable
Late Summer,San Francisco,PHL,1,Alaska Airlines,384.0539451,407.6921045,Affordable
Late Summer,San Francisco,New York,5,JetBlue Airways,517.4829507,135.33516,Affordable
Early Summer,San Francisco,San Diego,2,United,180.3080597,118.5452791,Affordable
Late Summer,San Francisco,Seattle,1,United,212.8712372,272.1478904,Affordable
Late Summer,San Francisco,New York,2,Delta,517.4829507,268.0126979,Affordable
Early Summer,San Francisco,New York,1,Alaska Airlines,517.4829507,406.784845,Not Affordable
Late Summer,San Francisco,New Orleans,1,United,318.5411406,301.9661608,Affordable
Late Summer,San Francisco,Honolulu,1,Southwest Airlines,389.4728459,279.9689826,Not Affordable
Late Summer,San Francisco,Seattle,1,Delta,212.8712372,214.4417326,Affordable
Late Summer,San Francisco,Chicago,1,Southwest Airlines,355.3685394,231.6375186,Not Affordable
Early Summer,San Francisco,"Washington, DC",1,Delta,459.8730367,401.1740891,Not Affordable
Late Summer,San Francisco,Boston,1,Alaska Airlines,425.4126871,341.0096504,Not Affordable
Early Summer,San Francisco,San Diego,2,Southwest Airlines,180.3080597,94.8438891,Affordable
Early Summer,San Francisco,Boston,3,Delta,425.4126871,109.680756,Affordable
Early Summer,San Francisco,Nashville,1,Delta,337.3357337,322.55746,Not Affordable
Late Summer,San Francisco,New York,3,JetBlue Airways,517.4829507,177.2476079,Affordable
Early Summer,San Francisco,New York,3,Delta,517.4829507,168.7049008,Affordable
Early Summer,San Francisco,Chicago,2,United,355.3685394,203.6728441,Affordable
Early Summer,San Francisco,PHL,2,Alaska Airlines,384.0539451,150.998074,Affordable
Early Summer,San Francisco,Boston,3,Delta,425.4126871,109.680756,Affordable
Early Summer,San Francisco,Boston,2,United,425.4126871,198.7268531,Affordable
Late Summer,San Francisco,Nashville,1,United,337.3357337,386.9471422,Not Affordable
Early Summer,San Francisco,New York,1,Delta,517.4829507,460.3048532,Not Affordable
Late Summer,San Francisco,Seattle,2,Alaska Airlines,212.8712372,126.3666017,Affordable
Early Summer,San Francisco,New Orleans,1,United,318.5411406,332.4923672,Not Affordable
Late Summer,San Francisco,Portland,2,Frontier Airlines,187.1371816,68.09918299,Affordable
Early Summer,San Francisco,"Washington, DC",3,United,459.8730367,136.7886002,Affordable
Early Summer,San Francisco,Boston,1,United,425.4126871,386.9147003,Not Affordable
Early Summer,San Francisco,New York,2,Alaska Airlines,517.4829507,269.2129159,Affordable
Early Summer,San Francisco,PHL,4,Alaska Airlines,384.0539451,114.0202178,Affordable
Late Summer,San Francisco,New York,1,Alaska Airlines,517.4829507,392.4371492,Not Affordable
Early Summer,San Francisco,New York,1,Alaska Airlines,517.4829507,432.2613235,Not Affordable
Early Summer,San Francisco,New Orleans,1,United,318.5411406,405.8794838,Not Affordable
Early Summer,San Francisco,"Washington, DC",1,Alaska Airlines,459.8730367,368.9484762,Not Affordable
Late Summer,San Francisco,Portland,1,Alaska Airlines,187.1371816,202.5317729,Affordable
Late Summer,San Francisco,New Orleans,1,Delta,318.5411406,246.2404955,Affordable
Early Summer,San Francisco,"Washington, DC",1,United,459.8730367,478.921516,Not Affordable
Late Summer,San Francisco,New York,1,Delta,517.4829507,420.6896488,Not Affordable
Early Summer,San Francisco,New York,1,JetBlue Airways,517.4829507,410.2589877,Not Affordable
Early Summer,San Francisco,Seattle,1,United,212.8712372,284.9485713,Affordable
Late Summer,San Francisco,"Washington, DC",1,United,459.8730367,392.3964427,Not Affordable
Early Summer,San Francisco,"Washington, DC",1,United,459.8730367,478.921516,Not Affordable
Late Summer,San Francisco,New York,1,Alaska Airlines,517.4829507,412.4171169,Not Affordable
Early Summer,San Francisco,Portland,1,Alaska Airlines,187.1371816,207.7566114,Affordable
Late Summer,San Francisco,New Orleans,1,United,318.5411406,301.9661608,Affordable
Late Summer,San Francisco,Boston,1,Delta,425.4126871,397.6109453,Not Affordable
Early Summer,San Francisco,PHL,1,Alaska Airlines,384.0539451,430.5776514,Not Affordable
Early Summer,San Francisco,Boston,2,United,425.4126871,198.7268531,Affordable
Early Summer,San Francisco,"Washington, DC",1,United,459.8730367,478.921516,Not Affordable
Late Summer,San Francisco,New York,1,Alaska Airlines,517.4829507,240.3667212,Not Affordable
Early Summer,San Francisco,Chicago,2,Alaska Airlines,355.3685394,176.8833593,Affordable
Early Summer,San Francisco,New Orleans,2,United,318.5411406,181.7268639,Affordable
Late Summer,San Francisco,San Diego,2,Southwest Airlines,180.3080597,90.55926551,Affordable
Early Summer,San Francisco,Boston,4,Delta,425.4126871,83.13254812,Affordable
Early Summer,San Francisco,Boston,1,JetBlue Airways,425.4126871,392.7225229,Not Affordable
Early Summer,San Francisco,Boston,1,Alaska Airlines,425.4126871,352.4295884,Not Affordable
Early Summer,San Francisco,New York,2,JetBlue Airways,517.4829507,93.4902984,Affordable
Early Summer,San Francisco,New York,1,United,517.4829507,380.0590661,Not Affordable
Late Summer,San Francisco,PHL,1,Southwest Airlines,384.0539451,280.4397878,Not Affordable
Late Summer,San Francisco,Seattle,1,Alaska Airlines,212.8712372,196.028118,Affordable
Late Summer,San Francisco,Chicago,1,United,355.3685394,446.9245953,Not Affordable
Late Summer,San Francisco,Chicago,1,United,355.3685394,446.9245953,Not Affordable
Late Summer,San Francisco,Seattle,2,United,212.8712372,121.9032839,Affordable
Early Summer,San Francisco,San Diego,2,United,180.3080597,118.5452791,Affordable
Early Summer,San Francisco,San Diego,2,United,180.3080597,118.5452791,Affordable
Early Summer,San Francisco,Boston,1,Delta,425.4126871,433.0364294,Not Affordable
Early Summer,San Francisco,"Washington, DC",1,Alaska Airlines,459.8730367,438.1808266,Not Affordable
Late Summer,San Francisco,Honolulu,1,Alaska Airlines,389.4728459,334.3941163,Not Affordable
Early Summer,San Francisco,New York,1,Alaska Airlines,517.4829507,406.784845,Not Affordable
Early Summer,San Francisco,Boston,1,Alaska Airlines,425.4126871,352.4295884,Not Affordable
Late Summer,San Francisco,New York,1,Delta,517.4829507,420.6896488,Not Affordable
Late Summer,San Francisco,Seattle,2,Alaska Airlines,212.8712372,126.3666017,Affordable
Early Summer,San Francisco,New York,1,Alaska Airlines,517.4829507,432.2613235,Not Affordable
Early Summer,San Francisco,Seattle,3,Alaska Airlines,212.8712372,94.65064701,Affordable
Late Summer,San Francisco,Boston,1,JetBlue Airways,425.4126871,379.6846985,Not Affordable
Early Summer,San Francisco,Boston,1,United,425.4126871,400.4448024,Not Affordable
Early Summer,San Francisco,Boston,2,Delta,425.4126871,188.0476812,Affordable
Late Summer,San Francisco,"Washington, DC",1,Alaska Airlines,459.8730367,357.5887256,Not Affordable
Early Summer,San Francisco,New Orleans,1,United,318.5411406,405.8794838,Not Affordable
Late Summer,San Francisco,Chicago,1,United,355.3685394,446.9245953,Not Affordable
Late Summer,San Francisco,Boston,1,Alaska Airlines,425.4126871,256.1005185,Not Affordable
Late Summer,San Francisco,Portland,1,Alaska Airlines,187.1371816,202.5317729,Affordable
Late Summer,San Francisco,Honolulu,1,United,389.4728459,290.3590724,Not Affordable
Late Summer,San Francisco,New Orleans,1,Southwest Airlines,318.5411406,199.2049445,Affordable
Early Summer,San Francisco,Seattle,1,Alaska Airlines,212.8712372,257.1828494,Affordable
Late Summer,San Francisco,Chicago,2,Southwest Airlines,355.3685394,120.9375747,Affordable
Late Summer,San Francisco,Chicago,1,Southwest Airlines,355.3685394,220.0455181,Not Affordable
Late Summer,San Francisco,Chicago,1,United,355.3685394,446.9245953,Not Affordable
Early Summer,San Francisco,Boston,1,JetBlue Airways,425.4126871,392.7225229,Not Affordable
Late Summer,San Francisco,"Washington, DC",1,United,459.8730367,432.3310743,Not Affordable
Late Summer,San Francisco,Chicago,1,Alaska Airlines,355.3685394,269.4796747,Affordable
Early Summer,San Francisco,"Washington, DC",1,Frontier Airlines,459.8730367,180.9331328,Not Affordable
Late Summer,San Francisco,PHL,3,Alaska Airlines,384.0539451,142.3400172,Affordable
Early Summer,San Francisco,Seattle,1,United,212.8712372,284.9485713,Affordable
Early Summer,San Francisco,Boston,3,United,425.4126871,120.4036837,Affordable
Early Summer,San Francisco,Chicago,1,United,355.3685394,267.3536303,Not Affordable
Early Summer,San Francisco,Boston,1,Alaska Airlines,425.4126871,255.8828327,Not Affordable
Late Summer,San Francisco,Honolulu,1,Delta,389.4728459,226.2041963,Not Affordable
Early Summer,San Francisco,"Washington, DC",1,United,459.8730367,478.921516,Not Affordable
Late Summer,San Francisco,PHL,2,Southwest Airlines,384.0539451,137.3511684,Affordable
Early Summer,San Francisco,Seattle,1,Alaska Airlines,212.8712372,257.1828494,Affordable
Early Summer,San Francisco,Honolulu,1,United,389.4728459,477.5331385,Not Affordable
Early Summer,San Francisco,"Washington, DC",1,United,459.8730367,478.921516,Not Affordable
Late Summer,San Francisco,Boston,4,JetBlue Airways,425.4126871,124.1269465,Affordable
Early Summer,San Francisco,New York,1,JetBlue Airways,517.4829507,308.7370284,Not Affordable
Early Summer,San Francisco,Boston,1,United,425.4126871,414.98319,Not Affordable
Early Summer,San Francisco,Boston,1,JetBlue Airways,425.4126871,392.7225229,Not Affordable
Late Summer,San Francisco,Portland,1,United,187.1371816,232.0862122,Affordable
Late Summer,San Francisco,San Diego,1,Alaska Airlines,180.3080597,202.7799898,Affordable
Late Summer,San Francisco,Boston,4,United,425.4126871,91.66202414,Affordable
Late Summer,San Francisco,Boston,1,JetBlue Airways,425.4126871,379.6846985,Not Affordable
Late Summer,San Francisco,Chicago,2,Alaska Airlines,355.3685394,177.3453317,Affordable
Early Summer,San Francisco,Boston,1,United,425.4126871,436.4720575,Not Affordable
Late Summer,San Francisco,Seattle,1,Alaska Airlines,212.8712372,251.0942672,Affordable
Early Summer,San Francisco,PHL,1,Alaska Airlines,384.0539451,430.5776514,Not Affordable
Early Summer,San Francisco,Seattle,1,Alaska Airlines,212.8712372,257.1828494,Affordable
Early Summer,San Francisco,Boston,1,United,425.4126871,364.170627,Not Affordable
Late Summer,San Francisco,Chicago,1,United,355.3685394,446.9245953,Not Affordable
Late Summer,San Francisco,New York,1,Alaska Airlines,517.4829507,412.4171169,Not Affordable
Late Summer,San Francisco,New York,1,JetBlue Airways,517.4829507,389.3562106,Not Affordable
Early Summer,San Francisco,Boston,1,JetBlue Airways,425.4126871,392.7225229,Not Affordable
Late Summer,San Francisco,New York,1,Alaska Airlines,517.4829507,293.8175069,Not Affordable
Late Summer,San Francisco,Boston,1,United,425.4126871,418.713752,Not Affordable
Early Summer,San Francisco,New York,1,JetBlue Airways,517.4829507,410.2589877,Not Affordable
Early Summer,San Francisco,Boston,1,Delta,425.4126871,433.0364294,Not Affordable
Late Summer,San Francisco,Chicago,1,United,355.3685394,446.9245953,Not Affordable
Late Summer,San Francisco,Chicago,1,Alaska Airlines,355.3685394,304.0376476,Affordable
Early Summer,San Francisco,New Orleans,1,United,318.5411406,344.5263775,Not Affordable
Late Summer,San Francisco,Boston,2,Delta,425.4126871,189.7023246,Affordable
Late Summer,San Francisco,Chicago,2,Alaska Airlines,355.3685394,177.3453317,Affordable
Late Summer,San Francisco,Boston,1,United,425.4126871,418.713752,Not Affordable
Early Summer,San Francisco,"Washington, DC",1,Frontier Airlines,459.8730367,180.9331328,Not Affordable
Late Summer,San Francisco,"Washington, DC",1,Southwest Airlines,459.8730367,258.3825943,Not Affordable
Early Summer,San Francisco,New York,1,Alaska Airlines,517.4829507,432.2613235,Not Affordable
Late Summer,San Francisco,"Washington, DC",1,United,459.8730367,414.5662692,Not Affordable
Early Summer,San Francisco,Boston,4,United,425.4126871,94.00911268,Affordable
Late Summer,San Francisco,"Washington, DC",1,United,459.8730367,409.9919182,Not Affordable
Late Summer,San Francisco,Chicago,2,United,355.3685394,202.0029303,Affordable
Early Summer,San Francisco,New Orleans,1,Alaska Airlines,318.5411406,290.1105271,Affordable
Early Summer,San Francisco,Boston,1,United,425.4126871,436.4720575,Not Affordable
Late Summer,San Francisco,San Diego,1,Southwest Airlines,180.3080597,181.9541378,Affordable
Late Summer,San Francisco,Chicago,2,United,355.3685394,202.0029303,Affordable
Early Summer,San Francisco,New York,2,Delta,517.4829507,267.2219505,Affordable
Early Summer,San Francisco,Boston,2,United,425.4126871,198.7268531,Affordable
Early Summer,San Francisco,New Orleans,1,United,318.5411406,405.8794838,Not Affordable
Late Summer,San Francisco,Boston,1,United,425.4126871,418.713752,Not Affordable
Early Summer,San Francisco,Boston,1,Delta,425.4126871,433.0364294,Not Affordable
Late Summer,San Francisco,New York,1,Alaska Airlines,517.4829507,412.4171169,Not Affordable
Early Summer,San Francisco,San Diego,3,Alaska Airlines,180.3080597,81.41795754,Affordable
Late Summer,San Francisco,Nashville,3,United,337.3357337,104.6614709,Affordable
Late Summer,San Francisco,"Washington, DC",1,Alaska Airlines,459.8730367,371.3713658,Not Affordable
Early Summer,San Francisco,San Diego,1,United,180.3080597,260.558361,Affordable
Late Summer,San Francisco,San Diego,1,Alaska Airlines,180.3080597,202.7799898,Affordable
Late Summer,San Francisco,Boston,1,JetBlue Airways,425.4126871,379.6846985,Not Affordable
Early Summer,San Francisco,Boston,1,JetBlue Airways,425.4126871,392.7225229,Not Affordable
Early Summer,San Francisco,Boston,1,Delta,425.4126871,433.0364294,Not Affordable
Early Summer,San Francisco,Chicago,1,Southwest Airlines,355.3685394,258.8463888,Not Affordable
Early Summer,San Francisco,New Orleans,1,United,318.5411406,405.8794838,Not Affordable
Early Summer,San Francisco,New York,1,United,517.4829507,375.0340182,Not Affordable
Early Summer,San Francisco,New York,1,Alaska Airlines,517.4829507,406.784845,Not Affordable
Late Summer,San Francisco,Boston,1,Alaska Airlines,425.4126871,341.0096504,Not Affordable
Early Summer,San Francisco,New Orleans,1,United,318.5411406,322.7262541,Not Affordable
Early Summer,San Francisco,Boston,1,Alaska Airlines,425.4126871,347.5553667,Not Affordable
Late Summer,San Francisco,Boston,1,JetBlue Airways,425.4126871,379.6846985,Not Affordable
Late Summer,San Francisco,"Washington, DC",1,JetBlue Airways,459.8730367,302.5850101,Not Affordable
Early Summer,San Francisco,Nashville,1,United,337.3357337,400.5288748,Not Affordable
Early Summer,San Francisco,Seattle,1,Alaska Airlines,212.8712372,257.1828494,Affordable
Early Summer,San Francisco,Chicago,2,United,355.3685394,203.6728441,Affordable
Late Summer,San Francisco,Seattle,1,Delta,212.8712372,214.4417326,Affordable
Early Summer,San Francisco,Chicago,2,United,355.3685394,203.6728441,Affordable
Early Summer,San Francisco,New York,1,Southwest Airlines,517.4829507,275.7089033,Not Affordable
Late Summer,San Francisco,"Washington, DC",5,United,459.8730367,82.47991874,Affordable
Late Summer,San Francisco,San Diego,2,United,180.3080597,111.1674109,Affordable
Late Summer,San Francisco,Seattle,1,Alaska Airlines,212.8712372,251.0942672,Affordable
Late Summer,San Francisco,PHL,1,Alaska Airlines,384.0539451,407.6921045,Affordable
Early Summer,San Francisco,Nashville,1,Southwest Airlines,337.3357337,295.3686604,Not Affordable
Early Summer,San Francisco,New York,1,United,517.4829507,380.0590661,Not Affordable
Early Summer,San Francisco,New York,1,JetBlue Airways,517.4829507,410.2589877,Not Affordable
Early Summer,San Francisco,Chicago,1,Alaska Airlines,355.3685394,372.050438,Not Affordable
Early Summer,San Francisco,Boston,2,JetBlue Airways,425.4126871,214.582518,Affordable
Late Summer,San Francisco,San Diego,1,United,180.3080597,248.0589529,Affordable
Early Summer,San Francisco,"Washington, DC",1,United,459.8730367,469.0719449,Not Affordable
Late Summer,San Francisco,Seattle,1,Alaska Airlines,212.8712372,251.0942672,Affordable
Early Summer,San Francisco,Honolulu,1,United,389.4728459,477.5331385,Not Affordable
Late Summer,San Francisco,Portland,1,Frontier Airlines,187.1371816,120.5147463,Affordable
Early Summer,San Francisco,Nashville,1,Southwest Airlines,337.3357337,294.0833839,Not Affordable
Late Summer,San Francisco,New York,1,Frontier Airlines,517.4829507,165.6107402,Not Affordable
Early Summer,San Francisco,New Orleans,1,Delta,318.5411406,314.285093,Affordable
Late Summer,San Francisco,Nashville,1,Alaska Airlines,337.3357337,290.9983371,Affordable
Early Summer,San Francisco,PHL,1,Alaska Airlines,384.0539451,430.5776514,Not Affordable
Late Summer,San Francisco,Chicago,2,Alaska Airlines,355.3685394,177.3453317,Affordable
Early Summer,San Francisco,Chicago,3,United,355.3685394,119.5248444,Affordable
Early Summer,San Francisco,Boston,2,JetBlue Airways,425.4126871,214.582518,Affordable
Early Summer,San Francisco,New York,3,Alaska Airlines,517.4829507,82.69219425,Affordable
Early Summer,San Francisco,Seattle,1,United,212.8712372,284.9485713,Affordable
Late Summer,San Francisco,Boston,1,United,425.4126871,418.713752,Not Affordable
Late Summer,San Francisco,Chicago,1,United,355.3685394,389.0082931,Not Affordable
Early Summer,San Francisco,Seattle,1,Delta,212.8712372,230.8142753,Affordable
Late Summer,San Francisco,"Washington, DC",1,United,459.8730367,380.278592,Not Affordable
Early Summer,San Francisco,"Washington, DC",5,United,459.8730367,94.54061995,Affordable
Early Summer,San Francisco,New York,5,Delta,517.4829507,113.8414082,Affordable
Late Summer,San Francisco,New Orleans,1,Alaska Airlines,318.5411406,253.7636069,Affordable
Early Summer,San Francisco,New Orleans,1,United,318.5411406,405.8794838,Not Affordable
Early Summer,San Francisco,Honolulu,1,Alaska Airlines,389.4728459,372.9980311,Not Affordable
Early Summer,San Francisco,PHL,1,Alaska Airlines,384.0539451,430.5776514,Not Affordable
Late Summer,San Francisco,New York,3,JetBlue Airways,517.4829507,177.2476079,Affordable
Early Summer,San Francisco,Seattle,4,United,212.8712372,69.39633338,Affordable
Early Summer,San Francisco,PHL,3,Alaska Airlines,384.0539451,140.2502356,Affordable
Early Summer,San Francisco,New York,6,Delta,517.4829507,110.1861572,Affordable
Early Summer,San Francisco,PHL,1,JetBlue Airways,384.0539451,406.2995688,Not Affordable
Early Summer,San Francisco,Chicago,1,Alaska Airlines,355.3685394,372.050438,Not Affordable
Early Summer,San Francisco,Chicago,1,United,355.3685394,459.0114787,Not Affordable
Late Summer,San Francisco,New Orleans,1,Southwest Airlines,318.5411406,199.2049445,Affordable
Late Summer,San Francisco,"Washington, DC",1,United,459.8730367,414.5662692,Not Affordable
Late Summer,San Francisco,"Washington, DC",1,United,459.8730367,432.3310743,Not Affordable
Late Summer,San Francisco,San Diego,1,Southwest Airlines,180.3080597,181.9541378,Affordable
Late Summer,San Francisco,PHL,1,Delta,384.0539451,305.1706859,Not Affordable
Early Summer,San Francisco,Boston,1,United,425.4126871,436.4720575,Not Affordable
Early Summer,San Francisco,Boston,2,Delta,425.4126871,188.0476812,Affordable
Early Summer,San Francisco,"Washington, DC",4,United,459.8730367,106.4718344,Affordable
Late Summer,San Francisco,New York,1,Alaska Airlines,517.4829507,392.4371492,Not Affordable
Early Summer,San Francisco,Portland,2,Alaska Airlines,187.1371816,98.85360269,Affordable
Early Summer,San Francisco,Chicago,1,United,355.3685394,459.0114787,Not Affordable
Early Summer,San Francisco,San Diego,1,Southwest Airlines,180.3080597,197.0121896,Affordable
Late Summer,San Francisco,Nashville,2,United,337.3357337,155.9063382,Affordable
Early Summer,San Francisco,Boston,2,JetBlue Airways,425.4126871,214.582518,Affordable
Late Summer,San Francisco,PHL,1,United,384.0539451,382.190872,Not Affordable
Early Summer,San Francisco,Nashville,1,United,337.3357337,400.5288748,Not Affordable
Early Summer,San Francisco,Chicago,1,United,355.3685394,459.0114787,Not Affordable
Early Summer,San Francisco,"Washington, DC",2,United,459.8730367,227.2399677,Affordable
Late Summer,San Francisco,"Washington, DC",1,Alaska Airlines,459.8730367,371.3713658,Not Affordable
Early Summer,San Francisco,Boston,4,JetBlue Airways,425.4126871,128.7473214,Affordable
Early Summer,San Francisco,Seattle,1,Alaska Airlines,212.8712372,257.1828494,Affordable
Early Summer,San Francisco,New York,1,JetBlue Airways,517.4829507,410.2589877,Not Affordable
Early Summer,San Francisco,Honolulu,1,United,389.4728459,477.5331385,Not Affordable
Late Summer,San Francisco,Boston,1,United,425.4126871,336.2330006,Not Affordable
Early Summer,San Francisco,New Orleans,1,Delta,318.5411406,314.285093,Affordable
Late Summer,San Francisco,Portland,1,United,187.1371816,232.0862122,Affordable
Late Summer,San Francisco,Honolulu,2,United,389.4728459,184.0232892,Affordable
Late Summer,San Francisco,Boston,1,United,425.4126871,418.713752,Not Affordable
Late Summer,San Francisco,PHL,1,Alaska Airlines,384.0539451,317.2346259,Affordable
Early Summer,San Francisco,PHL,1,Frontier Airlines,384.0539451,152.8497134,Not Affordable
Late Summer,San Francisco,Boston,1,JetBlue Airways,425.4126871,379.6846985,Not Affordable
Early Summer,San Francisco,Boston,6,Delta,425.4126871,71.39860739,Affordable
Late Summer,San Francisco,"Washington, DC",1,United,459.8730367,432.3310743,Not Affordable
Late Summer,San Francisco,"Washington, DC",1,Alaska Airlines,459.8730367,343.2555166,Not Affordable
Late Summer,San Francisco,"Washington, DC",1,United,459.8730367,414.5662692,Not Affordable
Late Summer,San Francisco,New York,1,Frontier Airlines,517.4829507,170.387906,Not Affordable
Late Summer,San Francisco,Chicago,1,Southwest Airlines,355.3685394,220.0455181,Not Affordable
Late Summer,San Francisco,New York,1,Alaska Airlines,517.4829507,392.4371492,Not Affordable
Late Summer,San Francisco,PHL,1,Delta,384.0539451,268.6588857,Not Affordable
Late Summer,San Francisco,Boston,1,Alaska Airlines,425.4126871,341.0096504,Not Affordable
Late Summer,San Francisco,"Washington, DC",2,United,459.8730367,209.4494421,Affordable
Late Summer,San Francisco,Boston,1,United,425.4126871,336.2330006,Not Affordable
Early Summer,San Francisco,Boston,3,United,425.4126871,120.4036837,Affordable
Late Summer,San Francisco,Boston,1,United,425.4126871,329.5276462,Not Affordable
Late Summer,San Francisco,Boston,7,JetBlue Airways,425.4126871,128.1378483,Affordable
Early Summer,San Francisco,Boston,1,JetBlue Airways,425.4126871,392.7225229,Not Affordable
Late Summer,San Francisco,New York,3,Alaska Airlines,517.4829507,181.3733599,Affordable
Early Summer,San Francisco,New York,1,Delta,517.4829507,460.3048532,Not Affordable
Early Summer,San Francisco,Boston,1,JetBlue Airways,425.4126871,392.7225229,Not Affordable
Late Summer,San Francisco,San Diego,3,Southwest Airlines,180.3080597,71.03651282,Affordable
Late Summer,San Francisco,New York,1,Delta,517.4829507,420.6896488,Not Affordable
Early Summer,San Francisco,Boston,1,United,425.4126871,436.4720575,Not Affordable
Early Summer,San Francisco,Boston,1,United,425.4126871,654.9392764,Not Affordable
Early Summer,San Francisco,New York,2,JetBlue Airways,517.4829507,258.8872353,Affordable
Late Summer,San Francisco,"Washington, DC",1,Delta,459.8730367,323.4579937,Not Affordable
Early Summer,San Francisco,Chicago,5,United,355.3685394,86.0880033,Affordable
Early Summer,San Francisco,Boston,3,Alaska Airlines,425.4126871,100.7510159,Affordable
Late Summer,San Francisco,New Orleans,1,Southwest Airlines,318.5411406,199.2049445,Affordable
Early Summer,San Francisco,New Orleans,1,Southwest Airlines,318.5411406,248.8547442,Not Affordable
Late Summer,San Francisco,Chicago,1,Southwest Airlines,355.3685394,220.0455181,Not Affordable
Late Summer,San Francisco,"Washington, DC",1,United,459.8730367,414.5662692,Not Affordable
Late Summer,San Francisco,Chicago,1,Frontier Airlines,355.3685394,145.9721214,Not Affordable
Late Summer,San Francisco,Boston,1,JetBlue Airways,425.4126871,379.6846985,Not Affordable
Late Summer,San Francisco,Boston,1,Alaska Airlines,425.4126871,256.1005185,Not Affordable
Late Summer,San Francisco,Boston,2,United,425.4126871,194.9766636,Affordable
Late Summer,San Francisco,Chicago,1,United,355.3685394,266.9530928,Not Affordable
Late Summer,San Francisco,Boston,1,JetBlue Airways,425.4126871,379.6846985,Not Affordable
Late Summer,San Francisco,"Washington, DC",1,Alaska Airlines,459.8730367,371.3713658,Not Affordable
Early Summer,San Francisco,Seattle,1,Alaska Airlines,212.8712372,266.4261763,Affordable
Early Summer,San Francisco,"Washington, DC",1,Frontier Airlines,459.8730367,180.9331328,Not Affordable
Early Summer,San Francisco,"Washington, DC",1,United,459.8730367,478.921516,Not Affordable
Early Summer,San Francisco,Honolulu,2,United,389.4728459,184.9141731,Affordable
Early Summer,San Francisco,Chicago,1,Alaska Airlines,355.3685394,372.050438,Not Affordable
Late Summer,San Francisco,Seattle,1,Alaska Airlines,212.8712372,251.0942672,Affordable
Early Summer,San Francisco,Seattle,3,United,212.8712372,86.79315965,Affordable
Early Summer,San Francisco,"Washington, DC",1,United,459.8730367,469.0719449,Not Affordable
Early Summer,San Francisco,Nashville,1,Alaska Airlines,337.3357337,312.1458458,Not Affordable
Early Summer,San Francisco,Honolulu,1,United,389.4728459,477.5331385,Not Affordable
Late Summer,San Francisco,PHL,1,United,384.0539451,382.190872,Not Affordable
Late Summer,San Francisco,Honolulu,2,United,389.4728459,184.0232892,Affordable
Late Summer,San Francisco,Nashville,2,United,337.3357337,155.9063382,Affordable
Late Summer,San Francisco,Boston,1,Alaska Airlines,425.4126871,341.0096504,Not Affordable
Late Summer,San Francisco,Honolulu,1,Alaska Airlines,389.4728459,334.3941163,Not Affordable
Early Summer,San Francisco,Portland,1,United,187.1371816,241.6657515,Affordable
Early Summer,San Francisco,"Washington, DC",1,Alaska Airlines,459.8730367,426.4986197,Not Affordable
Early Summer,San Francisco,Boston,1,JetBlue Airways,425.4126871,392.7225229,Not Affordable
Early Summer,San Francisco,Seattle,1,Alaska Airlines,212.8712372,257.1828494,Affordable
Early Summer,San Francisco,Seattle,2,Alaska Airlines,212.8712372,124.4277479,Affordable
Late Summer,San Francisco,New York,1,Alaska Airlines,517.4829507,337.8276423,Not Affordable
Late Summer,San Francisco,Boston,4,Delta,425.4126871,90.10565005,Affordable
Early Summer,San Francisco,"Washington, DC",4,United,459.8730367,106.4718344,Affordable
Early Summer,San Francisco,New York,1,Alaska Airlines,517.4829507,406.784845,Not Affordable
Late Summer,San Francisco,Chicago,1,Alaska Airlines,355.3685394,304.0376476,Affordable
Late Summer,San Francisco,"Washington, DC",1,United,459.8730367,432.3310743,Not Affordable
Late Summer,San Francisco,New York,1,Delta,517.4829507,420.6896488,Not Affordable
Late Summer,San Francisco,"Washington, DC",1,United,459.8730367,351.9537404,Not Affordable
Late Summer,San Francisco,Boston,1,Delta,425.4126871,397.6109453,Not Affordable
Late Summer,San Francisco,Honolulu,1,United,389.4728459,446.7650287,Not Affordable
Late Summer,San Francisco,Honolulu,1,Alaska Airlines,389.4728459,334.3941163,Not Affordable
Late Summer,San Francisco,New York,6,Delta,517.4829507,121.9592092,Affordable
Early Summer,San Francisco,New Orleans,2,United,318.5411406,181.7268639,Affordable
Early Summer,San Francisco,Boston,1,United,425.4126871,436.4720575,Not Affordable
Early Summer,San Francisco,Portland,2,Alaska Airlines,187.1371816,98.85360269,Affordable
Late Summer,San Francisco,"Washington, DC",1,United,459.8730367,432.3310743,Not Affordable
Late Summer,San Francisco,Chicago,1,United,355.3685394,385.1690158,Not Affordable
Early Summer,San Francisco,New York,1,Southwest Airlines,517.4829507,275.7089033,Not Affordable
Early Summer,San Francisco,Seattle,1,Alaska Airlines,212.8712372,257.1828494,Affordable
Late Summer,San Francisco,"Washington, DC",1,United,459.8730367,432.3310743,Not Affordable
Early Summer,San Francisco,Nashville,1,Southwest Airlines,337.3357337,294.0833839,Not Affordable
Late Summer,San Francisco,Chicago,1,United,355.3685394,446.9245953,Not Affordable
Late Summer,San Francisco,Chicago,2,Alaska Airlines,355.3685394,177.3453317,Affordable
Late Summer,San Francisco,Boston,1,Delta,425.4126871,339.5372144,Not Affordable
Early Summer,San Francisco,Chicago,2,United,355.3685394,203.6728441,Affordable
Early Summer,San Francisco,New Orleans,1,United,318.5411406,405.8794838,Not Affordable
Late Summer,San Francisco,New Orleans,1,United,318.5411406,314.19543,Affordable
Late Summer,San Francisco,Chicago,1,Southwest Airlines,355.3685394,220.0455181,Not Affordable
Late Summer,San Francisco,PHL,1,United,384.0539451,382.190872,Not Affordable
Early Summer,San Francisco,San Diego,1,United,180.3080597,262.5117772,Affordable
Early Summer,San Francisco,Seattle,3,Alaska Airlines,212.8712372,94.65064701,Affordable
Late Summer,San Francisco,San Diego,1,Southwest Airlines,180.3080597,181.9541378,Affordable
Late Summer,San Francisco,Boston,1,JetBlue Airways,425.4126871,303.9185217,Not Affordable
Late Summer,San Francisco,PHL,2,United,384.0539451,167.8829925,Affordable
Early Summer,San Francisco,San Diego,1,United,180.3080597,260.558361,Affordable
Late Summer,San Francisco,Portland,1,Alaska Airlines,187.1371816,195.1569717,Affordable
Late Summer,San Francisco,San Diego,1,Southwest Airlines,180.3080597,181.9541378,Affordable
Early Summer,San Francisco,"Washington, DC",2,United,459.8730367,227.2399677,Affordable
Early Summer,San Francisco,New York,1,Delta,517.4829507,460.3048532,Not Affordable
Late Summer,San Francisco,Honolulu,1,Alaska Airlines,389.4728459,334.3941163,Not Affordable
Early Summer,San Francisco,San Diego,1,Alaska Airlines,180.3080597,207.3832392,Affordable
Early Summer,San Francisco,PHL,1,United,384.0539451,411.6173178,Not Affordable
Early Summer,San Francisco,Boston,2,United,425.4126871,162.69079,Affordable
Early Summer,San Francisco,Chicago,5,United,355.3685394,86.0880033,Affordable
Late Summer,San Francisco,Boston,1,Delta,425.4126871,397.6109453,Not Affordable
Late Summer,San Francisco,New York,2,Delta,517.4829507,136.5186936,Affordable
Early Summer,San Francisco,Portland,1,United,187.1371816,241.6657515,Affordable
Early Summer,San Francisco,New York,1,Delta,517.4829507,460.3048532,Not Affordable
Early Summer,San Francisco,New York,1,Frontier Airlines,517.4829507,182.9025665,Not Affordable
Late Summer,San Francisco,New York,1,Alaska Airlines,517.4829507,336.6273516,Not Affordable
Early Summer,San Francisco,Boston,1,Delta,425.4126871,433.0364294,Not Affordable
Late Summer,San Francisco,Boston,1,Delta,425.4126871,397.6109453,Not Affordable
Early Summer,San Francisco,PHL,1,Frontier Airlines,384.0539451,164.2039317,Not Affordable
Late Summer,San Francisco,Boston,4,JetBlue Airways,425.4126871,124.1269465,Affordable
Early Summer,San Francisco,New York,1,United,517.4829507,375.0340182,Not Affordable
Early Summer,San Francisco,New Orleans,1,Alaska Airlines,318.5411406,262.239702,Affordable
Late Summer,San Francisco,PHL,1,United,384.0539451,382.190872,Not Affordable
Late Summer,San Francisco,PHL,1,United,384.0539451,382.190872,Not Affordable
Late Summer,San Francisco,"Washington, DC",1,Alaska Airlines,459.8730367,275.8228431,Not Affordable
Early Summer,San Francisco,Portland,1,Alaska Airlines,187.1371816,207.7566114,Affordable
Early Summer,San Francisco,New York,1,JetBlue Airways,517.4829507,410.2589877,Not Affordable
Early Summer,San Francisco,Chicago,1,Alaska Airlines,355.3685394,372.050438,Not Affordable
Early Summer,San Francisco,San Diego,1,Alaska Airlines,180.3080597,207.3832392,Affordable
Late Summer,San Francisco,Portland,1,Frontier Airlines,187.1371816,120.5147463,Affordable
Late Summer,San Francisco,"Washington, DC",1,United,459.8730367,372.8302512,Not Affordable
Early Summer,San Francisco,New York,1,United,517.4829507,375.0340182,Not Affordable
Late Summer,San Francisco,"Washington, DC",1,Alaska Airlines,459.8730367,332.149696,Not Affordable
Early Summer,San Francisco,New York,1,United,517.4829507,375.0340182,Not Affordable
Early Summer,San Francisco,New York,3,Alaska Airlines,517.4829507,133.5923066,Affordable
Early Summer,San Francisco,Honolulu,1,Delta,389.4728459,429.1654915,Not Affordable
Early Summer,San Francisco,San Diego,2,Southwest Airlines,180.3080597,94.8438891,Affordable
Early Summer,San Francisco,Chicago,1,Alaska Airlines,355.3685394,372.050438,Not Affordable
Early Summer,San Francisco,"Washington, DC",2,Alaska Airlines,459.8730367,203.1307172,Affordable
Early Summer,San Francisco,Chicago,3,Alaska Airlines,355.3685394,88.63253163,Affordable
Late Summer,San Francisco,New York,1,JetBlue Airways,517.4829507,389.3562106,Not Affordable
Late Summer,San Francisco,New York,3,Alaska Airlines,517.4829507,145.3779235,Affordable
Early Summer,San Francisco,New York,3,Alaska Airlines,517.4829507,133.5923066,Affordable
Early Summer,San Francisco,Boston,1,United,425.4126871,436.4720575,Not Affordable
Early Summer,San Francisco,Boston,5,United,425.4126871,83.8174941,Affordable
Late Summer,San Francisco,New York,1,Southwest Airlines,517.4829507,218.5640513,Not Affordable
Late Summer,San Francisco,Nashville,1,Delta,337.3357337,291.3564799,Affordable
Early Summer,San Francisco,Boston,1,Delta,425.4126871,433.0364294,Not Affordable
Early Summer,San Francisco,"Washington, DC",1,Alaska Airlines,459.8730367,426.4986197,Not Affordable
Late Summer,San Francisco,New York,2,Alaska Airlines,517.4829507,269.810859,Affordable
Late Summer,San Francisco,Chicago,1,Alaska Airlines,355.3685394,358.9908283,Affordable
Late Summer,San Francisco,Boston,1,United,425.4126871,361.6957315,Not Affordable
Late Summer,San Francisco,"Washington, DC",3,United,459.8730367,122.5653645,Affordable
Early Summer,San Francisco,Boston,1,Delta,425.4126871,433.0364294,Not Affordable
Late Summer,San Francisco,New York,1,Delta,517.4829507,304.3580489,Not Affordable
Late Summer,San Francisco,Seattle,1,United,212.8712372,272.1478904,Affordable
Late Summer,San Francisco,Chicago,1,United,355.3685394,278.5889961,Not Affordable
Early Summer,San Francisco,Seattle,1,Alaska Airlines,212.8712372,257.1828494,Affordable
Late Summer,San Francisco,"Washington, DC",1,Alaska Airlines,459.8730367,268.0857256,Not Affordable
Late Summer,San Francisco,Portland,1,United,187.1371816,232.0862122,Affordable
Late Summer,San Francisco,New York,1,Alaska Airlines,517.4829507,392.4371492,Not Affordable
Early Summer,San Francisco,Seattle,1,United,212.8712372,284.9485713,Affordable
Early Summer,San Francisco,Nashville,1,Delta,337.3357337,332.7700573,Not Affordable
Late Summer,San Francisco,PHL,1,Delta,384.0539451,302.1806049,Not Affordable
Early Summer,San Francisco,New York,2,Delta,517.4829507,267.2219505,Affordable
Early Summer,San Francisco,Boston,1,Delta,425.4126871,433.0364294,Not Affordable
Late Summer,San Francisco,Boston,1,United,425.4126871,418.713752,Not Affordable
Early Summer,San Francisco,Nashville,1,Southwest Airlines,337.3357337,300.9958186,Not Affordable
Late Summer,San Francisco,Portland,1,Alaska Airlines,187.1371816,202.5317729,Affordable
Early Summer,San Francisco,New York,1,Delta,517.4829507,372.4946122,Not Affordable
Early Summer,San Francisco,New Orleans,2,United,318.5411406,181.7268639,Affordable
Early Summer,San Francisco,San Diego,1,United,180.3080597,262.5117772,Affordable
Late Summer,San Francisco,New York,1,Southwest Airlines,517.4829507,218.9456865,Not Affordable
Early Summer,San Francisco,San Diego,3,United,180.3080597,86.46217016,Affordable
Late Summer,San Francisco,Seattle,1,Alaska Airlines,212.8712372,251.0942672,Affordable
Early Summer,San Francisco,Seattle,1,United,212.8712372,284.9485713,Affordable
Late Summer,San Francisco,New York,1,Frontier Airlines,517.4829507,170.387906,Not Affordable
Early Summer,San Francisco,San Diego,2,Southwest Airlines,180.3080597,94.8438891,Affordable
Early Summer,San Francisco,New York,5,JetBlue Airways,517.4829507,137.0917215,Affordable
Early Summer,San Francisco,Portland,1,United,187.1371816,241.6657515,Affordable
Late Summer,San Francisco,Chicago,1,Alaska Airlines,355.3685394,358.9908283,Affordable
Early Summer,San Francisco,New York,1,Alaska Airlines,517.4829507,406.784845,Not Affordable
Early Summer,San Francisco,Boston,1,Alaska Airlines,425.4126871,347.5553667,Not Affordable
Late Summer,San Francisco,Boston,1,Delta,425.4126871,407.2472635,Not Affordable
Early Summer,San Francisco,New York,2,JetBlue Airways,517.4829507,258.8872353,Affordable
Early Summer,San Francisco,Boston,1,JetBlue Airways,425.4126871,392.7225229,Not Affordable
Late Summer,San Francisco,Honolulu,1,United,389.4728459,446.7650287,Not Affordable
Early Summer,San Francisco,New Orleans,1,Delta,318.5411406,300.4784826,Affordable
Late Summer,San Francisco,Chicago,2,Southwest Airlines,355.3685394,120.9375747,Affordable
Late Summer,San Francisco,Boston,1,JetBlue Airways,425.4126871,379.6846985,Not Affordable
Late Summer,San Francisco,Seattle,2,United,212.8712372,121.9032839,Affordable
Late Summer,San Francisco,Boston,2,United,425.4126871,194.9766636,Affordable
Early Summer,San Francisco,"Washington, DC",1,United,459.8730367,378.9366738,Not Affordable
Late Summer,San Francisco,Boston,1,Alaska Airlines,425.4126871,324.3867743,Not Affordable
Early Summer,San Francisco,PHL,2,Frontier Airlines,384.0539451,71.1874823,Affordable
Early Summer,San Francisco,New Orleans,1,United,318.5411406,332.4923672,Not Affordable
Early Summer,San Francisco,"Washington, DC",1,United,459.8730367,478.921516,Not Affordable
Late Summer,San Francisco,Boston,1,United,425.4126871,418.713752,Not Affordable
Early Summer,San Francisco,Seattle,2,Alaska Airlines,212.8712372,124.4277479,Affordable
Early Summer,San Francisco,San Diego,1,United,180.3080597,260.558361,Affordable
Late Summer,San Francisco,PHL,1,United,384.0539451,382.190872,Not Affordable
Early Summer,San Francisco,San Diego,1,Alaska Airlines,180.3080597,207.3832392,Affordable
Early Summer,San Francisco,Chicago,1,Southwest Airlines,355.3685394,255.8259303,Not Affordable
Early Summer,San Francisco,PHL,1,Alaska Airlines,384.0539451,430.5776514,Not Affordable
Early Summer,San Francisco,Seattle,1,Delta,212.8712372,230.8142753,Affordable
Early Summer,San Francisco,San Diego,1,United,180.3080597,260.558361,Affordable
Early Summer,San Francisco,Boston,1,Delta,425.4126871,433.0364294,Not Affordable
Early Summer,San Francisco,Seattle,2,Delta,212.8712372,101.6438785,Affordable
Early Summer,San Francisco,San Diego,2,United,180.3080597,118.5452791,Affordable
Early Summer,San Francisco,Boston,1,United,425.4126871,436.4720575,Not Affordable
Late Summer,San Francisco,Boston,1,JetBlue Airways,425.4126871,379.6846985,Not Affordable
Late Summer,San Francisco,Boston,7,JetBlue Airways,425.4126871,128.1378483,Affordable
Early Summer,San Francisco,New York,1,Alaska Airlines,517.4829507,406.784845,Not Affordable
Early Summer,San Francisco,Boston,1,Delta,425.4126871,433.0364294,Not Affordable
Late Summer,San Francisco,Nashville,1,Delta,337.3357337,291.3564799,Affordable
Late Summer,San Francisco,New York,1,United,517.4829507,333.9268419,Not Affordable
Early Summer,San Francisco,Seattle,1,United,212.8712372,284.9485713,Affordable
Late Summer,San Francisco,San Diego,1,Southwest Airlines,180.3080597,181.9541378,Affordable
Late Summer,San Francisco,Boston,1,Delta,425.4126871,397.6109453,Not Affordable
Early Summer,San Francisco,San Diego,1,Delta,180.3080597,233.732695,Affordable
Late Summer,San Francisco,PHL,4,Alaska Airlines,384.0539451,116.1099995,Affordable
Early Summer,San Francisco,Chicago,1,United,355.3685394,459.0114787,Not Affordable
Early Summer,San Francisco,Boston,3,Delta,425.4126871,109.680756,Affordable
Early Summer,San Francisco,Seattle,1,Alaska Airlines,212.8712372,257.1828494,Affordable
Late Summer,San Francisco,Nashville,1,United,337.3357337,386.9471422,Not Affordable
Early Summer,San Francisco,PHL,1,United,384.0539451,411.6173178,Not Affordable
Early Summer,San Francisco,New York,1,Alaska Airlines,517.4829507,432.2613235,Not Affordable
Early Summer,San Francisco,Boston,1,United,425.4126871,436.4720575,Not Affordable
Early Summer,San Francisco,New Orleans,1,United,318.5411406,405.8794838,Not Affordable
Late Summer,San Francisco,"Washington, DC",1,United,459.8730367,432.3310743,Not Affordable
Early Summer,San Francisco,Boston,1,Delta,425.4126871,433.0364294,Not Affordable
Early Summer,San Francisco,Seattle,2,United,212.8712372,128.0013348,Affordable
Early Summer,San Francisco,Chicago,1,United,355.3685394,459.0114787,Not Affordable
Late Summer,San Francisco,New York,1,Delta,517.4829507,420.6896488,Not Affordable
Early Summer,San Francisco,New Orleans,2,Southwest Airlines,318.5411406,132.5601996,Affordable
Late Summer,San Francisco,Honolulu,1,Alaska Airlines,389.4728459,334.3941163,Not Affordable
Late Summer,San Francisco,"Washington, DC",1,JetBlue Airways,459.8730367,302.5850101,Not Affordable
Early Summer,San Francisco,New York,1,Delta,517.4829507,372.4946122,Not Affordable
Late Summer,San Francisco,Boston,3,United,425.4126871,118.0565952,Affordable
Early Summer,San Francisco,PHL,1,United,384.0539451,411.6173178,Not Affordable
Early Summer,San Francisco,Boston,4,United,425.4126871,94.00911268,Affordable
Late Summer,San Francisco,San Diego,1,United,180.3080597,248.0589529,Affordable
Early Summer,San Francisco,PHL,1,Alaska Airlines,384.0539451,367.2422865,Not Affordable
Early Summer,San Francisco,New York,8,Delta,517.4829507,117.777012,Affordable
Late Summer,San Francisco,San Diego,1,United,180.3080597,248.0589529,Affordable
Early Summer,San Francisco,"Washington, DC",1,United,459.8730367,478.921516,Not Affordable
Early Summer,San Francisco,Boston,1,United,425.4126871,434.6733917,Not Affordable
Late Summer,San Francisco,Portland,1,Alaska Airlines,187.1371816,193.7945393,Affordable
Late Summer,San Francisco,New Orleans,1,United,318.5411406,366.3587337,Affordable
Late Summer,San Francisco,New York,1,JetBlue Airways,517.4829507,389.3562106,Not Affordable
Early Summer,San Francisco,"Washington, DC",2,United,459.8730367,224.668323,Affordable
Early Summer,San Francisco,Chicago,1,Frontier Airlines,355.3685394,148.6524562,Not Affordable
Early Summer,San Francisco,Seattle,2,Alaska Airlines,212.8712372,124.4277479,Affordable
Early Summer,San Francisco,PHL,1,Delta,384.0539451,333.2403069,Not Affordable
Late Summer,San Francisco,Boston,1,Delta,425.4126871,397.6109453,Not Affordable
Early Summer,San Francisco,"Washington, DC",1,United,459.8730367,478.921516,Not Affordable
Late Summer,San Francisco,New York,2,Alaska Airlines,517.4829507,225.8884498,Affordable
Early Summer,San Francisco,Boston,1,Delta,425.4126871,433.0364294,Not Affordable
Late Summer,San Francisco,Boston,2,United,425.4126871,194.9766636,Affordable
Early Summer,San Francisco,New Orleans,1,United,318.5411406,405.8794838,Not Affordable
Early Summer,San Francisco,New York,1,JetBlue Airways,517.4829507,410.2589877,Not Affordable
Early Summer,San Francisco,Boston,1,JetBlue Airways,425.4126871,392.7225229,Not Affordable
Late Summer,San Francisco,Nashville,1,Delta,337.3357337,291.3564799,Affordable
Late Summer,San Francisco,Honolulu,3,Alaska Airlines,389.4728459,93.86071421,Affordable
Early Summer,San Francisco,"Washington, DC",1,Alaska Airlines,459.8730367,362.0630458,Not Affordable
Late Summer,San Francisco,Chicago,1,Southwest Airlines,355.3685394,220.0455181,Not Affordable
Late Summer,San Francisco,Boston,2,JetBlue Airways,425.4126871,213.7618715,Affordable
Early Summer,San Francisco,"Washington, DC",1,United,459.8730367,478.921516,Not Affordable
Late Summer,San Francisco,Chicago,2,United,355.3685394,202.0029303,Affordable
Late Summer,San Francisco,New York,1,Southwest Airlines,517.4829507,241.5225554,Not Affordable
Early Summer,San Francisco,Honolulu,1,United,389.4728459,336.647547,Not Affordable
Early Summer,San Francisco,Nashville,4,United,337.3357337,82.85223018,Affordable
Late Summer,San Francisco,New York,1,Delta,517.4829507,444.2981564,Not Affordable
Late Summer,San Francisco,"Washington, DC",1,United,459.8730367,432.3310743,Not Affordable
Early Summer,San Francisco,Portland,1,Alaska Airlines,187.1371816,207.7566114,Affordable
Late Summer,San Francisco,Chicago,3,United,355.3685394,118.896336,Affordable
Early Summer,San Francisco,Chicago,1,United,355.3685394,459.0114787,Not Affordable
Early Summer,San Francisco,New York,1,Alaska Airlines,517.4829507,406.784845,Not Affordable
Early Summer,San Francisco,"Washington, DC",1,United,459.8730367,478.921516,Not Affordable
Late Summer,San Francisco,New Orleans,2,United,318.5411406,152.7839523,Affordable
Late Summer,San Francisco,New York,1,Alaska Airlines,517.4829507,239.2668504,Not Affordable
Early Summer,San Francisco,Nashville,1,United,337.3357337,400.5288748,Not Affordable
Late Summer,San Francisco,San Diego,1,Southwest Airlines,180.3080597,182.0381639,Affordable
Late Summer,San Francisco,Honolulu,1,Alaska Airlines,389.4728459,334.3941163,Not Affordable
Late Summer,San Francisco,PHL,1,United,384.0539451,328.5123843,Not Affordable
Late Summer,San Francisco,Boston,3,Delta,425.4126871,114.7198213,Affordable
Early Summer,San Francisco,Nashville,1,Alaska Airlines,337.3357337,312.1458458,Not Affordable
Late Summer,San Francisco,San Diego,1,Frontier Airlines,180.3080597,125.7348847,Affordable
Early Summer,San Francisco,"Washington, DC",3,Alaska Airlines,459.8730367,143.0512394,Affordable
Early Summer,San Francisco,Chicago,1,Alaska Airlines,355.3685394,326.1214594,Not Affordable
Early Summer,San Francisco,Seattle,3,United,212.8712372,86.79315965,Affordable
Late Summer,San Francisco,"Washington, DC",1,United,459.8730367,402.9364393,Not Affordable
Early Summer,San Francisco,Honolulu,1,Alaska Airlines,389.4728459,372.9980311,Not Affordable
Early Summer,San Francisco,Honolulu,3,United,389.4728459,109.4583927,Affordable
Early Summer,San Francisco,Boston,1,United,425.4126871,436.4720575,Not Affordable
Late Summer,San Francisco,Boston,1,JetBlue Airways,425.4126871,379.6846985,Not Affordable
Late Summer,San Francisco,Nashville,1,United,337.3357337,386.9471422,Not Affordable
Early Summer,San Francisco,Chicago,1,Alaska Airlines,355.3685394,372.050438,Not Affordable
Early Summer,San Francisco,Seattle,1,Alaska Airlines,212.8712372,257.1828494,Affordable
Early Summer,San Francisco,PHL,1,United,384.0539451,411.6173178,Not Affordable
Early Summer,San Francisco,Honolulu,2,United,389.4728459,184.9141731,Affordable
Early Summer,San Francisco,Honolulu,2,United,389.4728459,184.9141731,Affordable
Late Summer,San Francisco,PHL,1,Alaska Airlines,384.0539451,407.6921045,Affordable
Early Summer,San Francisco,Chicago,1,United,355.3685394,392.5990186,Not Affordable
Late Summer,San Francisco,Chicago,3,United,355.3685394,118.896336,Affordable
Late Summer,San Francisco,PHL,1,United,384.0539451,382.190872,Not Affordable
Late Summer,San Francisco,Seattle,1,United,212.8712372,272.1478904,Affordable
Late Summer,San Francisco,New York,1,Delta,517.4829507,420.6896488,Not Affordable
Late Summer,San Francisco,Nashville,1,United,337.3357337,369.6066215,Not Affordable
Early Summer,San Francisco,Chicago,1,Alaska Airlines,355.3685394,326.1214594,Not Affordable
Late Summer,San Francisco,Chicago,1,United,355.3685394,446.9245953,Not Affordable
Early Summer,San Francisco,Chicago,1,United,355.3685394,459.0114787,Not Affordable
Early Summer,San Francisco,Boston,1,Delta,425.4126871,433.0364294,Not Affordable
Late Summer,San Francisco,"Washington, DC",1,United,459.8730367,432.3310743,Not Affordable
Late Summer,San Francisco,San Diego,1,Alaska Airlines,180.3080597,202.7799898,Affordable
Early Summer,San Francisco,"Washington, DC",1,United,459.8730367,478.921516,Not Affordable
Late Summer,San Francisco,New York,1,Delta,517.4829507,389.1262053,Not Affordable
Early Summer,San Francisco,San Diego,1,Southwest Airlines,180.3080597,197.0121896,Affordable
Late Summer,San Francisco,New York,6,Alaska Airlines,517.4829507,100.0484495,Affordable
Late Summer,San Francisco,Boston,1,JetBlue Airways,425.4126871,379.6846985,Not Affordable
Early Summer,San Francisco,Boston,1,Alaska Airlines,425.4126871,352.4295884,Not Affordable
Late Summer,San Francisco,New York,1,Alaska Airlines,517.4829507,412.4171169,Not Affordable
Early Summer,San Francisco,Boston,1,JetBlue Airways,425.4126871,392.7225229,Not Affordable
Early Summer,San Francisco,Portland,1,United,187.1371816,218.7727296,Affordable
Late Summer,San Francisco,"Washington, DC",1,Alaska Airlines,459.8730367,370.8671934,Not Affordable
Early Summer,San Francisco,PHL,1,Alaska Airlines,384.0539451,378.9473387,Not Affordable
Early Summer,San Francisco,San Diego,1,United,180.3080597,260.558361,Affordable
Early Summer,San Francisco,Boston,2,United,425.4126871,198.7268531,Affordable
Late Summer,San Francisco,Boston,1,Alaska Airlines,425.4126871,341.0096504,Not Affordable
Late Summer,San Francisco,Chicago,1,Delta,355.3685394,350.0484058,Not Affordable
Early Summer,San Francisco,Boston,1,Alaska Airlines,425.4126871,352.4295884,Not Affordable
Early Summer,San Francisco,Portland,1,Alaska Airlines,187.1371816,207.7566114,Affordable
Early Summer,San Francisco,San Diego,1,United,180.3080597,260.558361,Affordable
Late Summer,San Francisco,Boston,1,United,425.4126871,418.713752,Not Affordable
Early Summer,San Francisco,Boston,1,United,425.4126871,436.4720575,Not Affordable
Late Summer,San Francisco,Portland,3,Alaska Airlines,187.1371816,86.55526341,Affordable
Late Summer,San Francisco,Nashville,1,United,337.3357337,386.9471422,Not Affordable
Late Summer,San Francisco,New York,1,JetBlue Airways,517.4829507,389.3562106,Not Affordable
Late Summer,San Francisco,Chicago,1,United,355.3685394,446.9245953,Not Affordable
Late Summer,San Francisco,Portland,2,United,187.1371816,103.9308542,Affordable
Late Summer,San Francisco,"Washington, DC",1,Alaska Airlines,459.8730367,370.8671934,Not Affordable
Early Summer,San Francisco,New York,2,JetBlue Airways,517.4829507,258.8872353,Affordable
Late Summer,San Francisco,"Washington, DC",1,United,459.8730367,414.5662692,Not Affordable
Early Summer,San Francisco,Honolulu,2,United,389.4728459,184.9141731,Affordable
Early Summer,San Francisco,Chicago,1,Alaska Airlines,355.3685394,372.050438,Not Affordable
Early Summer,San Francisco,Seattle,1,Delta,212.8712372,230.8142753,Affordable
Late Summer,San Francisco,"Washington, DC",2,United,459.8730367,209.4494421,Affordable
Late Summer,San Francisco,PHL,3,Alaska Airlines,384.0539451,142.3400172,Affordable
Late Summer,San Francisco,Portland,1,Frontier Airlines,187.1371816,120.5147463,Affordable
Early Summer,San Francisco,New York,1,United,517.4829507,380.0590661,Not Affordable
Early Summer,San Francisco,Honolulu,1,Alaska Airlines,389.4728459,372.9980311,Not Affordable
Late Summer,San Francisco,San Diego,1,United,180.3080597,248.0589529,Affordable
Early Summer,San Francisco,San Diego,1,United,180.3080597,260.558361,Affordable
Early Summer,San Francisco,New Orleans,1,United,318.5411406,332.4923672,Not Affordable
Late Summer,San Francisco,San Diego,2,Alaska Airlines,180.3080597,99.5344518,Affordable
Late Summer,San Francisco,New York,1,United,517.4829507,356.8432383,Not Affordable
Early Summer,San Francisco,New York,2,JetBlue Airways,517.4829507,258.8872353,Affordable
Early Summer,San Francisco,"Washington, DC",1,United,459.8730367,397.8266729,Not Affordable
Early Summer,San Francisco,New Orleans,1,Alaska Airlines,318.5411406,290.1105271,Affordable
Late Summer,San Francisco,PHL,1,Alaska Airlines,384.0539451,407.6921045,Affordable
Late Summer,San Francisco,New Orleans,1,Delta,318.5411406,246.2404955,Affordable
Late Summer,San Francisco,Boston,1,Delta,425.4126871,397.6109453,Not Affordable
Early Summer,San Francisco,"Washington, DC",1,United,459.8730367,478.921516,Not Affordable
Late Summer,San Francisco,Boston,5,Delta,425.4126871,80.69258166,Affordable
Late Summer,San Francisco,Boston,1,United,425.4126871,418.713752,Not Affordable
Late Summer,San Francisco,Chicago,1,United,355.3685394,446.9245953,Not Affordable
Early Summer,San Francisco,Boston,1,United,425.4126871,436.4720575,Not Affordable
Early Summer,San Francisco,"Washington, DC",1,United,459.8730367,469.0719449,Not Affordable
Late Summer,San Francisco,Chicago,1,United,355.3685394,446.9245953,Not Affordable
Late Summer,San Francisco,New York,3,JetBlue Airways,517.4829507,177.2476079,Affordable
Early Summer,San Francisco,PHL,1,Alaska Airlines,384.0539451,367.2422865,Not Affordable
Late Summer,San Francisco,Honolulu,1,Alaska Airlines,389.4728459,334.3941163,Not Affordable
Early Summer,San Francisco,"Washington, DC",1,Alaska Airlines,459.8730367,438.1808266,Not Affordable
Early Summer,San Francisco,Boston,1,United,425.4126871,436.4720575,Not Affordable
Early Summer,San Francisco,Portland,1,Frontier Airlines,187.1371816,116.794565,Affordable
Late Summer,San Francisco,New Orleans,3,United,318.5411406,98.87523982,Affordable
Early Summer,San Francisco,PHL,1,Delta,384.0539451,302.7400643,Not Affordable
Early Summer,San Francisco,"Washington, DC",2,United,459.8730367,224.668323,Affordable
Early Summer,San Francisco,PHL,2,Alaska Airlines,384.0539451,207.2670442,Affordable
Late Summer,San Francisco,Boston,2,JetBlue Airways,425.4126871,213.7618715,Affordable
Early Summer,San Francisco,Boston,1,Alaska Airlines,425.4126871,353.7685524,Not Affordable
Early Summer,San Francisco,PHL,2,Alaska Airlines,384.0539451,207.2670442,Affordable
Early Summer,San Francisco,New York,1,United,517.4829507,375.0340182,Not Affordable
Late Summer,San Francisco,Boston,2,Alaska Airlines,425.4126871,89.64177736,Affordable
Early Summer,San Francisco,PHL,1,Alaska Airlines,384.0539451,430.5776514,Not Affordable
Early Summer,San Francisco,Chicago,3,United,355.3685394,119.5248444,Affordable
Early Summer,San Francisco,"Washington, DC",1,United,459.8730367,478.921516,Not Affordable
Late Summer,San Francisco,Chicago,1,United,355.3685394,446.9245953,Not Affordable
Late Summer,San Francisco,San Diego,1,Alaska Airlines,180.3080597,202.7799898,Affordable
Early Summer,San Francisco,Seattle,2,Delta,212.8712372,101.6438785,Affordable
Late Summer,San Francisco,Honolulu,1,United,389.4728459,446.7650287,Not Affordable
Early Summer,San Francisco,"Washington, DC",2,United,459.8730367,227.2399677,Affordable
Early Summer,San Francisco,New York,2,Delta,517.4829507,267.2219505,Affordable
Early Summer,San Francisco,Boston,1,Southwest Airlines,425.4126871,266.7811291,Not Affordable
Early Summer,San Francisco,Chicago,3,United,355.3685394,119.5248444,Affordable
Early Summer,San Francisco,New York,1,Alaska Airlines,517.4829507,406.784845,Not Affordable
Late Summer,San Francisco,New Orleans,1,Southwest Airlines,318.5411406,218.2710797,Affordable
Early Summer,San Francisco,New York,1,JetBlue Airways,517.4829507,410.2589877,Not Affordable
Early Summer,San Francisco,"Washington, DC",2,United,459.8730367,224.668323,Affordable
Late Summer,San Francisco,New Orleans,1,United,318.5411406,328.8152442,Affordable
Late Summer,San Francisco,Chicago,1,United,355.3685394,446.9245953,Not Affordable
Early Summer,San Francisco,Boston,1,United,425.4126871,436.4720575,Not Affordable
Early Summer,San Francisco,"Washington, DC",1,Alaska Airlines,459.8730367,438.1808266,Not Affordable
Late Summer,San Francisco,"Washington, DC",1,United,459.8730367,374.0342714,Not Affordable
Early Summer,San Francisco,New York,1,Alaska Airlines,517.4829507,432.2613235,Not Affordable
Late Summer,San Francisco,Boston,1,United,425.4126871,418.713752,Not Affordable
Early Summer,San Francisco,Boston,1,United,425.4126871,436.4720575,Not Affordable
Early Summer,San Francisco,New York,1,Delta,517.4829507,477.3203528,Not Affordable
Early Summer,San Francisco,"Washington, DC",2,United,459.8730367,227.2399677,Affordable
Early Summer,San Francisco,Nashville,1,United,337.3357337,400.5288748,Not Affordable
Early Summer,San Francisco,New Orleans,2,United,318.5411406,181.7268639,Affordable
Early Summer,San Francisco,PHL,2,Alaska Airlines,384.0539451,207.2670442,Affordable
Early Summer,San Francisco,"Washington, DC",1,United,459.8730367,438.0642416,Not Affordable
Early Summer,San Francisco,Nashville,1,United,337.3357337,400.5288748,Not Affordable
Late Summer,San Francisco,San Diego,1,Alaska Airlines,180.3080597,202.7799898,Affordable
Late Summer,San Francisco,Seattle,1,United,212.8712372,272.1478904,Affordable
Late Summer,San Francisco,"Washington, DC",2,United,459.8730367,198.9625633,Affordable
Early Summer,San Francisco,San Diego,1,Southwest Airlines,180.3080597,197.0121896,Affordable
Late Summer,San Francisco,Boston,1,Alaska Airlines,425.4126871,317.5531562,Not Affordable
Early Summer,San Francisco,Boston,2,United,425.4126871,198.7268531,Affordable
Late Summer,San Francisco,Boston,4,Delta,425.4126871,90.10565005,Affordable
Early Summer,San Francisco,Honolulu,1,Southwest Airlines,389.4728459,253.7949771,Not Affordable
Early Summer,San Francisco,"Washington, DC",6,United,459.8730367,92.51100417,Affordable
Early Summer,San Francisco,Portland,1,Alaska Airlines,187.1371816,207.7566114,Affordable
Late Summer,San Francisco,Honolulu,1,Alaska Airlines,389.4728459,334.3941163,Not Affordable
Late Summer,San Francisco,New York,2,Alaska Airlines,517.4829507,225.8884498,Affordable
Early Summer,San Francisco,New York,1,Delta,517.4829507,477.3203528,Not Affordable
Late Summer,San Francisco,New Orleans,1,United,318.5411406,366.3587337,Affordable
Late Summer,San Francisco,Chicago,1,United,355.3685394,446.9245953,Not Affordable
Late Summer,San Francisco,Honolulu,1,Alaska Airlines,389.4728459,334.3941163,Not Affordable
Early Summer,San Francisco,"Washington, DC",1,United,459.8730367,469.0719449,Not Affordable
Early Summer,San Francisco,"Washington, DC",1,United,459.8730367,478.921516,Not Affordable
Early Summer,San Francisco,Seattle,3,United,212.8712372,86.79315965,Affordable
Late Summer,San Francisco,Chicago,1,Alaska Airlines,355.3685394,358.9908283,Affordable
Early Summer,San Francisco,New York,1,Delta,517.4829507,460.3048532,Not Affordable
Late Summer,San Francisco,New York,1,Delta,517.4829507,420.6896488,Not Affordable
Early Summer,San Francisco,San Diego,1,United,180.3080597,260.558361,Affordable
Early Summer,San Francisco,Boston,1,Alaska Airlines,425.4126871,352.4295884,Not Affordable
Early Summer,San Francisco,"Washington, DC",1,Alaska Airlines,459.8730367,358.4692373,Not Affordable
Late Summer,San Francisco,Chicago,1,Southwest Airlines,355.3685394,205.1200687,Not Affordable
Early Summer,San Francisco,Seattle,2,Alaska Airlines,212.8712372,124.4277479,Affordable
Late Summer,San Francisco,New York,1,Alaska Airlines,517.4829507,353.8484592,Not Affordable
Early Summer,San Francisco,Chicago,2,Alaska Airlines,355.3685394,176.8833593,Affordable
Early Summer,San Francisco,"Washington, DC",1,Delta,459.8730367,430.0984949,Not Affordable
Early Summer,San Francisco,Chicago,2,Alaska Airlines,355.3685394,129.8616727,Affordable
Early Summer,San Francisco,Chicago,1,Alaska Airlines,355.3685394,372.050438,Not Affordable
Early Summer,San Francisco,New York,1,JetBlue Airways,517.4829507,410.2589877,Not Affordable
Late Summer,San Francisco,"Washington, DC",1,Delta,459.8730367,359.8880608,Not Affordable
Late Summer,San Francisco,San Diego,1,Frontier Airlines,180.3080597,125.6508587,Affordable
Late Summer,San Francisco,Chicago,1,Alaska Airlines,355.3685394,358.9908283,Affordable
Late Summer,San Francisco,Seattle,1,Alaska Airlines,212.8712372,251.0942672,Affordable
Early Summer,San Francisco,New York,4,Delta,517.4829507,140.9884138,Affordable
Early Summer,San Francisco,Honolulu,1,United,389.4728459,477.5331385,Not Affordable
Early Summer,San Francisco,"Washington, DC",1,Southwest Airlines,459.8730367,341.6567104,Not Affordable
Early Summer,San Francisco,Seattle,1,Delta,212.8712372,230.8142753,Affordable
Early Summer,San Francisco,San Diego,1,Southwest Airlines,180.3080597,197.0121896,Affordable
Late Summer,San Francisco,New York,1,Delta,517.4829507,420.6896488,Not Affordable
Late Summer,San Francisco,PHL,1,United,384.0539451,382.190872,Not Affordable
Early Summer,San Francisco,Chicago,1,Southwest Airlines,355.3685394,258.8463888,Not Affordable
Late Summer,San Francisco,New York,1,Alaska Airlines,517.4829507,336.5797893,Not Affordable
Late Summer,San Francisco,PHL,1,Alaska Airlines,384.0539451,317.2346259,Affordable
Late Summer,San Francisco,Seattle,2,Alaska Airlines,212.8712372,126.3666017,Affordable
Late Summer,San Francisco,New York,2,Alaska Airlines,517.4829507,225.8884498,Affordable
Late Summer,San Francisco,Boston,1,United,425.4126871,499.8796729,Not Affordable
Late Summer,San Francisco,Chicago,1,United,355.3685394,446.9245953,Not Affordable
Late Summer,San Francisco,New Orleans,1,United,318.5411406,366.3587337,Affordable
Early Summer,San Francisco,"Washington, DC",1,Frontier Airlines,459.8730367,180.9331328,Not Affordable
Early Summer,San Francisco,Boston,2,United,425.4126871,198.7268531,Affordable
Late Summer,San Francisco,New York,1,Delta,517.4829507,420.6896488,Not Affordable
Early Summer,San Francisco,New York,1,Delta,517.4829507,460.3048532,Not Affordable
Early Summer,San Francisco,Boston,3,Delta,425.4126871,109.680756,Affordable
Late Summer,San Francisco,San Diego,2,United,180.3080597,111.1674109,Affordable
Late Summer,San Francisco,"Washington, DC",1,Delta,459.8730367,483.339904,Not Affordable
Late Summer,San Francisco,PHL,2,Alaska Airlines,384.0539451,204.2135697,Affordable
Early Summer,San Francisco,Boston,1,Alaska Airlines,425.4126871,352.4295884,Not Affordable
Early Summer,San Francisco,San Diego,2,United,180.3080597,118.5452791,Affordable
Early Summer,San Francisco,New York,4,Delta,517.4829507,140.9884138,Affordable
Late Summer,San Francisco,New York,1,Delta,517.4829507,365.8226333,Not Affordable
Late Summer,San Francisco,Boston,1,Southwest Airlines,425.4126871,227.2215841,Not Affordable
Early Summer,San Francisco,Boston,2,United,425.4126871,198.7268531,Affordable
Early Summer,San Francisco,PHL,2,Alaska Airlines,384.0539451,207.2670442,Affordable
Early Summer,San Francisco,Nashville,1,United,337.3357337,400.5288748,Not Affordable
Early Summer,San Francisco,Boston,1,Delta,425.4126871,433.0364294,Not Affordable
Early Summer,San Francisco,Seattle,1,Alaska Airlines,212.8712372,257.1828494,Affordable
Late Summer,San Francisco,Chicago,1,Alaska Airlines,355.3685394,304.0376476,Affordable
Early Summer,San Francisco,Nashville,1,Alaska Airlines,337.3357337,312.1458458,Not Affordable
Early Summer,San Francisco,"Washington, DC",3,United,459.8730367,136.7886002,Affordable
Late Summer,San Francisco,New York,3,Delta,517.4829507,174.5597045,Affordable
Late Summer,San Francisco,Seattle,1,Delta,212.8712372,214.4417326,Affordable
Early Summer,San Francisco,Chicago,1,United,355.3685394,459.0114787,Not Affordable
Late Summer,San Francisco,Chicago,1,United,355.3685394,414.7426758,Not Affordable
Late Summer,San Francisco,Seattle,1,Delta,212.8712372,214.4417326,Affordable
Early Summer,San Francisco,New Orleans,1,United,318.5411406,405.8794838,Not Affordable
Early Summer,San Francisco,Boston,3,Delta,425.4126871,109.680756,Affordable
Early Summer,San Francisco,San Diego,1,United,180.3080597,260.558361,Affordable
Late Summer,San Francisco,New York,1,Delta,517.4829507,420.6896488,Not Affordable
Late Summer,San Francisco,Chicago,1,Alaska Airlines,355.3685394,358.9908283,Affordable
Early Summer,San Francisco,"Washington, DC",1,United,459.8730367,478.921516,Not Affordable
Late Summer,San Francisco,Boston,2,JetBlue Airways,425.4126871,213.7618715,Affordable
Early Summer,San Francisco,Nashville,1,United,337.3357337,375.0910974,Not Affordable
Late Summer,San Francisco,Seattle,2,United,212.8712372,121.9032839,Affordable
Late Summer,San Francisco,New York,1,Alaska Airlines,517.4829507,353.8484592,Not Affordable
Late Summer,San Francisco,New York,1,Delta,517.4829507,420.6896488,Not Affordable
Late Summer,San Francisco,"Washington, DC",1,United,459.8730367,432.3310743,Not Affordable
Late Summer,San Francisco,"Washington, DC",1,United,459.8730367,432.3310743,Not Affordable
Late Summer,San Francisco,Chicago,2,Alaska Airlines,355.3685394,209.184181,Affordable
Late Summer,San Francisco,New York,1,Alaska Airlines,517.4829507,412.4171169,Not Affordable
Late Summer,San Francisco,Nashville,1,United,337.3357337,386.9471422,Not Affordable
Late Summer,San Francisco,Boston,1,Alaska Airlines,425.4126871,341.0096504,Not Affordable
Early Summer,San Francisco,New York,1,United,517.4829507,375.0340182,Not Affordable
Early Summer,San Francisco,"Washington, DC",1,Alaska Airlines,459.8730367,426.4986197,Not Affordable
Late Summer,San Francisco,San Diego,1,United,180.3080597,248.0589529,Affordable
Late Summer,San Francisco,New York,1,Delta,517.4829507,420.6896488,Not Affordable
Early Summer,San Francisco,Chicago,1,United,355.3685394,459.0114787,Not Affordable
Early Summer,San Francisco,"Washington, DC",1,United,459.8730367,478.921516,Not Affordable
Late Summer,San Francisco,PHL,1,United,384.0539451,382.190872,Not Affordable
Late Summer,San Francisco,New Orleans,1,Southwest Airlines,318.5411406,222.5279672,Affordable
Late Summer,San Francisco,Chicago,1,Alaska Airlines,355.3685394,358.9908283,Affordable
Early Summer,San Francisco,San Diego,1,Frontier Airlines,180.3080597,123.2067592,Affordable
Late Summer,San Francisco,Honolulu,1,United,389.4728459,446.7650287,Not Affordable
Early Summer,San Francisco,New Orleans,1,United,318.5411406,332.4923672,Not Affordable
Late Summer,San Francisco,PHL,1,Delta,384.0539451,302.1806049,Not Affordable
Early Summer,San Francisco,Chicago,1,Alaska Airlines,355.3685394,326.1214594,Not Affordable
Early Summer,San Francisco,Chicago,3,United,355.3685394,119.5248444,Affordable
Early Summer,San Francisco,Chicago,2,Southwest Airlines,355.3685394,127.5253661,Affordable
Early Summer,San Francisco,Nashville,1,United,337.3357337,400.5288748,Not Affordable
Early Summer,San Francisco,New York,1,Alaska Airlines,517.4829507,406.784845,Not Affordable
Late Summer,San Francisco,Chicago,1,United,355.3685394,351.5234324,Not Affordable
Early Summer,San Francisco,Boston,1,United,425.4126871,400.4448024,Not Affordable
Late Summer,San Francisco,New York,1,Delta,517.4829507,420.6896488,Not Affordable
Early Summer,San Francisco,Boston,1,Delta,425.4126871,433.0364294,Not Affordable
Late Summer,San Francisco,Chicago,1,Southwest Airlines,355.3685394,220.0455181,Not Affordable
Late Summer,San Francisco,"Washington, DC",1,Alaska Airlines,459.8730367,371.3713658,Not Affordable
Early Summer,San Francisco,"Washington, DC",1,Southwest Airlines,459.8730367,304.7517809,Not Affordable
Late Summer,San Francisco,Nashville,1,United,337.3357337,386.9471422,Not Affordable
Early Summer,San Francisco,PHL,1,Alaska Airlines,384.0539451,400.4762664,Not Affordable
Late Summer,San Francisco,San Diego,1,United,180.3080597,248.0589529,Affordable
Late Summer,San Francisco,Boston,1,JetBlue Airways,425.4126871,379.6846985,Not Affordable
Early Summer,San Francisco,Chicago,1,United,355.3685394,459.0114787,Not Affordable
Early Summer,San Francisco,New York,4,JetBlue Airways,517.4829507,168.5320272,Affordable
Late Summer,San Francisco,PHL,1,Alaska Airlines,384.0539451,359.5229004,Affordable
Early Summer,San Francisco,New York,1,Alaska Airlines,517.4829507,354.8520423,Not Affordable
Late Summer,San Francisco,Portland,1,Alaska Airlines,187.1371816,202.5317729,Affordable
Late Summer,San Francisco,San Diego,1,Alaska Airlines,180.3080597,202.7799898,Affordable
Late Summer,San Francisco,New Orleans,1,United,318.5411406,366.3587337,Affordable
Early Summer,San Francisco,New York,1,Alaska Airlines,517.4829507,406.784845,Not Affordable
Late Summer,San Francisco,Portland,1,Alaska Airlines,187.1371816,202.5317729,Affordable
Late Summer,San Francisco,New York,1,Delta,517.4829507,389.1262053,Not Affordable
Late Summer,San Francisco,Nashville,1,United,337.3357337,386.9471422,Not Affordable
Early Summer,San Francisco,Boston,1,Delta,425.4126871,433.0364294,Not Affordable
Early Summer,San Francisco,Chicago,1,Delta,355.3685394,359.7124286,Not Affordable
Late Summer,San Francisco,New York,1,Delta,517.4829507,420.6896488,Not Affordable
Early Summer,San Francisco,San Diego,1,Alaska Airlines,180.3080597,207.3832392,Affordable
Early Summer,San Francisco,Boston,2,JetBlue Airways,425.4126871,214.582518,Affordable
Early Summer,San Francisco,Boston,1,Alaska Airlines,425.4126871,293.9002475,Not Affordable
Early Summer,San Francisco,Portland,1,United,187.1371816,241.6657515,Affordable
Late Summer,San Francisco,"Washington, DC",4,United,459.8730367,85.48864719,Affordable
Early Summer,San Francisco,New York,1,JetBlue Airways,517.4829507,309.8314602,Not Affordable
Late Summer,San Francisco,Boston,1,Delta,425.4126871,397.6109453,Not Affordable
Early Summer,San Francisco,Chicago,2,United,355.3685394,203.6728441,Affordable
Early Summer,San Francisco,San Diego,1,United,180.3080597,260.558361,Affordable
Late Summer,San Francisco,"Washington, DC",2,United,459.8730367,209.4494421,Affordable
Late Summer,San Francisco,PHL,1,Alaska Airlines,384.0539451,359.5229004,Affordable
Early Summer,San Francisco,"Washington, DC",1,United,459.8730367,469.0719449,Not Affordable
Early Summer,San Francisco,"Washington, DC",2,Alaska Airlines,459.8730367,203.1307172,Affordable
Late Summer,San Francisco,Honolulu,1,United,389.4728459,446.7650287,Not Affordable
Early Summer,San Francisco,"Washington, DC",1,United,459.8730367,478.921516,Not Affordable
Early Summer,San Francisco,PHL,1,Alaska Airlines,384.0539451,430.5776514,Not Affordable
Early Summer,San Francisco,Chicago,1,Alaska Airlines,355.3685394,372.050438,Not Affordable
Early Summer,San Francisco,Nashville,2,United,337.3357337,157.4110449,Affordable
Early Summer,San Francisco,Boston,2,United,425.4126871,198.7268531,Affordable
Early Summer,San Francisco,New York,4,JetBlue Airways,517.4829507,168.5320272,Affordable
Late Summer,San Francisco,"Washington, DC",1,Frontier Airlines,459.8730367,171.3042089,Not Affordable
Early Summer,San Francisco,"Washington, DC",6,Alaska Airlines,459.8730367,102.9280014,Affordable
Late Summer,San Francisco,Honolulu,2,United,389.4728459,184.0232892,Affordable
Early Summer,San Francisco,Seattle,4,Alaska Airlines,212.8712372,77.84600724,Affordable
Late Summer,San Francisco,New York,1,Alaska Airlines,517.4829507,392.4371492,Not Affordable
Early Summer,San Francisco,Honolulu,1,United,389.4728459,477.5331385,Not Affordable
Late Summer,San Francisco,Chicago,1,Frontier Airlines,355.3685394,145.9721214,Not Affordable
Early Summer,San Francisco,Boston,1,JetBlue Airways,425.4126871,392.7225229,Not Affordable
Early Summer,San Francisco,Boston,1,United,425.4126871,436.4720575,Not Affordable
Late Summer,San Francisco,Chicago,1,Frontier Airlines,355.3685394,147.1274076,Not Affordable
Early Summer,San Francisco,Honolulu,1,United,389.4728459,477.5331385,Not Affordable
Early Summer,San Francisco,Portland,2,Alaska Airlines,187.1371816,98.85360269,Affordable
Early Summer,San Francisco,Nashville,3,United,337.3357337,105.1247722,Affordable
Late Summer,San Francisco,Boston,2,JetBlue Airways,425.4126871,213.7618715,Affordable
Late Summer,San Francisco,PHL,2,Alaska Airlines,384.0539451,204.2135697,Affordable
Late Summer,San Francisco,"Washington, DC",1,United,459.8730367,374.8941964,Not Affordable
Late Summer,San Francisco,Honolulu,1,United,389.4728459,446.7650287,Not Affordable
Late Summer,San Francisco,New York,1,Alaska Airlines,517.4829507,412.4171169,Not Affordable
Early Summer,San Francisco,New York,2,Alaska Airlines,517.4829507,215.1748703,Affordable
Early Summer,San Francisco,Chicago,1,Southwest Airlines,355.3685394,255.8259303,Not Affordable
Late Summer,San Francisco,Chicago,2,Alaska Airlines,355.3685394,177.3453317,Affordable
Late Summer,San Francisco,Seattle,1,Delta,212.8712372,214.4417326,Affordable
Early Summer,San Francisco,Honolulu,2,Alaska Airlines,389.4728459,144.7316176,Affordable
Late Summer,San Francisco,Chicago,1,United,355.3685394,446.9245953,Not Affordable
Late Summer,San Francisco,New York,1,Delta,517.4829507,420.6896488,Not Affordable
Late Summer,San Francisco,Seattle,1,United,212.8712372,272.1478904,Affordable
Late Summer,San Francisco,Boston,1,JetBlue Airways,425.4126871,379.6846985,Not Affordable
Late Summer,San Francisco,Chicago,1,United,355.3685394,278.5889961,Not Affordable
Late Summer,San Francisco,New York,1,Delta,517.4829507,420.6896488,Not Affordable
Late Summer,San Francisco,New York,1,JetBlue Airways,517.4829507,389.3562106,Not Affordable
Late Summer,San Francisco,Chicago,1,United,355.3685394,266.9530928,Not Affordable
Late Summer,San Francisco,Boston,1,Delta,425.4126871,379.789797,Not Affordable
Early Summer,San Francisco,"Washington, DC",1,United,459.8730367,469.0719449,Not Affordable
Early Summer,San Francisco,Boston,1,United,425.4126871,436.4720575,Not Affordable
Early Summer,San Francisco,New Orleans,1,Southwest Airlines,318.5411406,278.6225052,Not Affordable
Early Summer,San Francisco,Chicago,1,United,355.3685394,459.0114787,Not Affordable
Late Summer,San Francisco,Chicago,1,Alaska Airlines,355.3685394,279.5210262,Affordable
Late Summer,San Francisco,New York,1,United,517.4829507,333.9268419,Not Affordable
Late Summer,San Francisco,New York,2,JetBlue Airways,517.4829507,259.5844956,Affordable
Late Summer,San Francisco,New Orleans,1,Alaska Airlines,318.5411406,253.7636069,Affordable
Late Summer,San Francisco,New Orleans,1,Alaska Airlines,318.5411406,253.7636069,Affordable
Early Summer,San Francisco,Seattle,1,Delta,212.8712372,230.8142753,Affordable
Early Summer,San Francisco,Chicago,1,United,355.3685394,459.0114787,Not Affordable
Early Summer,San Francisco,San Diego,2,Southwest Airlines,180.3080597,94.8438891,Affordable
Early Summer,San Francisco,New York,2,Alaska Airlines,517.4829507,215.1748703,Affordable
Early Summer,San Francisco,"Washington, DC",1,United,459.8730367,478.921516,Not Affordable
Late Summer,San Francisco,Portland,1,United,187.1371816,232.0862122,Affordable
Early Summer,San Francisco,Honolulu,5,United,389.4728459,76.15365029,Affordable
Late Summer,San Francisco,New York,1,JetBlue Airways,517.4829507,389.3562106,Not Affordable
Late Summer,San Francisco,Boston,1,Delta,425.4126871,397.6109453,Not Affordable
Late Summer,San Francisco,Boston,1,United,425.4126871,354.6818967,Not Affordable
Late Summer,San Francisco,Boston,1,JetBlue Airways,425.4126871,270.6185508,Not Affordable
Late Summer,San Francisco,New York,1,JetBlue Airways,517.4829507,389.3562106,Not Affordable
Late Summer,San Francisco,New Orleans,1,United,318.5411406,366.3587337,Affordable
Early Summer,San Francisco,PHL,1,Delta,384.0539451,328.8907954,Not Affordable
Late Summer,San Francisco,New Orleans,2,Delta,318.5411406,106.4652268,Affordable
Late Summer,San Francisco,New York,1,Alaska Airlines,517.4829507,412.4171169,Not Affordable
Late Summer,San Francisco,Boston,2,Alaska Airlines,425.4126871,167.1611791,Affordable
Early Summer,San Francisco,Honolulu,1,Alaska Airlines,389.4728459,372.9980311,Not Affordable
Late Summer,San Francisco,"Washington, DC",2,United,459.8730367,209.4494421,Affordable
Late Summer,San Francisco,Boston,2,Alaska Airlines,425.4126871,167.1611791,Affordable
Late Summer,San Francisco,Chicago,4,United,355.3685394,96.01420527,Affordable
Early Summer,San Francisco,PHL,1,Alaska Airlines,384.0539451,430.5776514,Not Affordable
Late Summer,San Francisco,New York,1,Alaska Airlines,517.4829507,392.4371492,Not Affordable
Early Summer,San Francisco,Chicago,1,Alaska Airlines,355.3685394,326.1214594,Not Affordable
Early Summer,San Francisco,New York,1,Delta,517.4829507,460.3048532,Not Affordable
Early Summer,San Francisco,Boston,5,JetBlue Airways,425.4126871,114.6705536,Affordable
Early Summer,San Francisco,Boston,1,United,425.4126871,400.4448024,Not Affordable
Early Summer,San Francisco,Nashville,3,United,337.3357337,105.1247722,Affordable
Early Summer,San Francisco,PHL,1,United,384.0539451,411.6173178,Not Affordable
Late Summer,San Francisco,New York,1,Alaska Airlines,517.4829507,239.2668504,Not Affordable
Late Summer,San Francisco,"Washington, DC",1,United,459.8730367,402.9364393,Not Affordable
Late Summer,San Francisco,Seattle,1,Alaska Airlines,212.8712372,251.0942672,Affordable
Early Summer,San Francisco,"Washington, DC",1,United,459.8730367,413.4629421,Not Affordable
Late Summer,San Francisco,"Washington, DC",1,United,459.8730367,432.3310743,Not Affordable
Early Summer,San Francisco,Boston,2,Delta,425.4126871,188.0476812,Affordable
Late Summer,San Francisco,New York,2,Delta,517.4829507,268.0126979,Affordable
Late Summer,San Francisco,Boston,2,United,425.4126871,194.9766636,Affordable
Late Summer,San Francisco,Honolulu,1,United,389.4728459,446.7650287,Not Affordable
Early Summer,San Francisco,Honolulu,2,United,389.4728459,184.9141731,Affordable
Late Summer,San Francisco,Boston,2,United,425.4126871,194.9766636,Affordable
Early Summer,San Francisco,New York,4,Alaska Airlines,517.4829507,109.3908577,Affordable
Late Summer,San Francisco,Boston,4,United,425.4126871,91.66202414,Affordable
Early Summer,San Francisco,"Washington, DC",4,Alaska Airlines,459.8730367,113.4060651,Affordable
Early Summer,San Francisco,Boston,1,United,425.4126871,436.4720575,Not Affordable
Late Summer,San Francisco,Portland,1,United,187.1371816,232.0862122,Affordable
Early Summer,San Francisco,"Washington, DC",3,Alaska Airlines,459.8730367,130.4169438,Affordable
Late Summer,San Francisco,Boston,2,United,425.4126871,194.9766636,Affordable
Early Summer,San Francisco,Seattle,1,United,212.8712372,284.9485713,Affordable
Early Summer,San Francisco,New York,1,Delta,517.4829507,460.3048532,Not Affordable
Early Summer,San Francisco,New Orleans,1,United,318.5411406,405.8794838,Not Affordable
Late Summer,San Francisco,New York,2,Delta,517.4829507,268.0126979,Affordable
Early Summer,San Francisco,New York,2,Alaska Airlines,517.4829507,215.1748703,Affordable
Early Summer,San Francisco,New Orleans,1,United,318.5411406,405.8794838,Not Affordable
Late Summer,San Francisco,Nashville,1,Alaska Airlines,337.3357337,288.5006048,Affordable
Late Summer,San Francisco,New York,1,JetBlue Airways,517.4829507,389.3562106,Not Affordable
Late Summer,San Francisco,San Diego,1,United,180.3080597,248.0589529,Affordable
Early Summer,San Francisco,New Orleans,1,Alaska Airlines,318.5411406,290.1105271,Affordable
Early Summer,San Francisco,Chicago,1,United,355.3685394,459.0114787,Not Affordable
Late Summer,San Francisco,Seattle,2,Alaska Airlines,212.8712372,126.3666017,Affordable
Late Summer,San Francisco,Seattle,1,Delta,212.8712372,214.4417326,Affordable
Late Summer,San Francisco,Nashville,1,Alaska Airlines,337.3357337,290.9983371,Affordable
Early Summer,San Francisco,Boston,2,United,425.4126871,198.7268531,Affordable
Early Summer,San Francisco,PHL,1,Alaska Airlines,384.0539451,483.2863898,Not Affordable
Late Summer,San Francisco,PHL,1,Alaska Airlines,384.0539451,407.6921045,Affordable
Early Summer,San Francisco,Portland,1,Alaska Airlines,187.1371816,207.7566114,Affordable
Late Summer,San Francisco,Boston,3,United,425.4126871,118.0565952,Affordable
Early Summer,San Francisco,Boston,1,Delta,425.4126871,433.0364294,Not Affordable
Early Summer,San Francisco,Boston,2,United,425.4126871,198.7268531,Affordable
Late Summer,San Francisco,"Washington, DC",1,United,459.8730367,432.3310743,Not Affordable
Early Summer,San Francisco,"Washington, DC",1,Alaska Airlines,459.8730367,438.1808266,Not Affordable
Early Summer,San Francisco,"Washington, DC",1,United,459.8730367,478.921516,Not Affordable
Early Summer,San Francisco,San Diego,1,United,180.3080597,260.558361,Affordable
Early Summer,San Francisco,"Washington, DC",1,United,459.8730367,478.921516,Not Affordable
Early Summer,San Francisco,Boston,2,Delta,425.4126871,188.0476812,Affordable
Late Summer,San Francisco,San Diego,1,United,180.3080597,248.0589529,Affordable
Late Summer,San Francisco,Seattle,1,Delta,212.8712372,214.4417326,Affordable
Early Summer,San Francisco,Boston,1,JetBlue Airways,425.4126871,392.7225229,Not Affordable
Late Summer,San Francisco,"Washington, DC",1,Southwest Airlines,459.8730367,258.3825943,Not Affordable
Late Summer,San Francisco,Chicago,2,Alaska Airlines,355.3685394,177.3453317,Affordable
Early Summer,San Francisco,New York,1,Delta,517.4829507,447.7045595,Not Affordable
Late Summer,San Francisco,Chicago,1,Southwest Airlines,355.3685394,220.0455181,Not Affordable
Early Summer,San Francisco,Boston,3,United,425.4126871,120.4036837,Affordable
Late Summer,San Francisco,Chicago,5,United,355.3685394,87.62202928,Affordable
Early Summer,San Francisco,Boston,1,Delta,425.4126871,268.2783906,Not Affordable
Early Summer,San Francisco,Nashville,3,United,337.3357337,105.1247722,Affordable
Late Summer,San Francisco,New York,3,Alaska Airlines,517.4829507,145.3779235,Affordable
Early Summer,San Francisco,Seattle,1,Delta,212.8712372,230.8142753,Affordable
Early Summer,San Francisco,Chicago,2,Alaska Airlines,355.3685394,129.8616727,Affordable
Early Summer,San Francisco,"Washington, DC",1,United,459.8730367,478.921516,Not Affordable
Late Summer,San Francisco,New Orleans,1,Alaska Airlines,318.5411406,253.7636069,Affordable
Late Summer,San Francisco,Boston,1,Delta,425.4126871,397.6109453,Not Affordable
Late Summer,San Francisco,"Washington, DC",1,United,459.8730367,428.3966396,Not Affordable
Early Summer,San Francisco,"Washington, DC",1,United,459.8730367,478.921516,Not Affordable
Late Summer,San Francisco,Boston,1,Delta,425.4126871,417.319142,Not Affordable
Late Summer,San Francisco,Honolulu,1,United,389.4728459,446.7650287,Not Affordable
Early Summer,San Francisco,New Orleans,1,United,318.5411406,405.8794838,Not Affordable
Late Summer,San Francisco,New York,1,Alaska Airlines,517.4829507,243.1069154,Not Affordable
Early Summer,San Francisco,San Diego,2,United,180.3080597,118.5452791,Affordable
Early Summer,San Francisco,New Orleans,1,United,318.5411406,405.8794838,Not Affordable
Early Summer,San Francisco,Nashville,1,Alaska Airlines,337.3357337,294.066718,Not Affordable
Early Summer,San Francisco,Boston,2,United,425.4126871,198.7268531,Affordable
Late Summer,San Francisco,San Diego,1,Southwest Airlines,180.3080597,181.9541378,Affordable
Late Summer,San Francisco,Portland,1,Alaska Airlines,187.1371816,202.5317729,Affordable
Early Summer,San Francisco,"Washington, DC",1,Alaska Airlines,459.8730367,362.4414297,Not Affordable
Late Summer,San Francisco,"Washington, DC",1,United,459.8730367,451.4015688,Not Affordable
Late Summer,San Francisco,New York,2,Delta,517.4829507,268.0126979,Affordable
Late Summer,San Francisco,Chicago,1,United,355.3685394,446.9245953,Not Affordable
Late Summer,San Francisco,Chicago,1,Alaska Airlines,355.3685394,358.9908283,Affordable
Late Summer,San Francisco,New York,1,Alaska Airlines,517.4829507,279.8733816,Not Affordable
Early Summer,San Francisco,Honolulu,1,Alaska Airlines,389.4728459,372.9980311,Not Affordable
Early Summer,San Francisco,Nashville,1,Southwest Airlines,337.3357337,286.3575792,Not Affordable
Early Summer,San Francisco,New York,1,Delta,517.4829507,460.3048532,Not Affordable
Early Summer,San Francisco,Boston,3,United,425.4126871,120.4036837,Affordable
Early Summer,San Francisco,Portland,2,United,187.1371816,106.7641789,Affordable
Early Summer,San Francisco,Seattle,1,Delta,212.8712372,230.8142753,Affordable
Early Summer,San Francisco,Nashville,1,United,337.3357337,400.5288748,Not Affordable
Late Summer,San Francisco,"Washington, DC",1,United,459.8730367,329.9813881,Not Affordable
Early Summer,San Francisco,Chicago,1,Southwest Airlines,355.3685394,255.8259303,Not Affordable
Early Summer,San Francisco,New York,3,Delta,517.4829507,168.7049008,Affordable
Early Summer,San Francisco,PHL,2,Alaska Airlines,384.0539451,207.2670442,Affordable
Early Summer,San Francisco,New York,2,Alaska Airlines,517.4829507,269.2129159,Affordable
Late Summer,San Francisco,Chicago,2,United,355.3685394,202.0029303,Affordable
Early Summer,San Francisco,"Washington, DC",1,Alaska Airlines,459.8730367,426.4986197,Not Affordable
Late Summer,San Francisco,"Washington, DC",1,United,459.8730367,432.3310743,Not Affordable
Early Summer,San Francisco,New York,2,Alaska Airlines,517.4829507,215.1748703,Affordable
Early Summer,San Francisco,New York,1,Delta,517.4829507,460.3048532,Not Affordable
Late Summer,San Francisco,Boston,2,Delta,425.4126871,189.7023246,Affordable
Early Summer,San Francisco,PHL,3,Alaska Airlines,384.0539451,140.2502356,Affordable
Late Summer,San Francisco,New York,1,Alaska Airlines,517.4829507,295.9714284,Not Affordable
Early Summer,San Francisco,PHL,1,United,384.0539451,411.6173178,Not Affordable
Early Summer,San Francisco,Boston,8,JetBlue Airways,425.4126871,143.5357389,Affordable
Early Summer,San Francisco,Honolulu,1,United,389.4728459,477.5331385,Not Affordable
Late Summer,San Francisco,New Orleans,1,United,318.5411406,366.3587337,Affordable
Early Summer,San Francisco,Nashville,3,United,337.3357337,105.1247722,Affordable
Early Summer,San Francisco,Chicago,1,Alaska Airlines,355.3685394,326.1214594,Not Affordable
Early Summer,San Francisco,Chicago,1,Alaska Airlines,355.3685394,372.050438,Not Affordable
Late Summer,San Francisco,Boston,2,United,425.4126871,194.9766636,Affordable
Early Summer,San Francisco,Honolulu,1,United,389.4728459,477.5331385,Not Affordable
Early Summer,San Francisco,"Washington, DC",1,United,459.8730367,185.8754252,Not Affordable
Early Summer,San Francisco,Boston,2,Delta,425.4126871,188.0476812,Affordable
Late Summer,San Francisco,New York,1,Delta,517.4829507,420.6896488,Not Affordable
Late Summer,San Francisco,Chicago,1,Southwest Airlines,355.3685394,220.0455181,Not Affordable
Early Summer,San Francisco,Honolulu,1,United,389.4728459,477.5331385,Not Affordable
Late Summer,San Francisco,Boston,5,Delta,425.4126871,80.69258166,Affordable
Early Summer,San Francisco,PHL,3,Southwest Airlines,384.0539451,79.53900886,Affordable
Early Summer,San Francisco,New York,1,Alaska Airlines,517.4829507,406.784845,Not Affordable
Late Summer,San Francisco,Boston,2,JetBlue Airways,425.4126871,213.7618715,Affordable
Early Summer,San Francisco,Chicago,1,Alaska Airlines,355.3685394,372.050438,Not Affordable
Early Summer,San Francisco,Seattle,1,Delta,212.8712372,230.8142753,Affordable
Early Summer,San Francisco,"Washington, DC",1,Delta,459.8730367,430.0984949,Not Affordable
Early Summer,San Francisco,Honolulu,1,United,389.4728459,477.5331385,Not Affordable
Early Summer,San Francisco,Nashville,1,Southwest Airlines,337.3357337,294.0833839,Not Affordable
Early Summer,San Francisco,Boston,4,United,425.4126871,94.00911268,Affordable
Early Summer,San Francisco,Boston,1,Alaska Airlines,425.4126871,372.9371246,Not Affordable
Early Summer,San Francisco,Honolulu,1,Alaska Airlines,389.4728459,372.9980311,Not Affordable
Late Summer,San Francisco,New York,5,Alaska Airlines,517.4829507,134.3571049,Affordable
Late Summer,San Francisco,"Washington, DC",1,United,459.8730367,477.6700199,Not Affordable
Late Summer,San Francisco,Boston,1,United,425.4126871,418.713752,Not Affordable
Early Summer,San Francisco,New York,1,Delta,517.4829507,370.5944854,Not Affordable
Late Summer,San Francisco,Boston,2,United,425.4126871,194.9766636,Affordable
Late Summer,San Francisco,"Washington, DC",1,United,459.8730367,432.3310743,Not Affordable
Late Summer,San Francisco,Boston,1,Delta,425.4126871,397.6109453,Not Affordable
Late Summer,San Francisco,New Orleans,1,United,318.5411406,360.3045609,Affordable
Early Summer,San Francisco,Chicago,1,Alaska Airlines,355.3685394,326.1214594,Not Affordable
Late Summer,San Francisco,New Orleans,1,Southwest Airlines,318.5411406,220.0589161,Affordable
Late Summer,San Francisco,Boston,1,Delta,425.4126871,397.6109453,Not Affordable
Early Summer,San Francisco,San Diego,3,United,180.3080597,86.46217016,Affordable
Early Summer,San Francisco,New York,1,Alaska Airlines,517.4829507,362.7699168,Not Affordable
Early Summer,San Francisco,New York,2,JetBlue Airways,517.4829507,81.97235068,Affordable
Early Summer,San Francisco,Boston,4,JetBlue Airways,425.4126871,128.7473214,Affordable
Early Summer,San Francisco,PHL,1,Alaska Airlines,384.0539451,430.5776514,Not Affordable
Early Summer,San Francisco,San Diego,1,Alaska Airlines,180.3080597,207.3832392,Affordable
Early Summer,San Francisco,Chicago,1,United,355.3685394,459.0114787,Not Affordable
Early Summer,San Francisco,New York,1,Southwest Airlines,517.4829507,272.226223,Not Affordable
Late Summer,San Francisco,New York,1,United,517.4829507,333.9268419,Not Affordable
Late Summer,San Francisco,Chicago,1,Southwest Airlines,355.3685394,220.0455181,Not Affordable
Early Summer,San Francisco,Chicago,4,United,355.3685394,96.10531727,Affordable
Late Summer,San Francisco,San Diego,3,United,180.3080597,80.12570728,Affordable
Early Summer,San Francisco,Nashville,1,Frontier Airlines,337.3357337,157.8015946,Not Affordable
Early Summer,San Francisco,"Washington, DC",1,Alaska Airlines,459.8730367,438.1808266,Not Affordable
Early Summer,San Francisco,PHL,1,Alaska Airlines,384.0539451,378.9473387,Not Affordable
Early Summer,San Francisco,PHL,1,United,384.0539451,411.6173178,Not Affordable
Early Summer,San Francisco,"Washington, DC",2,United,459.8730367,224.668323,Affordable
Early Summer,San Francisco,New York,1,Alaska Airlines,517.4829507,432.2613235,Not Affordable
Late Summer,San Francisco,Honolulu,1,United,389.4728459,446.7650287,Not Affordable
Late Summer,San Francisco,"Washington, DC",1,Alaska Airlines,459.8730367,370.8671934,Not Affordable
Early Summer,San Francisco,Boston,1,United,425.4126871,436.4720575,Not Affordable
Early Summer,San Francisco,PHL,1,Alaska Airlines,384.0539451,430.5776514,Not Affordable
Early Summer,San Francisco,Boston,1,JetBlue Airways,425.4126871,392.7225229,Not Affordable
Late Summer,San Francisco,Chicago,1,Frontier Airlines,355.3685394,156.0519388,Not Affordable
Late Summer,San Francisco,PHL,1,Delta,384.0539451,305.1706859,Not Affordable
Late Summer,San Francisco,"Washington, DC",1,Frontier Airlines,459.8730367,171.3042089,Not Affordable
Late Summer,San Francisco,Chicago,1,United,355.3685394,242.5859844,Not Affordable
Late Summer,San Francisco,"Washington, DC",2,United,459.8730367,209.4494421,Affordable
Late Summer,San Francisco,New Orleans,1,Delta,318.5411406,246.2404955,Affordable
Late Summer,San Francisco,Seattle,2,United,212.8712372,121.9032839,Affordable
Late Summer,San Francisco,PHL,1,United,384.0539451,297.1284411,Not Affordable
Early Summer,San Francisco,Boston,2,Delta,425.4126871,137.075582,Affordable
Late Summer,San Francisco,New York,1,Alaska Airlines,517.4829507,392.4371492,Not Affordable
Early Summer,San Francisco,Chicago,3,United,355.3685394,119.5248444,Affordable
Late Summer,San Francisco,New Orleans,1,Alaska Airlines,318.5411406,253.7636069,Affordable
Early Summer,San Francisco,Boston,1,Alaska Airlines,425.4126871,372.9371246,Not Affordable
Late Summer,San Francisco,New York,1,JetBlue Airways,517.4829507,389.3562106,Not Affordable
Late Summer,San Francisco,Boston,1,JetBlue Airways,425.4126871,379.6846985,Not Affordable
Late Summer,San Francisco,Seattle,2,United,212.8712372,121.9032839,Affordable
Late Summer,San Francisco,New York,1,Delta,517.4829507,391.8312424,Not Affordable
Late Summer,San Francisco,Portland,1,Alaska Airlines,187.1371816,223.9252973,Affordable
Late Summer,San Francisco,San Diego,2,Southwest Airlines,180.3080597,90.55926551,Affordable
Early Summer,San Francisco,PHL,1,United,384.0539451,411.6173178,Not Affordable
Late Summer,San Francisco,"Washington, DC",1,United,459.8730367,418.2065243,Not Affordable
Late Summer,San Francisco,Boston,1,JetBlue Airways,425.4126871,379.6846985,Not Affordable
Late Summer,San Francisco,New Orleans,1,Delta,318.5411406,249.0605956,Affordable
Early Summer,San Francisco,"Washington, DC",2,United,459.8730367,227.2399677,Affordable
Early Summer,San Francisco,Boston,3,Alaska Airlines,425.4126871,100.7510159,Affordable
Early Summer,San Francisco,Chicago,1,Frontier Airlines,355.3685394,148.6524562,Not Affordable
Early Summer,San Francisco,"Washington, DC",1,United,459.8730367,478.921516,Not Affordable
Early Summer,San Francisco,Chicago,1,United,355.3685394,459.0114787,Not Affordable
Late Summer,San Francisco,Boston,1,Alaska Airlines,425.4126871,341.0096504,Not Affordable
Early Summer,San Francisco,"Washington, DC",1,United,459.8730367,469.0719449,Not Affordable
Early Summer,San Francisco,Boston,2,JetBlue Airways,425.4126871,214.582518,Affordable
Early Summer,San Francisco,Boston,1,United,425.4126871,436.4720575,Not Affordable
Late Summer,San Francisco,Seattle,1,United,212.8712372,233.9938608,Affordable
Late Summer,San Francisco,Chicago,1,United,355.3685394,446.9245953,Not Affordable
Late Summer,San Francisco,Boston,1,Southwest Airlines,425.4126871,216.2078366,Not Affordable
Late Summer,San Francisco,New York,1,JetBlue Airways,517.4829507,228.8069738,Not Affordable
Late Summer,San Francisco,Nashville,1,Delta,337.3357337,276.5410864,Affordable
Late Summer,San Francisco,New Orleans,1,United,318.5411406,305.9814314,Affordable
Early Summer,San Francisco,"Washington, DC",1,Alaska Airlines,459.8730367,426.4986197,Not Affordable
Late Summer,San Francisco,Nashville,1,Delta,337.3357337,276.0703488,Affordable
Early Summer,San Francisco,New York,3,Alaska Airlines,517.4829507,85.56946031,Affordable
Early Summer,San Francisco,PHL,1,Alaska Airlines,384.0539451,378.9473387,Not Affordable
Late Summer,San Francisco,New York,1,Delta,517.4829507,420.6896488,Not Affordable
Late Summer,San Francisco,"Washington, DC",1,United,459.8730367,432.3310743,Not Affordable
Early Summer,San Francisco,New York,1,Alaska Airlines,517.4829507,432.2613235,Not Affordable
Early Summer,San Francisco,PHL,1,Alaska Airlines,384.0539451,347.9763006,Not Affordable
Early Summer,San Francisco,"Washington, DC",1,Alaska Airlines,459.8730367,426.4986197,Not Affordable
Early Summer,San Francisco,PHL,1,Alaska Airlines,384.0539451,430.5776514,Not Affordable
Late Summer,San Francisco,Chicago,1,Alaska Airlines,355.3685394,358.9908283,Affordable
Early Summer,San Francisco,New York,1,JetBlue Airways,517.4829507,410.2589877,Not Affordable
Late Summer,San Francisco,Seattle,1,Alaska Airlines,212.8712372,251.0942672,Affordable
Early Summer,San Francisco,Honolulu,1,United,389.4728459,300.9802042,Not Affordable
Early Summer,San Francisco,Boston,1,Delta,425.4126871,433.0364294,Not Affordable
Late Summer,San Francisco,Boston,1,Delta,425.4126871,397.6109453,Not Affordable
Early Summer,San Francisco,Chicago,1,United,355.3685394,459.0114787,Not Affordable
Late Summer,San Francisco,Chicago,1,United,355.3685394,446.9245953,Not Affordable
Early Summer,San Francisco,New York,1,Alaska Airlines,517.4829507,432.2613235,Not Affordable
Late Summer,San Francisco,Boston,2,Delta,425.4126871,189.7023246,Affordable
Early Summer,San Francisco,New York,1,Alaska Airlines,517.4829507,406.784845,Not Affordable
Early Summer,San Francisco,Seattle,1,Alaska Airlines,212.8712372,257.1828494,Affordable
Early Summer,San Francisco,Boston,3,Alaska Airlines,425.4126871,100.7510159,Affordable
Early Summer,San Francisco,Boston,1,United,425.4126871,414.98319,Not Affordable
Early Summer,San Francisco,Chicago,1,United,355.3685394,459.0114787,Not Affordable
Early Summer,San Francisco,PHL,1,United,384.0539451,400.1297356,Not Affordable
Early Summer,San Francisco,New York,1,JetBlue Airways,517.4829507,410.2589877,Not Affordable
Late Summer,San Francisco,Portland,1,Alaska Airlines,187.1371816,202.5317729,Affordable
Early Summer,San Francisco,Boston,1,Alaska Airlines,425.4126871,311.9416304,Not Affordable
Early Summer,San Francisco,New Orleans,1,United,318.5411406,405.8794838,Not Affordable
Late Summer,San Francisco,Chicago,1,United,355.3685394,446.9245953,Not Affordable
Early Summer,San Francisco,Nashville,2,United,337.3357337,157.4110449,Affordable
Late Summer,San Francisco,Boston,1,JetBlue Airways,425.4126871,379.6846985,Not Affordable
Early Summer,San Francisco,"Washington, DC",2,United,459.8730367,227.2399677,Affordable
Late Summer,San Francisco,New York,1,Delta,517.4829507,420.6896488,Not Affordable
Late Summer,San Francisco,New York,1,JetBlue Airways,517.4829507,389.3562106,Not Affordable
Early Summer,San Francisco,Seattle,1,Alaska Airlines,212.8712372,257.1828494,Affordable
Late Summer,San Francisco,Seattle,4,Alaska Airlines,212.8712372,81.03259935,Affordable
Early Summer,San Francisco,"Washington, DC",1,Alaska Airlines,459.8730367,438.1808266,Not Affordable
Late Summer,San Francisco,Boston,3,Delta,425.4126871,114.7198213,Affordable
Early Summer,San Francisco,San Diego,1,United,180.3080597,260.558361,Affordable
Late Summer,San Francisco,Chicago,1,Alaska Airlines,355.3685394,358.9908283,Affordable
Early Summer,San Francisco,PHL,1,Alaska Airlines,384.0539451,430.5776514,Not Affordable
Early Summer,San Francisco,Chicago,1,Alaska Airlines,355.3685394,372.050438,Not Affordable
Early Summer,San Francisco,San Diego,1,Southwest Airlines,180.3080597,197.0962157,Affordable
Late Summer,San Francisco,Chicago,3,Alaska Airlines,355.3685394,109.5532536,Affordable
Early Summer,San Francisco,Boston,1,United,425.4126871,436.4720575,Not Affordable
Late Summer,San Francisco,Nashville,1,Southwest Airlines,337.3357337,278.3693445,Not Affordable
Early Summer,San Francisco,PHL,1,Alaska Airlines,384.0539451,430.5776514,Not Affordable
Late Summer,San Francisco,Honolulu,1,United,389.4728459,446.7650287,Not Affordable
Early Summer,San Francisco,Seattle,1,Alaska Airlines,212.8712372,257.1828494,Affordable
Late Summer,San Francisco,PHL,1,Alaska Airlines,384.0539451,311.9270726,Affordable
Early Summer,San Francisco,"Washington, DC",1,United,459.8730367,478.921516,Not Affordable
Early Summer,San Francisco,Chicago,1,Southwest Airlines,355.3685394,258.8463888,Not Affordable
Late Summer,San Francisco,Chicago,2,Southwest Airlines,355.3685394,120.9375747,Affordable
Late Summer,San Francisco,San Diego,1,Frontier Airlines,180.3080597,125.6508587,Affordable
Early Summer,San Francisco,Chicago,1,United,355.3685394,459.0114787,Not Affordable
Late Summer,San Francisco,Boston,1,Southwest Airlines,425.4126871,216.2078366,Not Affordable
Early Summer,San Francisco,Seattle,1,Delta,212.8712372,230.8142753,Affordable
Late Summer,San Francisco,Chicago,2,Alaska Airlines,355.3685394,177.3453317,Affordable
Early Summer,San Francisco,"Washington, DC",2,Alaska Airlines,459.8730367,218.1978947,Affordable
Early Summer,San Francisco,Portland,2,United,187.1371816,106.7641789,Affordable
Late Summer,San Francisco,Chicago,2,United,355.3685394,202.0029303,Affordable
Early Summer,San Francisco,Boston,1,JetBlue Airways,425.4126871,392.7225229,Not Affordable
Late Summer,San Francisco,New York,2,JetBlue Airways,517.4829507,259.5844956,Affordable
Late Summer,San Francisco,New York,1,JetBlue Airways,517.4829507,389.3562106,Not Affordable
Late Summer,San Francisco,PHL,1,Alaska Airlines,384.0539451,336.5693696,Affordable
Early Summer,San Francisco,PHL,1,Southwest Airlines,384.0539451,299.1108721,Not Affordable
Late Summer,San Francisco,Boston,1,Delta,425.4126871,397.6109453,Not Affordable
Early Summer,San Francisco,New York,1,Delta,517.4829507,460.3048532,Not Affordable
Early Summer,San Francisco,New York,3,Delta,517.4829507,168.7049008,Affordable
Early Summer,San Francisco,Chicago,1,Alaska Airlines,355.3685394,372.050438,Not Affordable
Late Summer,San Francisco,Portland,1,United,187.1371816,232.0862122,Affordable
Early Summer,San Francisco,Seattle,1,United,212.8712372,284.9485713,Affordable
Early Summer,San Francisco,Boston,1,Delta,425.4126871,433.0364294,Not Affordable
Early Summer,San Francisco,Chicago,1,Frontier Airlines,355.3685394,150.0743956,Not Affordable
Late Summer,San Francisco,Seattle,2,Alaska Airlines,212.8712372,126.3666017,Affordable
Early Summer,San Francisco,Chicago,1,Alaska Airlines,355.3685394,372.050438,Not Affordable
Early Summer,San Francisco,New York,1,Frontier Airlines,517.4829507,157.2157384,Not Affordable
Late Summer,San Francisco,"Washington, DC",4,United,459.8730367,85.48864719,Affordable
Late Summer,San Francisco,Boston,1,United,425.4126871,418.713752,Not Affordable
Late Summer,San Francisco,Seattle,1,Alaska Airlines,212.8712372,251.0942672,Affordable
Early Summer,San Francisco,Boston,1,United,425.4126871,436.4720575,Not Affordable
Late Summer,San Francisco,Boston,3,United,425.4126871,118.0565952,Affordable
Early Summer,San Francisco,New Orleans,2,United,318.5411406,181.7268639,Affordable
Early Summer,San Francisco,Boston,1,Delta,425.4126871,433.0364294,Not Affordable
Early Summer,San Francisco,Honolulu,1,United,389.4728459,477.5331385,Not Affordable
Early Summer,San Francisco,Boston,1,United,425.4126871,436.4720575,Not Affordable
Late Summer,San Francisco,Boston,2,Alaska Airlines,425.4126871,167.1611791,Affordable
Late Summer,San Francisco,Nashville,1,Alaska Airlines,337.3357337,251.8922643,Affordable
Late Summer,San Francisco,"Washington, DC",4,United,459.8730367,92.78599521,Affordable
Early Summer,San Francisco,Boston,1,Delta,425.4126871,433.0364294,Not Affordable
Early Summer,San Francisco,Boston,1,Delta,425.4126871,433.0364294,Not Affordable
Early Summer,San Francisco,"Washington, DC",1,United,459.8730367,469.0719449,Not Affordable
Early Summer,San Francisco,Boston,4,United,425.4126871,94.00911268,Affordable
Early Summer,San Francisco,PHL,1,Alaska Airlines,384.0539451,339.1850624,Not Affordable
Early Summer,San Francisco,"Washington, DC",4,United,459.8730367,106.4718344,Affordable
Late Summer,San Francisco,"Washington, DC",4,United,459.8730367,92.78599521,Affordable
Early Summer,San Francisco,Boston,1,JetBlue Airways,425.4126871,392.7225229,Not Affordable
Early Summer,San Francisco,Nashville,1,United,337.3357337,400.5288748,Not Affordable
Early Summer,San Francisco,San Diego,1,Southwest Airlines,180.3080597,197.0121896,Affordable
Early Summer,San Francisco,New York,1,Delta,517.4829507,460.3048532,Not Affordable
Early Summer,San Francisco,"Washington, DC",2,Alaska Airlines,459.8730367,203.1307172,Affordable
Late Summer,San Francisco,Honolulu,1,Alaska Airlines,389.4728459,202.2209866,Not Affordable
Early Summer,San Francisco,Chicago,1,Delta,355.3685394,312.7322533,Not Affordable
Early Summer,San Francisco,New York,2,Alaska Airlines,517.4829507,215.1748703,Affordable
Late Summer,San Francisco,Chicago,2,Alaska Airlines,355.3685394,177.3453317,Affordable
Early Summer,San Francisco,San Diego,1,Southwest Airlines,180.3080597,197.0121896,Affordable
Early Summer,San Francisco,PHL,1,Alaska Airlines,384.0539451,430.5776514,Not Affordable
Late Summer,San Francisco,New York,1,Alaska Airlines,517.4829507,392.4371492,Not Affordable
Early Summer,San Francisco,New York,1,Alaska Airlines,517.4829507,406.784845,Not Affordable
Late Summer,San Francisco,Chicago,1,Southwest Airlines,355.3685394,220.0455181,Not Affordable
Late Summer,San Francisco,PHL,1,Frontier Airlines,384.0539451,177.9466903,Not Affordable
Early Summer,San Francisco,PHL,1,Delta,384.0539451,333.2403069,Not Affordable
Late Summer,San Francisco,Portland,1,United,187.1371816,232.0862122,Affordable
Late Summer,San Francisco,Portland,1,Alaska Airlines,187.1371816,202.5317729,Affordable
Late Summer,San Francisco,"Washington, DC",4,United,459.8730367,92.78599521,Affordable
Early Summer,San Francisco,"Washington, DC",1,Alaska Airlines,459.8730367,354.074936,Not Affordable
Late Summer,San Francisco,"Washington, DC",1,Alaska Airlines,459.8730367,371.3713658,Not Affordable
Late Summer,San Francisco,New York,2,Frontier Airlines,517.4829507,96.97319668,Affordable
Early Summer,San Francisco,Nashville,1,United,337.3357337,400.5288748,Not Affordable
Late Summer,San Francisco,"Washington, DC",1,Alaska Airlines,459.8730367,371.3713658,Not Affordable
Early Summer,San Francisco,Boston,1,United,425.4126871,436.4720575,Not Affordable
Late Summer,San Francisco,Boston,3,United,425.4126871,118.0565952,Affordable
Early Summer,San Francisco,PHL,1,Southwest Airlines,384.0539451,318.9848229,Not Affordable
Early Summer,San Francisco,"Washington, DC",1,United,459.8730367,478.921516,Not Affordable
Early Summer,San Francisco,Boston,1,Delta,425.4126871,433.0364294,Not Affordable
Early Summer,San Francisco,"Washington, DC",1,United,459.8730367,340.8116119,Not Affordable
Early Summer,San Francisco,Chicago,1,Alaska Airlines,355.3685394,326.1214594,Not Affordable
Late Summer,San Francisco,Nashville,2,Frontier Airlines,337.3357337,84.32898795,Affordable
Early Summer,San Francisco,PHL,1,United,384.0539451,400.1297356,Not Affordable
Early Summer,San Francisco,PHL,1,Alaska Airlines,384.0539451,430.5776514,Not Affordable
Late Summer,San Francisco,New York,1,JetBlue Airways,517.4829507,389.3562106,Not Affordable
Late Summer,San Francisco,Boston,1,Alaska Airlines,425.4126871,341.0096504,Not Affordable
Early Summer,San Francisco,Honolulu,1,United,389.4728459,477.5331385,Not Affordable
Late Summer,San Francisco,Boston,2,Delta,425.4126871,189.7023246,Affordable
Early Summer,San Francisco,Boston,1,United,425.4126871,436.4720575,Not Affordable
Late Summer,San Francisco,San Diego,1,Alaska Airlines,180.3080597,202.7799898,Affordable
Early Summer,San Francisco,Boston,1,JetBlue Airways,425.4126871,317.0655199,Not Affordable
Early Summer,San Francisco,Seattle,2,Alaska Airlines,212.8712372,124.4277479,Affordable
Late Summer,San Francisco,Boston,1,JetBlue Airways,425.4126871,379.6846985,Not Affordable
Late Summer,San Francisco,"Washington, DC",1,Alaska Airlines,459.8730367,371.3713658,Not Affordable
Early Summer,San Francisco,Honolulu,1,United,389.4728459,477.5331385,Not Affordable
Early Summer,San Francisco,PHL,2,Alaska Airlines,384.0539451,142.2068359,Affordable
Late Summer,San Francisco,New York,1,Delta,517.4829507,420.6896488,Not Affordable
Early Summer,San Francisco,Boston,1,United,425.4126871,470.8769643,Not Affordable
Early Summer,San Francisco,New York,4,Delta,517.4829507,140.9884138,Affordable
Late Summer,San Francisco,Portland,1,Frontier Airlines,187.1371816,120.5147463,Affordable
Late Summer,San Francisco,"Washington, DC",1,United,459.8730367,414.5662692,Not Affordable
Early Summer,San Francisco,Chicago,1,Southwest Airlines,355.3685394,258.8463888,Not Affordable
Late Summer,San Francisco,New York,1,Alaska Airlines,517.4829507,279.8733816,Not Affordable
Late Summer,San Francisco,New York,1,Alaska Airlines,517.4829507,316.2563136,Not Affordable
Late Summer,San Francisco,Boston,3,JetBlue Airways,425.4126871,140.6442482,Affordable
Early Summer,San Francisco,Seattle,2,Delta,212.8712372,101.6438785,Affordable
Late Summer,San Francisco,Chicago,2,United,355.3685394,202.0029303,Affordable
Late Summer,San Francisco,"Washington, DC",1,United,459.8730367,432.3310743,Not Affordable
Early Summer,San Francisco,New Orleans,1,Southwest Airlines,318.5411406,254.9419145,Not Affordable
Late Summer,San Francisco,"Washington, DC",1,United,459.8730367,432.3310743,Not Affordable
Early Summer,San Francisco,Boston,3,Delta,425.4126871,109.680756,Affordable
Late Summer,San Francisco,Boston,1,JetBlue Airways,425.4126871,379.6846985,Not Affordable
Late Summer,San Francisco,New York,4,JetBlue Airways,517.4829507,167.5468244,Affordable
Late Summer,San Francisco,Chicago,1,Delta,355.3685394,348.2146902,Not Affordable
Early Summer,San Francisco,New Orleans,1,United,318.5411406,405.8794838,Not Affordable
Late Summer,San Francisco,San Diego,2,Delta,180.3080597,128.9322223,Affordable
Early Summer,San Francisco,New York,1,Alaska Airlines,517.4829507,406.784845,Not Affordable
Early Summer,San Francisco,New York,1,Delta,517.4829507,460.3048532,Not Affordable
Late Summer,San Francisco,"Washington, DC",1,United,459.8730367,432.3310743,Not Affordable
Late Summer,San Francisco,Seattle,2,United,212.8712372,121.9032839,Affordable
Late Summer,San Francisco,Chicago,1,Alaska Airlines,355.3685394,358.9908283,Affordable
Early Summer,San Francisco,Chicago,3,United,355.3685394,119.5248444,Affordable
Early Summer,San Francisco,"Washington, DC",3,United,459.8730367,136.7886002,Affordable
Early Summer,San Francisco,Chicago,4,United,355.3685394,96.10531727,Affordable
Early Summer,San Francisco,Chicago,3,United,355.3685394,119.5248444,Affordable
Late Summer,San Francisco,San Diego,1,Southwest Airlines,180.3080597,181.9541378,Affordable
Early Summer,San Francisco,"Washington, DC",1,United,459.8730367,469.0719449,Not Affordable
Late Summer,San Francisco,New York,4,JetBlue Airways,517.4829507,167.5468244,Affordable
Early Summer,San Francisco,Chicago,1,Alaska Airlines,355.3685394,326.1214594,Not Affordable
Early Summer,San Francisco,"Washington, DC",2,United,459.8730367,227.2399677,Affordable
Late Summer,San Francisco,PHL,1,United,384.0539451,382.190872,Not Affordable
Early Summer,San Francisco,New Orleans,1,United,318.5411406,405.8794838,Not Affordable
Early Summer,San Francisco,"Washington, DC",1,Alaska Airlines,459.8730367,448.1261452,Not Affordable
Early Summer,San Francisco,Boston,1,United,425.4126871,436.4720575,Not Affordable
Early Summer,San Francisco,"Washington, DC",1,United,459.8730367,469.0719449,Not Affordable
Late Summer,San Francisco,Chicago,1,Alaska Airlines,355.3685394,358.9908283,Affordable
Early Summer,San Francisco,Seattle,1,Alaska Airlines,212.8712372,257.1828494,Affordable
Early Summer,San Francisco,Chicago,3,United,355.3685394,119.5248444,Affordable
Early Summer,San Francisco,"Washington, DC",1,United,459.8730367,469.0719449,Not Affordable
Early Summer,San Francisco,Boston,1,JetBlue Airways,425.4126871,392.7225229,Not Affordable
Early Summer,San Francisco,New York,1,Delta,517.4829507,460.3048532,Not Affordable
Late Summer,San Francisco,Boston,1,Alaska Airlines,425.4126871,339.1722988,Not Affordable
Late Summer,San Francisco,Chicago,1,Southwest Airlines,355.3685394,220.0455181,Not Affordable
Late Summer,San Francisco,New York,2,Delta,517.4829507,268.0126979,Affordable
Late Summer,San Francisco,PHL,1,Frontier Airlines,384.0539451,177.9466903,Not Affordable
Late Summer,San Francisco,New York,3,Alaska Airlines,517.4829507,181.3733599,Affordable
Early Summer,San Francisco,New York,2,Alaska Airlines,517.4829507,269.2129159,Affordable
Late Summer,San Francisco,Chicago,1,Alaska Airlines,355.3685394,304.0376476,Affordable
Early Summer,San Francisco,New Orleans,1,Southwest Airlines,318.5411406,256.9594467,Not Affordable
Late Summer,San Francisco,New York,1,JetBlue Airways,517.4829507,389.3562106,Not Affordable
Early Summer,San Francisco,Chicago,1,United,355.3685394,381.1746744,Not Affordable
Late Summer,San Francisco,Portland,1,United,187.1371816,232.0862122,Affordable
Late Summer,San Francisco,New York,1,United,517.4829507,333.9268419,Not Affordable
Early Summer,San Francisco,New York,1,United,517.4829507,375.0340182,Not Affordable
Early Summer,San Francisco,New York,2,Alaska Airlines,517.4829507,269.2129159,Affordable
Late Summer,San Francisco,Boston,1,Delta,425.4126871,397.6109453,Not Affordable
Late Summer,San Francisco,Chicago,1,United,355.3685394,325.930293,Not Affordable
Late Summer,San Francisco,Seattle,1,Alaska Airlines,212.8712372,251.0942672,Affordable
Late Summer,San Francisco,"Washington, DC",1,United,459.8730367,414.5662692,Not Affordable
Early Summer,San Francisco,PHL,1,Delta,384.0539451,333.2403069,Not Affordable
Late Summer,San Francisco,PHL,1,United,384.0539451,382.190872,Not Affordable
Early Summer,San Francisco,New York,1,Alaska Airlines,517.4829507,432.2613235,Not Affordable
Late Summer,San Francisco,Chicago,1,Alaska Airlines,355.3685394,304.0376476,Affordable
Late Summer,San Francisco,Boston,1,Delta,425.4126871,397.6109453,Not Affordable
Early Summer,San Francisco,Seattle,1,United,212.8712372,284.9485713,Affordable
Early Summer,San Francisco,Seattle,1,United,212.8712372,284.9485713,Affordable
Early Summer,San Francisco,San Diego,1,Alaska Airlines,180.3080597,207.3832392,Affordable
Late Summer,San Francisco,Seattle,1,Alaska Airlines,212.8712372,251.0942672,Affordable
Late Summer,San Francisco,Boston,1,United,425.4126871,418.713752,Not Affordable
Late Summer,San Francisco,Chicago,3,Alaska Airlines,355.3685394,109.5532536,Affordable
Late Summer,San Francisco,New York,1,Frontier Airlines,517.4829507,170.387906,Not Affordable
Late Summer,San Francisco,PHL,1,United,384.0539451,371.2086822,Not Affordable
Early Summer,San Francisco,Boston,2,Alaska Airlines,425.4126871,160.2059833,Affordable
Early Summer,San Francisco,Nashville,1,United,337.3357337,400.5288748,Not Affordable
Early Summer,San Francisco,Nashville,1,United,337.3357337,399.9883935,Not Affordable
Late Summer,San Francisco,New York,1,Alaska Airlines,517.4829507,392.4371492,Not Affordable
Early Summer,San Francisco,Boston,1,JetBlue Airways,425.4126871,392.7225229,Not Affordable
Early Summer,San Francisco,New York,1,Alaska Airlines,517.4829507,432.2613235,Not Affordable
Late Summer,San Francisco,Chicago,1,Southwest Airlines,355.3685394,221.7779227,Not Affordable
Early Summer,San Francisco,Chicago,1,United,355.3685394,459.0114787,Not Affordable
Early Summer,San Francisco,"Washington, DC",4,United,459.8730367,106.4718344,Affordable
Early Summer,San Francisco,Boston,1,United,425.4126871,436.4720575,Not Affordable
Late Summer,San Francisco,Seattle,1,United,212.8712372,272.1478904,Affordable
Late Summer,San Francisco,New York,1,Delta,517.4829507,535.0048679,Not Affordable
Late Summer,San Francisco,New York,2,Alaska Airlines,517.4829507,225.8884498,Affordable
Early Summer,San Francisco,"Washington, DC",2,United,459.8730367,227.2399677,Affordable
Early Summer,San Francisco,"Washington, DC",4,United,459.8730367,106.4718344,Affordable
Early Summer,San Francisco,PHL,1,Alaska Airlines,384.0539451,339.1850624,Not Affordable
Late Summer,San Francisco,Portland,1,Alaska Airlines,187.1371816,202.5317729,Affordable
Late Summer,San Francisco,New York,1,Alaska Airlines,517.4829507,392.4371492,Not Affordable
Late Summer,San Francisco,Seattle,1,United,212.8712372,233.9938608,Affordable
Early Summer,San Francisco,"Washington, DC",1,United,459.8730367,478.921516,Not Affordable
Late Summer,San Francisco,"Washington, DC",1,Delta,459.8730367,355.3978928,Not Affordable
Late Summer,San Francisco,Seattle,1,United,212.8712372,272.1478904,Affordable
Late Summer,San Francisco,Chicago,1,United,355.3685394,446.9245953,Not Affordable
Late Summer,San Francisco,Boston,1,United,425.4126871,418.713752,Not Affordable
Early Summer,San Francisco,PHL,1,United,384.0539451,411.6173178,Not Affordable
Early Summer,San Francisco,Boston,1,United,425.4126871,436.4720575,Not Affordable
Early Summer,San Francisco,Chicago,2,United,355.3685394,203.6728441,Affordable
Early Summer,San Francisco,Boston,1,United,425.4126871,436.4720575,Not Affordable
Early Summer,San Francisco,"Washington, DC",1,Alaska Airlines,459.8730367,426.4986197,Not Affordable
Late Summer,San Francisco,PHL,1,Alaska Airlines,384.0539451,407.6921045,Affordable
Early Summer,San Francisco,Nashville,1,United,337.3357337,400.5288748,Not Affordable
Late Summer,San Francisco,PHL,2,Delta,384.0539451,71.98548488,Affordable
Late Summer,San Francisco,Boston,1,JetBlue Airways,425.4126871,379.6846985,Not Affordable
Late Summer,San Francisco,Chicago,2,Alaska Airlines,355.3685394,130.7439311,Affordable
Late Summer,San Francisco,"Washington, DC",1,Alaska Airlines,459.8730367,370.8671934,Not Affordable
Late Summer,San Francisco,"Washington, DC",1,United,459.8730367,432.3310743,Not Affordable
Late Summer,San Francisco,"Washington, DC",1,Alaska Airlines,459.8730367,371.3713658,Not Affordable
Late Summer,San Francisco,New York,2,Delta,517.4829507,268.0126979,Affordable
Early Summer,San Francisco,Chicago,3,Alaska Airlines,355.3685394,88.63253163,Affordable
Early Summer,San Francisco,New Orleans,1,Southwest Airlines,318.5411406,256.9594467,Not Affordable
Early Summer,San Francisco,PHL,1,United,384.0539451,420.0036864,Not Affordable
Early Summer,San Francisco,Nashville,1,United,337.3357337,400.5288748,Not Affordable
Late Summer,San Francisco,Boston,2,United,425.4126871,194.9766636,Affordable
Early Summer,San Francisco,PHL,1,Alaska Airlines,384.0539451,430.5776514,Not Affordable
Early Summer,San Francisco,San Diego,1,Southwest Airlines,180.3080597,197.0121896,Affordable
Early Summer,San Francisco,Portland,2,Alaska Airlines,187.1371816,98.85360269,Affordable
Late Summer,San Francisco,San Diego,1,Southwest Airlines,180.3080597,181.9541378,Affordable
Early Summer,San Francisco,Boston,1,Delta,425.4126871,433.0364294,Not Affordable
Early Summer,San Francisco,Seattle,1,United,212.8712372,284.9485713,Affordable
Early Summer,San Francisco,PHL,1,United,384.0539451,411.6173178,Not Affordable
Early Summer,San Francisco,Chicago,1,United,355.3685394,278.8109633,Not Affordable
Late Summer,San Francisco,Chicago,3,Southwest Airlines,355.3685394,66.40902651,Affordable
Late Summer,San Francisco,Seattle,1,Alaska Airlines,212.8712372,251.0942672,Affordable
Late Summer,San Francisco,New York,1,Delta,517.4829507,295.4646377,Not Affordable
Early Summer,San Francisco,Nashville,1,Delta,337.3357337,340.2851586,Not Affordable
Early Summer,San Francisco,PHL,1,Delta,384.0539451,771.3043458,Not Affordable
Early Summer,San Francisco,Seattle,2,United,212.8712372,128.0013348,Affordable
Early Summer,San Francisco,Boston,1,JetBlue Airways,425.4126871,392.7225229,Not Affordable
Late Summer,San Francisco,Boston,1,United,425.4126871,418.713752,Not Affordable
Late Summer,San Francisco,New Orleans,1,Delta,318.5411406,249.0605956,Affordable
Late Summer,San Francisco,Chicago,5,Alaska Airlines,355.3685394,79.28598624,Affordable
Late Summer,San Francisco,Chicago,3,United,355.3685394,118.896336,Affordable
Early Summer,San Francisco,New York,1,Alaska Airlines,517.4829507,406.784845,Not Affordable
Early Summer,San Francisco,PHL,1,United,384.0539451,411.6173178,Not Affordable
Early Summer,San Francisco,Chicago,1,Alaska Airlines,355.3685394,372.050438,Not Affordable
Late Summer,San Francisco,Boston,4,United,425.4126871,91.66202414,Affordable
Early Summer,San Francisco,"Washington, DC",1,United,459.8730367,478.921516,Not Affordable
Late Summer,San Francisco,New York,1,Alaska Airlines,517.4829507,392.4371492,Not Affordable
Late Summer,San Francisco,PHL,3,Alaska Airlines,384.0539451,142.3400172,Affordable
Early Summer,San Francisco,New Orleans,1,Delta,318.5411406,314.285093,Affordable
Late Summer,San Francisco,Chicago,1,United,355.3685394,446.9245953,Not Affordable
Early Summer,San Francisco,Chicago,3,Alaska Airlines,355.3685394,88.63253163,Affordable
Early Summer,San Francisco,New Orleans,1,United,318.5411406,332.4923672,Not Affordable
Late Summer,San Francisco,Seattle,4,Alaska Airlines,212.8712372,81.03259935,Affordable
Early Summer,San Francisco,Boston,1,Alaska Airlines,425.4126871,366.3920276,Not Affordable
Late Summer,San Francisco,Portland,1,United,187.1371816,232.0862122,Affordable
Late Summer,San Francisco,New York,1,Delta,517.4829507,336.1084521,Not Affordable
Late Summer,San Francisco,San Diego,2,United,180.3080597,111.1674109,Affordable
Late Summer,San Francisco,"Washington, DC",1,United,459.8730367,432.3310743,Not Affordable
Late Summer,San Francisco,Seattle,1,United,212.8712372,272.1478904,Affordable
Early Summer,San Francisco,New York,3,Alaska Airlines,517.4829507,133.5923066,Affordable
Late Summer,San Francisco,Chicago,2,United,355.3685394,202.0029303,Affordable
Late Summer,San Francisco,New Orleans,1,Alaska Airlines,318.5411406,253.7636069,Affordable
Late Summer,San Francisco,Honolulu,2,United,389.4728459,184.0232892,Affordable
Early Summer,San Francisco,Seattle,1,United,212.8712372,284.9485713,Affordable
Early Summer,San Francisco,Portland,1,United,187.1371816,241.6657515,Affordable
Early Summer,San Francisco,New Orleans,1,Delta,318.5411406,303.2985827,Affordable
Late Summer,San Francisco,Honolulu,5,Alaska Airlines,389.4728459,64.98756258,Affordable
Early Summer,San Francisco,Seattle,3,Alaska Airlines,212.8712372,94.65064701,Affordable
Early Summer,San Francisco,"Washington, DC",1,United,459.8730367,457.2656685,Not Affordable
Late Summer,San Francisco,New Orleans,1,United,318.5411406,366.3587337,Affordable
Late Summer,San Francisco,New Orleans,1,United,318.5411406,301.9661608,Affordable
Early Summer,San Francisco,Boston,1,United,425.4126871,436.4720575,Not Affordable
Early Summer,San Francisco,Seattle,1,Alaska Airlines,212.8712372,257.1828494,Affordable
Late Summer,San Francisco,Honolulu,1,Alaska Airlines,389.4728459,334.3941163,Not Affordable
Late Summer,San Francisco,New York,1,Alaska Airlines,517.4829507,392.4371492,Not Affordable
Late Summer,San Francisco,Boston,1,JetBlue Airways,425.4126871,379.6846985,Not Affordable
Early Summer,San Francisco,PHL,1,Alaska Airlines,384.0539451,413.954171,Not Affordable
Late Summer,San Francisco,New York,1,Alaska Airlines,517.4829507,336.5797893,Not Affordable
Late Summer,San Francisco,PHL,2,Alaska Airlines,384.0539451,204.2135697,Affordable
Late Summer,San Francisco,Boston,1,United,425.4126871,363.2652225,Not Affordable
Late Summer,San Francisco,"Washington, DC",1,United,459.8730367,432.3310743,Not Affordable
Early Summer,San Francisco,Boston,2,JetBlue Airways,425.4126871,214.582518,Affordable
Early Summer,San Francisco,Seattle,3,Alaska Airlines,212.8712372,94.65064701,Affordable
Early Summer,San Francisco,Portland,3,United,187.1371816,76.13007878,Affordable
Late Summer,San Francisco,Chicago,1,Delta,355.3685394,317.9900176,Not Affordable
Early Summer,San Francisco,"Washington, DC",3,United,459.8730367,136.7886002,Affordable
Early Summer,San Francisco,New Orleans,1,Delta,318.5411406,303.2985827,Affordable
Late Summer,San Francisco,Portland,1,Alaska Airlines,187.1371816,202.5317729,Affordable
Late Summer,San Francisco,Boston,3,Delta,425.4126871,114.7198213,Affordable
Late Summer,San Francisco,San Diego,1,United,180.3080597,248.0589529,Affordable
Early Summer,San Francisco,New York,1,Alaska Airlines,517.4829507,406.784845,Not Affordable
Late Summer,San Francisco,Chicago,1,United,355.3685394,446.9245953,Not Affordable
Early Summer,San Francisco,San Diego,1,United,180.3080597,260.558361,Affordable
Early Summer,San Francisco,Nashville,1,Alaska Airlines,337.3357337,294.066718,Not Affordable
Early Summer,San Francisco,Portland,1,United,187.1371816,241.6657515,Affordable
Late Summer,San Francisco,Seattle,1,United,212.8712372,272.1478904,Affordable
Early Summer,San Francisco,"Washington, DC",1,United,459.8730367,348.2491558,Not Affordable
Late Summer,San Francisco,New York,1,Alaska Airlines,517.4829507,392.4371492,Not Affordable
Late Summer,San Francisco,Seattle,1,Delta,212.8712372,214.4417326,Affordable
Early Summer,San Francisco,New Orleans,1,United,318.5411406,405.8794838,Not Affordable
Late Summer,San Francisco,Honolulu,1,United,389.4728459,446.7650287,Not Affordable
Early Summer,San Francisco,"Washington, DC",1,Alaska Airlines,459.8730367,426.4986197,Not Affordable
Early Summer,San Francisco,New York,1,Alaska Airlines,517.4829507,406.784845,Not Affordable
Early Summer,San Francisco,New York,4,Alaska Airlines,517.4829507,109.3908577,Affordable
Late Summer,San Francisco,Honolulu,1,Alaska Airlines,389.4728459,334.3941163,Not Affordable
Early Summer,San Francisco,New York,1,Alaska Airlines,517.4829507,406.784845,Not Affordable
Late Summer,San Francisco,Seattle,1,Alaska Airlines,212.8712372,251.0942672,Affordable
Late Summer,San Francisco,San Diego,1,Southwest Airlines,180.3080597,181.9541378,Affordable
Early Summer,San Francisco,PHL,1,Alaska Airlines,384.0539451,339.1850624,Not Affordable
Late Summer,San Francisco,"Washington, DC",1,United,459.8730367,432.3310743,Not Affordable
Late Summer,San Francisco,New York,1,Alaska Airlines,517.4829507,332.2156225,Not Affordable
Late Summer,San Francisco,New Orleans,1,Southwest Airlines,318.5411406,263.9175091,Affordable
Late Summer,San Francisco,Boston,1,JetBlue Airways,425.4126871,379.6846985,Not Affordable
Early Summer,San Francisco,Chicago,1,United,355.3685394,459.0114787,Not Affordable
Early Summer,San Francisco,Chicago,1,United,355.3685394,459.0114787,Not Affordable
Early Summer,San Francisco,Honolulu,1,United,389.4728459,477.5331385,Not Affordable
Late Summer,San Francisco,Boston,4,JetBlue Airways,425.4126871,124.1269465,Affordable
Early Summer,San Francisco,Boston,1,United,425.4126871,436.4720575,Not Affordable
Early Summer,San Francisco,"Washington, DC",1,Alaska Airlines,459.8730367,438.1808266,Not Affordable
Late Summer,San Francisco,"Washington, DC",1,United,459.8730367,432.3310743,Not Affordable
Early Summer,San Francisco,New York,4,Alaska Airlines,517.4829507,155.7884151,Affordable
Late Summer,San Francisco,Seattle,1,Alaska Airlines,212.8712372,251.0942672,Affordable
Late Summer,San Francisco,"Washington, DC",1,United,459.8730367,414.5662692,Not Affordable
Late Summer,San Francisco,PHL,1,Alaska Airlines,384.0539451,407.6921045,Affordable
Early Summer,San Francisco,Honolulu,3,Alaska Airlines,389.4728459,94.46663751,Affordable
Early Summer,San Francisco,New Orleans,1,United,318.5411406,405.8794838,Not Affordable
Early Summer,San Francisco,PHL,1,Alaska Airlines,384.0539451,430.5776514,Not Affordable
Early Summer,San Francisco,PHL,1,Alaska Airlines,384.0539451,430.5776514,Not Affordable
Late Summer,San Francisco,New York,1,Alaska Airlines,517.4829507,294.6704924,Not Affordable
Late Summer,San Francisco,PHL,2,United,384.0539451,167.8829925,Affordable
Late Summer,San Francisco,Seattle,2,Alaska Airlines,212.8712372,126.3666017,Affordable
Early Summer,San Francisco,Chicago,1,Alaska Airlines,355.3685394,372.050438,Not Affordable
Late Summer,San Francisco,Chicago,1,United,355.3685394,446.9245953,Not Affordable
Late Summer,San Francisco,"Washington, DC",1,United,459.8730367,432.3310743,Not Affordable
Late Summer,San Francisco,PHL,3,Alaska Airlines,384.0539451,142.3400172,Affordable
Early Summer,San Francisco,PHL,1,Delta,384.0539451,302.7400643,Not Affordable
Late Summer,San Francisco,PHL,1,United,384.0539451,297.1284411,Not Affordable
Early Summer,San Francisco,New Orleans,1,United,318.5411406,405.8794838,Not Affordable
Late Summer,San Francisco,PHL,1,Alaska Airlines,384.0539451,407.6921045,Affordable
Late Summer,San Francisco,Boston,1,JetBlue Airways,425.4126871,379.6846985,Not Affordable
Late Summer,San Francisco,New Orleans,1,United,318.5411406,366.3587337,Affordable
Early Summer,San Francisco,Boston,2,United,425.4126871,198.7268531,Affordable
Early Summer,San Francisco,Nashville,1,United,337.3357337,399.9883935,Not Affordable
Late Summer,San Francisco,New York,1,Alaska Airlines,517.4829507,412.4171169,Not Affordable
Early Summer,San Francisco,Nashville,1,United,337.3357337,400.5288748,Not Affordable
Early Summer,San Francisco,PHL,1,Delta,384.0539451,302.7400643,Not Affordable
Early Summer,San Francisco,Chicago,1,Alaska Airlines,355.3685394,326.1214594,Not Affordable
Early Summer,San Francisco,"Washington, DC",1,United,459.8730367,478.921516,Not Affordable
Early Summer,San Francisco,San Diego,1,Southwest Airlines,180.3080597,197.0121896,Affordable
Early Summer,San Francisco,Boston,1,JetBlue Airways,425.4126871,392.7225229,Not Affordable
Early Summer,San Francisco,New Orleans,1,United,318.5411406,405.8794838,Not Affordable
Late Summer,San Francisco,San Diego,2,Southwest Airlines,180.3080597,90.55926551,Affordable
Early Summer,San Francisco,"Washington, DC",1,Alaska Airlines,459.8730367,354.074936,Not Affordable
Late Summer,San Francisco,Boston,1,JetBlue Airways,425.4126871,379.6846985,Not Affordable
Late Summer,San Francisco,New Orleans,1,United,318.5411406,366.3587337,Affordable
Late Summer,San Francisco,"Washington, DC",1,United,459.8730367,432.3310743,Not Affordable
Late Summer,San Francisco,Chicago,1,United,355.3685394,446.9245953,Not Affordable
Late Summer,San Francisco,San Diego,1,Alaska Airlines,180.3080597,202.7799898,Affordable
Late Summer,San Francisco,PHL,1,Southwest Airlines,384.0539451,280.4397878,Not Affordable
Early Summer,San Francisco,New York,1,JetBlue Airways,517.4829507,285.450495,Not Affordable
Early Summer,San Francisco,Seattle,2,Alaska Airlines,212.8712372,124.4277479,Affordable
Late Summer,San Francisco,Boston,2,United,425.4126871,194.9766636,Affordable
Early Summer,San Francisco,Nashville,1,United,337.3357337,400.5288748,Not Affordable
Early Summer,San Francisco,Boston,1,Alaska Airlines,425.4126871,352.4295884,Not Affordable
Early Summer,San Francisco,Chicago,1,Southwest Airlines,355.3685394,255.8259303,Not Affordable
Late Summer,San Francisco,Portland,1,United,187.1371816,232.0862122,Affordable
Late Summer,San Francisco,Chicago,1,Southwest Airlines,355.3685394,220.0455181,Not Affordable
Late Summer,San Francisco,Chicago,3,United,355.3685394,118.896336,Affordable
Early Summer,San Francisco,PHL,1,United,384.0539451,420.0036864,Not Affordable
Early Summer,San Francisco,Honolulu,1,United,389.4728459,477.5331385,Not Affordable
Early Summer,San Francisco,"Washington, DC",1,United,459.8730367,478.921516,Not Affordable
Late Summer,San Francisco,Chicago,2,United,355.3685394,202.0029303,Affordable
Late Summer,San Francisco,New York,2,Alaska Airlines,517.4829507,269.810859,Affordable
Late Summer,San Francisco,Chicago,2,Alaska Airlines,355.3685394,130.7439311,Affordable
Late Summer,San Francisco,"Washington, DC",1,Delta,459.8730367,384.8541305,Not Affordable
Early Summer,San Francisco,"Washington, DC",1,United,459.8730367,478.921516,Not Affordable
Late Summer,San Francisco,Portland,1,Frontier Airlines,187.1371816,120.5147463,Affordable
Early Summer,San Francisco,Seattle,1,Delta,212.8712372,230.8142753,Affordable
Early Summer,San Francisco,Seattle,1,Alaska Airlines,212.8712372,257.1828494,Affordable
Late Summer,San Francisco,PHL,1,Alaska Airlines,384.0539451,377.5907195,Affordable
Early Summer,San Francisco,PHL,1,United,384.0539451,411.6173178,Not Affordable
Late Summer,San Francisco,San Diego,2,Southwest Airlines,180.3080597,90.55926551,Affordable
Early Summer,San Francisco,Honolulu,1,United,389.4728459,300.9802042,Not Affordable
Early Summer,San Francisco,New York,1,Delta,517.4829507,460.3048532,Not Affordable
Late Summer,San Francisco,Chicago,1,United,355.3685394,446.9245953,Not Affordable
Late Summer,San Francisco,New York,1,Alaska Airlines,517.4829507,412.4171169,Not Affordable
Early Summer,San Francisco,Seattle,1,United,212.8712372,284.9485713,Affordable
Late Summer,San Francisco,Chicago,1,Alaska Airlines,355.3685394,358.9908283,Affordable
Early Summer,San Francisco,Boston,1,Delta,425.4126871,433.0364294,Not Affordable
Late Summer,San Francisco,Boston,3,Delta,425.4126871,114.7198213,Affordable
Early Summer,San Francisco,New York,2,Alaska Airlines,517.4829507,269.2129159,Affordable
Early Summer,San Francisco,PHL,2,Alaska Airlines,384.0539451,207.2670442,Affordable
Late Summer,San Francisco,Honolulu,4,United,389.4728459,83.39892722,Affordable
Early Summer,San Francisco,"Washington, DC",1,United,459.8730367,340.8116119,Not Affordable
Early Summer,San Francisco,Boston,1,JetBlue Airways,425.4126871,392.7225229,Not Affordable
Early Summer,San Francisco,Nashville,1,United,337.3357337,400.5288748,Not Affordable
Late Summer,San Francisco,New Orleans,1,United,318.5411406,366.3587337,Affordable
Early Summer,San Francisco,New York,1,JetBlue Airways,517.4829507,410.2589877,Not Affordable
Late Summer,San Francisco,Honolulu,2,United,389.4728459,184.0232892,Affordable
Late Summer,San Francisco,New York,1,United,517.4829507,333.9268419,Not Affordable
Early Summer,San Francisco,New York,2,JetBlue Airways,517.4829507,258.8872353,Affordable
Late Summer,San Francisco,Honolulu,1,Alaska Airlines,389.4728459,334.3941163,Not Affordable
Early Summer,San Francisco,"Washington, DC",1,Alaska Airlines,459.8730367,426.4986197,Not Affordable
Late Summer,San Francisco,Nashville,1,United,337.3357337,386.9471422,Not Affordable
Late Summer,San Francisco,Boston,2,United,425.4126871,194.9766636,Affordable
Early Summer,San Francisco,Boston,1,Alaska Airlines,425.4126871,352.4295884,Not Affordable
Late Summer,San Francisco,Seattle,1,Alaska Airlines,212.8712372,251.0942672,Affordable
Late Summer,San Francisco,Boston,1,United,425.4126871,378.0848377,Not Affordable
Early Summer,San Francisco,"Washington, DC",1,Southwest Airlines,459.8730367,304.7517809,Not Affordable
Early Summer,San Francisco,Seattle,1,Delta,212.8712372,230.8142753,Affordable
Late Summer,San Francisco,PHL,1,Alaska Airlines,384.0539451,407.6921045,Affordable
Early Summer,San Francisco,Nashville,1,United,337.3357337,400.5288748,Not Affordable
Late Summer,San Francisco,Boston,4,JetBlue Airways,425.4126871,124.1269465,Affordable
Late Summer,San Francisco,"Washington, DC",1,United,459.8730367,414.5662692,Not Affordable
Late Summer,San Francisco,Honolulu,1,United,389.4728459,328.2203449,Not Affordable
Early Summer,San Francisco,PHL,1,United,384.0539451,400.1297356,Not Affordable
Late Summer,San Francisco,PHL,1,Alaska Airlines,384.0539451,439.6161374,Affordable
Late Summer,San Francisco,Chicago,10,United,355.3685394,98.05049965,Affordable
Early Summer,San Francisco,New York,1,Alaska Airlines,517.4829507,432.2613235,Not Affordable
Late Summer,San Francisco,PHL,1,United,384.0539451,382.190872,Not Affordable
Early Summer,San Francisco,New Orleans,2,United,318.5411406,181.7268639,Affordable
Late Summer,San Francisco,New York,1,Alaska Airlines,517.4829507,316.12886,Not Affordable
Early Summer,San Francisco,"Washington, DC",1,United,459.8730367,469.0719449,Not Affordable
Early Summer,San Francisco,Chicago,1,Alaska Airlines,355.3685394,329.8457569,Not Affordable
Early Summer,San Francisco,Boston,1,Alaska Airlines,425.4126871,352.4295884,Not Affordable
Early Summer,San Francisco,"Washington, DC",1,United,459.8730367,478.921516,Not Affordable
Late Summer,San Francisco,PHL,1,Alaska Airlines,384.0539451,521.8572345,Affordable
Late Summer,San Francisco,PHL,1,Delta,384.0539451,297.8310934,Not Affordable
Late Summer,San Francisco,New York,2,Delta,517.4829507,268.0126979,Affordable
Late Summer,San Francisco,Honolulu,1,Delta,389.4728459,501.6492415,Not Affordable
Early Summer,San Francisco,Portland,1,Alaska Airlines,187.1371816,207.7566114,Affordable
Late Summer,San Francisco,Chicago,1,United,355.3685394,446.9245953,Not Affordable
Early Summer,San Francisco,Seattle,2,United,212.8712372,128.0013348,Affordable
Late Summer,San Francisco,PHL,1,United,384.0539451,386.925422,Not Affordable
Late Summer,San Francisco,Boston,1,JetBlue Airways,425.4126871,379.6846985,Not Affordable
Late Summer,San Francisco,"Washington, DC",1,United,459.8730367,386.105738,Not Affordable
Early Summer,San Francisco,Nashville,1,Delta,337.3357337,307.9770235,Not Affordable
Early Summer,San Francisco,PHL,3,Alaska Airlines,384.0539451,140.2502356,Affordable
Late Summer,San Francisco,"Washington, DC",1,United,459.8730367,418.2065243,Not Affordable
Late Summer,San Francisco,New York,1,Alaska Airlines,517.4829507,337.8276423,Not Affordable
Late Summer,San Francisco,Honolulu,1,Alaska Airlines,389.4728459,334.3941163,Not Affordable
Early Summer,San Francisco,San Diego,3,United,180.3080597,86.46217016,Affordable
Late Summer,San Francisco,New York,1,Alaska Airlines,517.4829507,392.4371492,Not Affordable
Early Summer,San Francisco,"Washington, DC",1,United,459.8730367,469.0719449,Not Affordable
Late Summer,San Francisco,Boston,5,United,425.4126871,83.09554354,Affordable
Late Summer,San Francisco,Honolulu,1,United,389.4728459,446.7650287,Not Affordable
Early Summer,San Francisco,"Washington, DC",1,United,459.8730367,469.0719449,Not Affordable
Early Summer,San Francisco,"Washington, DC",2,United,459.8730367,227.2399677,Affordable
Early Summer,San Francisco,Seattle,2,Alaska Airlines,212.8712372,124.4277479,Affordable
Early Summer,San Francisco,Seattle,1,United,212.8712372,284.9485713,Affordable
Late Summer,San Francisco,New York,1,Alaska Airlines,517.4829507,412.4171169,Not Affordable
Late Summer,San Francisco,New York,5,JetBlue Airways,517.4829507,135.33516,Affordable
Late Summer,San Francisco,San Diego,1,Southwest Airlines,180.3080597,181.9541378,Affordable
Late Summer,San Francisco,Boston,5,JetBlue Airways,425.4126871,112.8380186,Affordable
Late Summer,San Francisco,New York,2,Delta,517.4829507,268.0126979,Affordable
Early Summer,San Francisco,Honolulu,5,United,389.4728459,76.15365029,Affordable
Early Summer,San Francisco,Nashville,1,United,337.3357337,400.5288748,Not Affordable
Late Summer,San Francisco,Boston,4,JetBlue Airways,425.4126871,124.1269465,Affordable
Early Summer,San Francisco,Boston,1,Delta,425.4126871,433.0364294,Not Affordable
Late Summer,San Francisco,PHL,1,Southwest Airlines,384.0539451,280.4397878,Not Affordable
Late Summer,San Francisco,"Washington, DC",4,United,459.8730367,92.78599521,Affordable
Early Summer,San Francisco,Boston,2,United,425.4126871,198.7268531,Affordable
Early Summer,San Francisco,PHL,1,Alaska Airlines,384.0539451,347.9763006,Not Affordable
Early Summer,San Francisco,Nashville,1,United,337.3357337,400.5288748,Not Affordable
Late Summer,San Francisco,"Washington, DC",1,United,459.8730367,432.3310743,Not Affordable
Late Summer,San Francisco,Honolulu,1,United,389.4728459,446.7650287,Not Affordable
Early Summer,San Francisco,Portland,1,Alaska Airlines,187.1371816,207.7566114,Affordable
Late Summer,San Francisco,Chicago,1,Alaska Airlines,355.3685394,358.9908283,Affordable
Late Summer,San Francisco,Boston,1,Delta,425.4126871,417.319142,Not Affordable
Late Summer,San Francisco,"Washington, DC",1,Alaska Airlines,459.8730367,306.8740115,Not Affordable
Early Summer,San Francisco,New York,9,Delta,517.4829507,117.777012,Affordable
Early Summer,San Francisco,Seattle,1,Alaska Airlines,212.8712372,257.1828494,Affordable
Late Summer,San Francisco,PHL,1,Alaska Airlines,384.0539451,407.6921045,Affordable
Late Summer,San Francisco,Chicago,1,United,355.3685394,446.9245953,Not Affordable
Late Summer,San Francisco,Chicago,3,Alaska Airlines,355.3685394,109.5532536,Affordable
Early Summer,San Francisco,Seattle,1,Delta,212.8712372,230.8142753,Affordable
Early Summer,San Francisco,Portland,1,United,187.1371816,241.6657515,Affordable
Early Summer,San Francisco,Boston,1,Alaska Airlines,425.4126871,352.4295884,Not Affordable
Late Summer,San Francisco,San Diego,1,United,180.3080597,177.9016272,Affordable
Late Summer,San Francisco,Boston,2,Alaska Airlines,425.4126871,167.1611791,Affordable
Late Summer,San Francisco,"Washington, DC",1,United,459.8730367,432.3310743,Not Affordable
Late Summer,San Francisco,Nashville,1,Southwest Airlines,337.3357337,273.4487139,Not Affordable
Early Summer,San Francisco,San Diego,2,United,180.3080597,118.5452791,Affordable
Late Summer,San Francisco,New York,1,Delta,517.4829507,420.6896488,Not Affordable
Early Summer,San Francisco,Honolulu,4,United,389.4728459,85.24610677,Affordable
Early Summer,San Francisco,New Orleans,1,Alaska Airlines,318.5411406,290.1105271,Affordable
Late Summer,San Francisco,New York,1,JetBlue Airways,517.4829507,389.3562106,Not Affordable
Early Summer,San Francisco,"Washington, DC",1,Delta,459.8730367,430.0984949,Not Affordable
Late Summer,San Francisco,Boston,1,United,425.4126871,359.7651308,Not Affordable
Late Summer,San Francisco,San Diego,2,United,180.3080597,111.1674109,Affordable
Late Summer,San Francisco,PHL,1,Delta,384.0539451,297.8310934,Not Affordable
Late Summer,San Francisco,"Washington, DC",1,Alaska Airlines,459.8730367,385.0676688,Not Affordable
Late Summer,San Francisco,New York,1,Alaska Airlines,517.4829507,392.4371492,Not Affordable
Late Summer,San Francisco,Boston,1,Delta,425.4126871,397.6109453,Not Affordable
Late Summer,San Francisco,Boston,4,JetBlue Airways,425.4126871,124.1269465,Affordable
Early Summer,San Francisco,"Washington, DC",1,United,459.8730367,478.921516,Not Affordable
Late Summer,San Francisco,"Washington, DC",1,United,459.8730367,432.3310743,Not Affordable
Early Summer,San Francisco,"Washington, DC",1,Alaska Airlines,459.8730367,364.2423588,Not Affordable
Early Summer,San Francisco,"Washington, DC",1,Alaska Airlines,459.8730367,368.9484762,Not Affordable
Late Summer,San Francisco,Boston,2,United,425.4126871,194.9766636,Affordable
Early Summer,San Francisco,Chicago,4,Alaska Airlines,355.3685394,86.3055553,Affordable
Early Summer,San Francisco,Boston,1,Delta,425.4126871,433.0364294,Not Affordable
Late Summer,San Francisco,PHL,1,Southwest Airlines,384.0539451,261.0712294,Not Affordable
Early Summer,San Francisco,New York,3,Delta,517.4829507,168.7049008,Affordable
Early Summer,San Francisco,New York,1,Alaska Airlines,517.4829507,372.596451,Not Affordable
Late Summer,San Francisco,Nashville,2,United,337.3357337,155.9063382,Affordable
Late Summer,San Francisco,Boston,4,United,425.4126871,91.66202414,Affordable
Early Summer,San Francisco,PHL,1,Alaska Airlines,384.0539451,430.5776514,Not Affordable
Early Summer,San Francisco,"Washington, DC",2,United,459.8730367,227.2399677,Affordable
Late Summer,San Francisco,Seattle,1,Delta,212.8712372,214.4417326,Affordable
Late Summer,San Francisco,Seattle,1,Alaska Airlines,212.8712372,251.0942672,Affordable
Late Summer,San Francisco,Chicago,2,Alaska Airlines,355.3685394,130.7439311,Affordable
Late Summer,San Francisco,"Washington, DC",1,JetBlue Airways,459.8730367,302.5850101,Not Affordable
Early Summer,San Francisco,Nashville,3,United,337.3357337,105.1247722,Affordable
Early Summer,San Francisco,PHL,1,Frontier Airlines,384.0539451,177.9970355,Not Affordable
Early Summer,San Francisco,Portland,1,United,187.1371816,241.6657515,Affordable
Early Summer,San Francisco,Chicago,2,Alaska Airlines,355.3685394,129.8616727,Affordable
Late Summer,San Francisco,Chicago,1,United,355.3685394,446.9245953,Not Affordable
Late Summer,San Francisco,Nashville,1,Delta,337.3357337,291.3564799,Affordable
Late Summer,San Francisco,New York,1,Alaska Airlines,517.4829507,392.4371492,Not Affordable
Early Summer,San Francisco,Boston,1,Southwest Airlines,425.4126871,235.8708372,Not Affordable
Late Summer,San Francisco,"Washington, DC",1,United,459.8730367,374.8941964,Not Affordable
Early Summer,San Francisco,New York,1,JetBlue Airways,517.4829507,410.2589877,Not Affordable
Early Summer,San Francisco,Chicago,1,Frontier Airlines,355.3685394,148.6524562,Not Affordable
Late Summer,San Francisco,Nashville,1,United,337.3357337,386.9471422,Not Affordable
Early Summer,San Francisco,San Diego,1,Alaska Airlines,180.3080597,207.3832392,Affordable
Early Summer,San Francisco,Portland,2,United,187.1371816,106.7641789,Affordable
Late Summer,San Francisco,New York,1,Alaska Airlines,517.4829507,412.4171169,Not Affordable
Early Summer,San Francisco,New Orleans,1,Southwest Airlines,318.5411406,230.7633115,Not Affordable
Early Summer,San Francisco,Chicago,3,United,355.3685394,119.5248444,Affordable
Early Summer,San Francisco,Nashville,1,United,337.3357337,400.5288748,Not Affordable
Late Summer,San Francisco,"Washington, DC",2,United,459.8730367,209.4494421,Affordable
Late Summer,San Francisco,Boston,1,JetBlue Airways,425.4126871,379.6846985,Not Affordable
Late Summer,San Francisco,"Washington, DC",1,United,459.8730367,414.5662692,Not Affordable
Early Summer,San Francisco,Portland,1,United,187.1371816,241.6657515,Affordable
Late Summer,San Francisco,Chicago,3,Alaska Airlines,355.3685394,109.5532536,Affordable
Early Summer,San Francisco,New York,1,JetBlue Airways,517.4829507,410.2589877,Not Affordable
Early Summer,San Francisco,New York,1,JetBlue Airways,517.4829507,410.2589877,Not Affordable
Early Summer,San Francisco,Boston,2,United,425.4126871,198.7268531,Affordable
Late Summer,San Francisco,"Washington, DC",1,Alaska Airlines,459.8730367,370.8671934,Not Affordable
Late Summer,San Francisco,Boston,3,United,425.4126871,118.0565952,Affordable
Early Summer,San Francisco,"Washington, DC",1,United,459.8730367,469.0719449,Not Affordable
Early Summer,San Francisco,"Washington, DC",1,United,459.8730367,397.8266729,Not Affordable
Late Summer,San Francisco,PHL,3,Southwest Airlines,384.0539451,98.08735878,Affordable
Late Summer,San Francisco,Boston,1,Alaska Airlines,425.4126871,324.3867743,Not Affordable
Early Summer,San Francisco,Seattle,2,Alaska Airlines,212.8712372,124.4277479,Affordable
Early Summer,San Francisco,New York,3,JetBlue Airways,517.4829507,178.2328107,Affordable
Early Summer,San Francisco,Boston,4,United,425.4126871,94.00911268,Affordable
Early Summer,San Francisco,"Washington, DC",1,United,459.8730367,478.921516,Not Affordable
Late Summer,San Francisco,Chicago,2,Southwest Airlines,355.3685394,120.9375747,Affordable
Early Summer,San Francisco,"Washington, DC",3,United,459.8730367,136.7886002,Affordable
Early Summer,San Francisco,New York,1,JetBlue Airways,517.4829507,410.2589877,Not Affordable
Early Summer,San Francisco,PHL,1,Alaska Airlines,384.0539451,339.1850624,Not Affordable
Early Summer,San Francisco,New York,1,Alaska Airlines,517.4829507,354.8520423,Not Affordable
Early Summer,San Francisco,Chicago,1,Frontier Airlines,355.3685394,148.6524562,Not Affordable
Early Summer,San Francisco,Chicago,1,United,355.3685394,459.0114787,Not Affordable
Early Summer,San Francisco,Seattle,1,Alaska Airlines,212.8712372,257.1828494,Affordable
Late Summer,San Francisco,San Diego,1,United,180.3080597,248.0589529,Affordable
Late Summer,San Francisco,Boston,1,Alaska Airlines,425.4126871,513.8940791,Not Affordable
Late Summer,San Francisco,PHL,1,United,384.0539451,382.190872,Not Affordable
Early Summer,San Francisco,Honolulu,1,United,389.4728459,477.5331385,Not Affordable
Late Summer,San Francisco,Boston,1,JetBlue Airways,425.4126871,293.427016,Not Affordable
Early Summer,San Francisco,New York,1,Delta,517.4829507,558.4852683,Not Affordable
Early Summer,San Francisco,Honolulu,1,United,389.4728459,477.5331385,Not Affordable
Early Summer,San Francisco,Boston,1,United,425.4126871,400.4448024,Not Affordable
Early Summer,San Francisco,Honolulu,1,United,389.4728459,477.5331385,Not Affordable
Late Summer,San Francisco,Boston,1,JetBlue Airways,425.4126871,240.7863697,Not Affordable
Early Summer,San Francisco,Portland,1,Alaska Airlines,187.1371816,207.7566114,Affordable
Late Summer,San Francisco,Chicago,3,United,355.3685394,43.3904774,Affordable
Early Summer,San Francisco,"Washington, DC",1,United,459.8730367,478.921516,Not Affordable
Late Summer,San Francisco,New York,1,JetBlue Airways,517.4829507,389.3562106,Not Affordable
Early Summer,San Francisco,Portland,1,Alaska Airlines,187.1371816,207.7566114,Affordable
Early Summer,San Francisco,Boston,1,Southwest Airlines,425.4126871,235.8708372,Not Affordable
Early Summer,San Francisco,Seattle,1,United,212.8712372,284.9485713,Affordable
Late Summer,San Francisco,Chicago,1,United,355.3685394,446.9245953,Not Affordable
Late Summer,San Francisco,Boston,2,Delta,425.4126871,189.7023246,Affordable
Early Summer,San Francisco,Chicago,1,United,355.3685394,459.0114787,Not Affordable
Early Summer,San Francisco,New Orleans,2,United,318.5411406,181.7268639,Affordable
Late Summer,San Francisco,San Diego,1,Alaska Airlines,180.3080597,202.7799898,Affordable
Early Summer,San Francisco,Seattle,3,United,212.8712372,86.79315965,Affordable
Late Summer,San Francisco,New Orleans,1,United,318.5411406,366.3587337,Affordable
Late Summer,San Francisco,"Washington, DC",1,United,459.8730367,372.9713558,Not Affordable
Late Summer,San Francisco,Chicago,2,Alaska Airlines,355.3685394,130.7439311,Affordable
Late Summer,San Francisco,New York,2,Alaska Airlines,517.4829507,150.8120492,Affordable
Late Summer,San Francisco,Honolulu,4,United,389.4728459,83.39892722,Affordable
Late Summer,San Francisco,Boston,1,United,425.4126871,336.2330006,Not Affordable
Early Summer,San Francisco,Nashville,1,United,337.3357337,400.5288748,Not Affordable
Late Summer,San Francisco,Boston,2,JetBlue Airways,425.4126871,213.7618715,Affordable
Late Summer,San Francisco,New York,2,JetBlue Airways,517.4829507,259.5844956,Affordable
Late Summer,San Francisco,Seattle,1,Alaska Airlines,212.8712372,251.0942672,Affordable
Early Summer,San Francisco,"Washington, DC",2,United,459.8730367,227.2399677,Affordable
Late Summer,San Francisco,New York,1,Delta,517.4829507,420.6896488,Not Affordable
Early Summer,San Francisco,New York,2,JetBlue Airways,517.4829507,258.8872353,Affordable
Early Summer,San Francisco,Nashville,3,United,337.3357337,105.1247722,Affordable
Early Summer,San Francisco,New York,1,Delta,517.4829507,426.2152785,Not Affordable
Early Summer,San Francisco,Honolulu,2,Alaska Airlines,389.4728459,144.7316176,Affordable
Late Summer,San Francisco,Boston,2,United,425.4126871,194.9766636,Affordable
Early Summer,San Francisco,New York,1,Alaska Airlines,517.4829507,432.2613235,Not Affordable
Late Summer,San Francisco,PHL,1,United,384.0539451,345.7662976,Not Affordable
Early Summer,San Francisco,Boston,4,United,425.4126871,94.00911268,Affordable
Early Summer,San Francisco,Nashville,1,Southwest Airlines,337.3357337,307.4710682,Not Affordable
Late Summer,San Francisco,Portland,1,Alaska Airlines,187.1371816,202.5317729,Affordable
Late Summer,San Francisco,Nashville,1,Southwest Airlines,337.3357337,289.1433436,Not Affordable
Early Summer,San Francisco,PHL,5,Alaska Airlines,384.0539451,102.0155253,Affordable
Early Summer,San Francisco,Boston,1,JetBlue Airways,425.4126871,392.7225229,Not Affordable
Late Summer,San Francisco,Nashville,1,United,337.3357337,386.9471422,Not Affordable
Late Summer,San Francisco,Boston,1,Delta,425.4126871,397.6109453,Not Affordable
Early Summer,San Francisco,San Diego,1,Alaska Airlines,180.3080597,207.3832392,Affordable
Early Summer,San Francisco,Chicago,1,Alaska Airlines,355.3685394,326.1214594,Not Affordable
Early Summer,San Francisco,Chicago,4,United,355.3685394,96.10531727,Affordable
Early Summer,San Francisco,Boston,1,Delta,425.4126871,433.0364294,Not Affordable
Late Summer,San Francisco,Chicago,1,United,355.3685394,371.1848445,Not Affordable
Late Summer,San Francisco,Boston,1,Alaska Airlines,425.4126871,341.0096504,Not Affordable
Early Summer,San Francisco,Chicago,1,Southwest Airlines,355.3685394,255.8259303,Not Affordable
Early Summer,San Francisco,"Washington, DC",1,United,459.8730367,469.0719449,Not Affordable
Late Summer,San Francisco,Portland,1,United,187.1371816,232.0862122,Affordable
Late Summer,San Francisco,Chicago,1,Alaska Airlines,355.3685394,358.9908283,Affordable
Early Summer,San Francisco,New York,1,Delta,517.4829507,460.3048532,Not Affordable
Early Summer,San Francisco,Honolulu,1,United,389.4728459,477.5331385,Not Affordable
Early Summer,San Francisco,New Orleans,1,United,318.5411406,332.4923672,Not Affordable
Early Summer,San Francisco,PHL,1,Alaska Airlines,384.0539451,430.5776514,Not Affordable
Early Summer,San Francisco,Chicago,2,United,355.3685394,203.6728441,Affordable
Early Summer,San Francisco,"Washington, DC",2,Alaska Airlines,459.8730367,218.1978947,Affordable
Late Summer,San Francisco,Boston,3,JetBlue Airways,425.4126871,140.6442482,Affordable
Late Summer,San Francisco,Boston,1,JetBlue Airways,425.4126871,379.6846985,Not Affordable
Early Summer,San Francisco,Boston,3,JetBlue Airways,425.4126871,145.2646231,Affordable
Late Summer,San Francisco,"Washington, DC",1,United,459.8730367,381.1753149,Not Affordable
Early Summer,San Francisco,Nashville,2,United,337.3357337,157.4110449,Affordable
Early Summer,San Francisco,Nashville,1,Frontier Airlines,337.3357337,157.8015946,Not Affordable
Late Summer,San Francisco,San Diego,1,Frontier Airlines,180.3080597,125.6508587,Affordable
Late Summer,San Francisco,Boston,1,Delta,425.4126871,397.6109453,Not Affordable
Late Summer,San Francisco,Nashville,1,United,337.3357337,386.9471422,Not Affordable
Early Summer,San Francisco,New York,4,Alaska Airlines,517.4829507,109.3908577,Affordable
Late Summer,San Francisco,PHL,1,Alaska Airlines,384.0539451,407.6921045,Affordable
Late Summer,San Francisco,Boston,1,United,425.4126871,418.713752,Not Affordable
Early Summer,San Francisco,New York,1,Alaska Airlines,517.4829507,318.4924928,Not Affordable
Early Summer,San Francisco,New York,1,JetBlue Airways,517.4829507,410.2589877,Not Affordable
Late Summer,San Francisco,Chicago,1,Southwest Airlines,355.3685394,222.5390838,Not Affordable
Early Summer,San Francisco,Honolulu,1,Alaska Airlines,389.4728459,372.9980311,Not Affordable
Late Summer,San Francisco,Boston,1,Delta,425.4126871,397.6109453,Not Affordable
Late Summer,San Francisco,"Washington, DC",2,United,459.8730367,209.4494421,Affordable
Early Summer,San Francisco,"Washington, DC",1,United,459.8730367,478.921516,Not Affordable
Late Summer,San Francisco,Nashville,1,United,337.3357337,364.1018971,Not Affordable
Early Summer,San Francisco,Boston,1,United,425.4126871,407.9018341,Not Affordable
Early Summer,San Francisco,Chicago,1,Delta,355.3685394,382.1224922,Not Affordable
Late Summer,San Francisco,PHL,1,United,384.0539451,382.190872,Not Affordable
Late Summer,San Francisco,Boston,1,Alaska Airlines,425.4126871,324.3867743,Not Affordable
Early Summer,San Francisco,Boston,1,Alaska Airlines,425.4126871,352.7040264,Not Affordable
Early Summer,San Francisco,Boston,1,United,425.4126871,436.4720575,Not Affordable
Early Summer,San Francisco,Honolulu,1,United,389.4728459,300.9802042,Not Affordable
Late Summer,San Francisco,Boston,1,JetBlue Airways,425.4126871,379.6846985,Not Affordable
Late Summer,San Francisco,San Diego,1,United,180.3080597,248.0589529,Affordable
Late Summer,San Francisco,"Washington, DC",2,United,459.8730367,209.4494421,Affordable
Early Summer,San Francisco,Boston,2,JetBlue Airways,425.4126871,214.582518,Affordable
Early Summer,San Francisco,"Washington, DC",3,United,459.8730367,136.7886002,Affordable
Early Summer,San Francisco,PHL,1,Alaska Airlines,384.0539451,347.9763006,Not Affordable
Early Summer,San Francisco,New York,1,Delta,517.4829507,460.3048532,Not Affordable
Late Summer,San Francisco,PHL,1,Alaska Airlines,384.0539451,407.6921045,Affordable
Early Summer,San Francisco,New York,1,United,517.4829507,408.3685522,Not Affordable
Early Summer,San Francisco,Boston,1,United,425.4126871,364.170627,Not Affordable
Early Summer,San Francisco,New York,1,JetBlue Airways,517.4829507,410.2589877,Not Affordable
Late Summer,San Francisco,Honolulu,1,United,389.4728459,328.2203449,Not Affordable
Early Summer,San Francisco,Boston,1,JetBlue Airways,425.4126871,392.7225229,Not Affordable
Early Summer,San Francisco,"Washington, DC",1,United,459.8730367,469.0719449,Not Affordable
Early Summer,San Francisco,Boston,1,JetBlue Airways,425.4126871,317.0655199,Not Affordable
Early Summer,San Francisco,New York,1,Alaska Airlines,517.4829507,406.784845,Not Affordable
Late Summer,San Francisco,Nashville,1,United,337.3357337,386.9471422,Not Affordable
Early Summer,San Francisco,Boston,2,United,425.4126871,198.7268531,Affordable
Early Summer,San Francisco,New York,1,Alaska Airlines,517.4829507,432.2613235,Not Affordable
Late Summer,San Francisco,Boston,1,Alaska Airlines,425.4126871,341.0096504,Not Affordable
Late Summer,San Francisco,"Washington, DC",3,Alaska Airlines,459.8730367,111.840922,Affordable
Late Summer,San Francisco,"Washington, DC",1,United,459.8730367,432.3310743,Not Affordable
Early Summer,San Francisco,New York,1,Alaska Airlines,517.4829507,432.2613235,Not Affordable
Late Summer,San Francisco,Chicago,1,Alaska Airlines,355.3685394,358.9908283,Affordable
Early Summer,San Francisco,Honolulu,1,United,389.4728459,477.5331385,Not Affordable
Early Summer,San Francisco,San Diego,1,Alaska Airlines,180.3080597,207.3832392,Affordable
Early Summer,San Francisco,PHL,1,United,384.0539451,400.1297356,Not Affordable
Early Summer,San Francisco,"Washington, DC",1,Alaska Airlines,459.8730367,426.4986197,Not Affordable
Early Summer,San Francisco,New York,1,Delta,517.4829507,460.3048532,Not Affordable
Late Summer,San Francisco,New York,1,Delta,517.4829507,420.6896488,Not Affordable
Early Summer,San Francisco,New York,1,Alaska Airlines,517.4829507,432.2613235,Not Affordable
Late Summer,San Francisco,Chicago,1,Alaska Airlines,355.3685394,358.9908283,Affordable
Late Summer,San Francisco,"Washington, DC",1,Delta,459.8730367,444.7281251,Not Affordable
Late Summer,San Francisco,PHL,1,United,384.0539451,382.190872,Not Affordable
Late Summer,San Francisco,Chicago,1,United,355.3685394,329.5813257,Not Affordable
Late Summer,San Francisco,Portland,2,Alaska Airlines,187.1371816,101.3358151,Affordable
Early Summer,San Francisco,"Washington, DC",1,Delta,459.8730367,401.1740891,Not Affordable
Early Summer,San Francisco,Chicago,1,Alaska Airlines,355.3685394,372.050438,Not Affordable
Late Summer,San Francisco,"Washington, DC",1,United,459.8730367,432.3310743,Not Affordable
Early Summer,San Francisco,Boston,2,JetBlue Airways,425.4126871,214.582518,Affordable
Late Summer,San Francisco,New York,1,JetBlue Airways,517.4829507,389.3562106,Not Affordable
Early Summer,San Francisco,Boston,1,Delta,425.4126871,433.0364294,Not Affordable
Late Summer,San Francisco,"Washington, DC",1,United,459.8730367,414.5662692,Not Affordable
Early Summer,San Francisco,"Washington, DC",1,United,459.8730367,469.0719449,Not Affordable
Early Summer,San Francisco,"Washington, DC",1,Delta,459.8730367,412.4690945,Not Affordable
Early Summer,San Francisco,Honolulu,1,United,389.4728459,477.5331385,Not Affordable
Early Summer,San Francisco,Chicago,1,United,355.3685394,362.9100597,Not Affordable
Late Summer,San Francisco,New York,1,Delta,517.4829507,420.6896488,Not Affordable
Late Summer,San Francisco,"Washington, DC",1,United,459.8730367,432.3310743,Not Affordable
Late Summer,San Francisco,San Diego,1,Southwest Airlines,180.3080597,160.7414005,Affordable
Late Summer,San Francisco,"Washington, DC",1,Alaska Airlines,459.8730367,371.3713658,Not Affordable
Early Summer,San Francisco,"Washington, DC",1,United,459.8730367,532.1088287,Not Affordable
Late Summer,San Francisco,Boston,3,United,425.4126871,118.0565952,Affordable
Early Summer,San Francisco,"Washington, DC",1,United,459.8730367,478.921516,Not Affordable
Early Summer,San Francisco,Seattle,3,Alaska Airlines,212.8712372,94.65064701,Affordable
Early Summer,San Francisco,"Washington, DC",1,Alaska Airlines,459.8730367,426.4986197,Not Affordable
Late Summer,San Francisco,New York,1,Alaska Airlines,517.4829507,337.8276423,Not Affordable
Early Summer,San Francisco,New York,3,Alaska Airlines,517.4829507,133.5923066,Affordable
Late Summer,San Francisco,Boston,1,Alaska Airlines,425.4126871,317.5531562,Not Affordable
Late Summer,San Francisco,Boston,1,Alaska Airlines,425.4126871,227.2430551,Not Affordable
Early Summer,San Francisco,Boston,1,Alaska Airlines,425.4126871,352.4628457,Not Affordable
Early Summer,San Francisco,New York,1,Frontier Airlines,517.4829507,157.2157384,Not Affordable
Late Summer,San Francisco,New Orleans,1,United,318.5411406,366.3587337,Affordable
Early Summer,San Francisco,Seattle,1,Alaska Airlines,212.8712372,200.1716403,Affordable
Late Summer,San Francisco,Honolulu,1,United,389.4728459,446.7650287,Not Affordable
Late Summer,San Francisco,Chicago,1,Alaska Airlines,355.3685394,358.9908283,Affordable
Early Summer,San Francisco,Boston,1,JetBlue Airways,425.4126871,392.7225229,Not Affordable
Early Summer,San Francisco,Boston,1,United,425.4126871,436.4720575,Not Affordable
Early Summer,San Francisco,New York,1,United,517.4829507,375.0340182,Not Affordable
Late Summer,San Francisco,New York,3,Delta,517.4829507,174.5597045,Affordable
Late Summer,San Francisco,"Washington, DC",1,Delta,459.8730367,372.936968,Not Affordable
Late Summer,San Francisco,Nashville,1,Delta,337.3357337,291.3564799,Affordable
Late Summer,San Francisco,New Orleans,1,Alaska Airlines,318.5411406,290.8025235,Affordable
Early Summer,San Francisco,Honolulu,1,Delta,389.4728459,429.1654915,Not Affordable
Late Summer,San Francisco,"Washington, DC",1,Alaska Airlines,459.8730367,290.9898192,Not Affordable
Early Summer,San Francisco,"Washington, DC",1,United,459.8730367,469.0719449,Not Affordable
Early Summer,San Francisco,Honolulu,1,United,389.4728459,477.5331385,Not Affordable
Late Summer,San Francisco,Seattle,2,United,212.8712372,121.9032839,Affordable
Late Summer,San Francisco,"Washington, DC",1,United,459.8730367,414.5662692,Not Affordable
Early Summer,San Francisco,Seattle,2,Alaska Airlines,212.8712372,124.4277479,Affordable
Late Summer,San Francisco,"Washington, DC",1,Alaska Airlines,459.8730367,330.7351615,Not Affordable
Early Summer,San Francisco,"Washington, DC",1,United,459.8730367,469.0719449,Not Affordable
Late Summer,San Francisco,PHL,2,United,384.0539451,167.8829925,Affordable
Late Summer,San Francisco,Boston,2,United,425.4126871,194.9766636,Affordable
Late Summer,San Francisco,Honolulu,1,Alaska Airlines,389.4728459,334.3941163,Not Affordable
Late Summer,San Francisco,Portland,1,United,187.1371816,232.0862122,Affordable
Early Summer,San Francisco,Chicago,3,United,355.3685394,119.5248444,Affordable
Late Summer,San Francisco,Honolulu,2,United,389.4728459,184.0232892,Affordable
Late Summer,San Francisco,Chicago,1,United,355.3685394,446.9245953,Not Affordable
Early Summer,San Francisco,New Orleans,1,Southwest Airlines,318.5411406,274.7559804,Not Affordable
Early Summer,San Francisco,Boston,1,JetBlue Airways,425.4126871,392.7225229,Not Affordable
Late Summer,San Francisco,New York,1,Alaska Airlines,517.4829507,280.3928338,Not Affordable
Early Summer,San Francisco,PHL,1,Alaska Airlines,384.0539451,378.9473387,Not Affordable
Early Summer,San Francisco,New York,2,Frontier Airlines,517.4829507,94.96199992,Affordable
Late Summer,San Francisco,Chicago,1,United,355.3685394,446.9245953,Not Affordable
Late Summer,San Francisco,Boston,1,Delta,425.4126871,397.6109453,Not Affordable
Late Summer,San Francisco,Chicago,1,Southwest Airlines,355.3685394,221.7779227,Not Affordable
Late Summer,San Francisco,Boston,1,United,425.4126871,418.713752,Not Affordable
Early Summer,San Francisco,"Washington, DC",3,United,459.8730367,136.7886002,Affordable
Early Summer,San Francisco,"Washington, DC",1,United,459.8730367,469.0719449,Not Affordable
Early Summer,San Francisco,Honolulu,2,United,389.4728459,184.9141731,Affordable
Early Summer,San Francisco,New Orleans,1,United,318.5411406,405.8794838,Not Affordable
Late Summer,San Francisco,"Washington, DC",1,United,459.8730367,432.3310743,Not Affordable
Early Summer,San Francisco,PHL,1,Alaska Airlines,384.0539451,430.5776514,Not Affordable
Early Summer,San Francisco,Seattle,1,Alaska Airlines,212.8712372,257.1828494,Affordable
Late Summer,San Francisco,Chicago,1,Alaska Airlines,355.3685394,304.0376476,Affordable
Early Summer,San Francisco,Boston,3,Delta,425.4126871,109.680756,Affordable
Early Summer,San Francisco,New York,1,Alaska Airlines,517.4829507,432.2613235,Not Affordable
Late Summer,San Francisco,New York,2,Delta,517.4829507,268.0126979,Affordable
Late Summer,San Francisco,New York,3,Alaska Airlines,517.4829507,181.3733599,Affordable
Early Summer,San Francisco,Seattle,1,Alaska Airlines,212.8712372,257.1828494,Affordable
Early Summer,San Francisco,Boston,1,Delta,425.4126871,433.0364294,Not Affordable
Early Summer,San Francisco,Boston,1,United,425.4126871,436.4720575,Not Affordable
Late Summer,San Francisco,Chicago,1,United,355.3685394,446.9245953,Not Affordable
Late Summer,San Francisco,New York,1,Alaska Airlines,517.4829507,412.4171169,Not Affordable
Early Summer,San Francisco,Chicago,2,United,355.3685394,203.6728441,Affordable
Early Summer,San Francisco,New York,2,Delta,517.4829507,165.3576881,Affordable
Late Summer,San Francisco,New Orleans,2,United,318.5411406,152.7839523,Affordable
Early Summer,San Francisco,San Diego,1,Alaska Airlines,180.3080597,207.3832392,Affordable
Late Summer,San Francisco,Boston,5,Delta,425.4126871,80.69258166,Affordable
Late Summer,San Francisco,Seattle,1,United,212.8712372,272.1478904,Affordable
Early Summer,San Francisco,New Orleans,2,United,318.5411406,112.0744005,Affordable
Early Summer,San Francisco,San Diego,3,United,180.3080597,86.46217016,Affordable
Early Summer,San Francisco,"Washington, DC",1,Delta,459.8730367,439.0814586,Not Affordable
Early Summer,San Francisco,Boston,1,Delta,425.4126871,460.2202472,Not Affordable
Late Summer,San Francisco,New York,3,JetBlue Airways,517.4829507,177.2476079,Affordable
Early Summer,San Francisco,Boston,1,United,425.4126871,386.9147003,Not Affordable
Early Summer,San Francisco,"Washington, DC",1,JetBlue Airways,459.8730367,357.1472299,Not Affordable
Early Summer,San Francisco,New Orleans,1,United,318.5411406,332.4923672,Not Affordable
Late Summer,San Francisco,New York,1,Southwest Airlines,517.4829507,241.5225554,Not Affordable
Early Summer,San Francisco,Boston,1,JetBlue Airways,425.4126871,392.7225229,Not Affordable
Late Summer,San Francisco,New York,3,JetBlue Airways,517.4829507,177.2476079,Affordable
Late Summer,San Francisco,PHL,2,Alaska Airlines,384.0539451,204.2135697,Affordable
Late Summer,San Francisco,New York,1,JetBlue Airways,517.4829507,389.3562106,Not Affordable
Early Summer,San Francisco,Chicago,1,United,355.3685394,459.0114787,Not Affordable
Early Summer,San Francisco,"Washington, DC",1,United,459.8730367,413.4629421,Not Affordable
Late Summer,San Francisco,Nashville,1,Delta,337.3357337,282.0583399,Affordable
Early Summer,San Francisco,"Washington, DC",1,United,459.8730367,478.921516,Not Affordable
Late Summer,San Francisco,PHL,3,United,384.0539451,102.3994062,Affordable
Early Summer,San Francisco,"Washington, DC",1,United,459.8730367,415.2490226,Not Affordable
Early Summer,San Francisco,New York,1,Southwest Airlines,517.4829507,275.7089033,Not Affordable
Early Summer,San Francisco,New York,1,Delta,517.4829507,467.2959079,Not Affordable
Early Summer,San Francisco,Chicago,1,Frontier Airlines,355.3685394,148.6524562,Not Affordable
Late Summer,San Francisco,Honolulu,1,United,389.4728459,446.7650287,Not Affordable
Early Summer,San Francisco,Portland,2,Alaska Airlines,187.1371816,98.85360269,Affordable
Late Summer,San Francisco,San Diego,1,United,180.3080597,248.0589529,Affordable
Early Summer,San Francisco,Honolulu,1,Alaska Airlines,389.4728459,372.9980311,Not Affordable
Late Summer,San Francisco,"Washington, DC",4,United,459.8730367,92.78599521,Affordable
Early Summer,San Francisco,New York,5,Delta,517.4829507,113.8414082,Affordable
Early Summer,San Francisco,New York,1,Delta,517.4829507,460.3048532,Not Affordable
Early Summer,San Francisco,Chicago,1,Alaska Airlines,355.3685394,372.050438,Not Affordable
Late Summer,San Francisco,New York,4,Alaska Airlines,517.4829507,157.1212918,Affordable
Early Summer,San Francisco,PHL,1,United,384.0539451,420.0036864,Not Affordable
Late Summer,San Francisco,Chicago,1,United,355.3685394,446.9245953,Not Affordable
Late Summer,San Francisco,New York,3,JetBlue Airways,517.4829507,177.2476079,Affordable
Late Summer,San Francisco,New York,1,United,517.4829507,337.9332994,Not Affordable
Late Summer,San Francisco,New York,2,Alaska Airlines,517.4829507,225.8884498,Affordable
Early Summer,San Francisco,New York,13,Alaska Airlines,517.4829507,134.9213023,Affordable
Early Summer,San Francisco,PHL,1,Delta,384.0539451,333.2403069,Not Affordable
Late Summer,San Francisco,San Diego,1,Southwest Airlines,180.3080597,181.9541378,Affordable
Late Summer,San Francisco,New York,1,Delta,517.4829507,420.6896488,Not Affordable
Early Summer,San Francisco,Boston,1,Alaska Airlines,425.4126871,352.4295884,Not Affordable
Early Summer,San Francisco,Boston,2,JetBlue Airways,425.4126871,214.582518,Affordable
Early Summer,San Francisco,New York,1,Delta,517.4829507,467.2959079,Not Affordable
Early Summer,San Francisco,"Washington, DC",1,Alaska Airlines,459.8730367,354.074936,Not Affordable
Late Summer,San Francisco,New York,1,Delta,517.4829507,420.6896488,Not Affordable
Late Summer,San Francisco,Chicago,1,United,355.3685394,446.9245953,Not Affordable
Early Summer,San Francisco,Boston,4,United,425.4126871,94.00911268,Affordable
Early Summer,San Francisco,"Washington, DC",1,United,459.8730367,469.0719449,Not Affordable
Early Summer,San Francisco,New York,1,Alaska Airlines,517.4829507,432.2613235,Not Affordable
Early Summer,San Francisco,New York,2,Alaska Airlines,517.4829507,215.1748703,Affordable
Early Summer,San Francisco,Boston,1,JetBlue Airways,425.4126871,392.7225229,Not Affordable
Early Summer,San Francisco,"Washington, DC",1,Alaska Airlines,459.8730367,426.4986197,Not Affordable
Early Summer,San Francisco,Portland,1,United,187.1371816,241.6657515,Affordable
Early Summer,San Francisco,New Orleans,1,United,318.5411406,405.8794838,Not Affordable
Late Summer,San Francisco,New York,1,Frontier Airlines,517.4829507,165.6107402,Not Affordable
Early Summer,San Francisco,Chicago,1,Alaska Airlines,355.3685394,279.6566502,Not Affordable
Late Summer,San Francisco,Chicago,1,Southwest Airlines,355.3685394,220.0455181,Not Affordable
Late Summer,San Francisco,"Washington, DC",1,United,459.8730367,414.5662692,Not Affordable
Late Summer,San Francisco,Boston,1,JetBlue Airways,425.4126871,379.6846985,Not Affordable
Late Summer,San Francisco,Portland,1,United,187.1371816,232.0862122,Affordable
Early Summer,San Francisco,New York,6,Delta,517.4829507,110.1861572,Affordable
Late Summer,San Francisco,Honolulu,1,Alaska Airlines,389.4728459,334.3941163,Not Affordable
Early Summer,San Francisco,"Washington, DC",1,United,459.8730367,469.0719449,Not Affordable
Early Summer,San Francisco,Seattle,4,Alaska Airlines,212.8712372,77.84600724,Affordable
Late Summer,San Francisco,New York,1,Alaska Airlines,517.4829507,239.2668504,Not Affordable
Early Summer,San Francisco,San Diego,1,United,180.3080597,260.558361,Affordable
Late Summer,San Francisco,"Washington, DC",1,United,459.8730367,432.3310743,Not Affordable
Early Summer,San Francisco,Nashville,3,United,337.3357337,105.1247722,Affordable
Early Summer,San Francisco,San Diego,1,United,180.3080597,260.558361,Affordable
Early Summer,San Francisco,Chicago,2,United,355.3685394,203.6728441,Affordable
Late Summer,San Francisco,"Washington, DC",1,Delta,459.8730367,361.4482209,Not Affordable
Late Summer,San Francisco,New York,1,Alaska Airlines,517.4829507,392.4371492,Not Affordable
Late Summer,San Francisco,Seattle,1,Alaska Airlines,212.8712372,251.0942672,Affordable
Early Summer,San Francisco,Boston,1,United,425.4126871,388.9441365,Not Affordable
Early Summer,San Francisco,Boston,4,United,425.4126871,94.00911268,Affordable
Early Summer,San Francisco,New Orleans,1,Alaska Airlines,318.5411406,262.239702,Affordable
Early Summer,San Francisco,"Washington, DC",1,United,459.8730367,412.5662192,Not Affordable
Late Summer,San Francisco,Chicago,1,United,355.3685394,446.9245953,Not Affordable
Late Summer,San Francisco,New York,1,Alaska Airlines,517.4829507,319.719103,Not Affordable
Late Summer,San Francisco,"Washington, DC",2,United,459.8730367,209.4494421,Affordable
Early Summer,San Francisco,New York,3,Delta,517.4829507,168.7049008,Affordable
Early Summer,San Francisco,"Washington, DC",1,United,459.8730367,339.6741034,Not Affordable
Late Summer,San Francisco,New York,1,JetBlue Airways,517.4829507,389.3562106,Not Affordable
Early Summer,San Francisco,New York,1,Southwest Airlines,517.4829507,272.226223,Not Affordable
Late Summer,San Francisco,"Washington, DC",1,Alaska Airlines,459.8730367,355.7955609,Not Affordable
Early Summer,San Francisco,Boston,2,United,425.4126871,198.7268531,Affordable
Early Summer,San Francisco,"Washington, DC",2,Frontier Airlines,459.8730367,104.6558526,Affordable
Early Summer,San Francisco,New York,3,Delta,517.4829507,168.7049008,Affordable
Early Summer,San Francisco,Nashville,2,United,337.3357337,157.4110449,Affordable
Early Summer,San Francisco,Honolulu,3,United,389.4728459,109.4583927,Affordable
Late Summer,San Francisco,New York,1,Delta,517.4829507,420.6896488,Not Affordable
Late Summer,San Francisco,New York,1,Southwest Airlines,517.4829507,241.5225554,Not Affordable
Late Summer,San Francisco,San Diego,1,Alaska Airlines,180.3080597,202.7799898,Affordable
Late Summer,San Francisco,Chicago,1,Alaska Airlines,355.3685394,304.0376476,Affordable
Late Summer,San Francisco,Nashville,1,Delta,337.3357337,291.3564799,Affordable
Late Summer,San Francisco,New York,1,Alaska Airlines,517.4829507,412.4171169,Not Affordable
Early Summer,San Francisco,Boston,2,Delta,425.4126871,188.0476812,Affordable
Late Summer,San Francisco,Boston,1,Delta,425.4126871,453.057824,Not Affordable
Late Summer,San Francisco,PHL,1,Alaska Airlines,384.0539451,407.6921045,Affordable
Late Summer,San Francisco,New York,1,Alaska Airlines,517.4829507,412.4171169,Not Affordable
Late Summer,San Francisco,Boston,1,United,425.4126871,383.011491,Not Affordable
Early Summer,San Francisco,Chicago,1,United,355.3685394,459.0114787,Not Affordable
Early Summer,San Francisco,PHL,1,Alaska Airlines,384.0539451,430.5776514,Not Affordable
Early Summer,San Francisco,Boston,1,Delta,425.4126871,433.0364294,Not Affordable
Late Summer,San Francisco,Chicago,1,Southwest Airlines,355.3685394,220.0455181,Not Affordable
Early Summer,San Francisco,"Washington, DC",1,United,459.8730367,478.921516,Not Affordable
Early Summer,San Francisco,"Washington, DC",1,Alaska Airlines,459.8730367,389.4005581,Not Affordable
Early Summer,San Francisco,Nashville,1,Frontier Airlines,337.3357337,157.8015946,Not Affordable
Late Summer,San Francisco,Seattle,1,United,212.8712372,272.1478904,Affordable
Early Summer,San Francisco,"Washington, DC",1,United,459.8730367,426.0323707,Not Affordable
Early Summer,San Francisco,"Washington, DC",1,Southwest Airlines,459.8730367,304.7517809,Not Affordable
Early Summer,San Francisco,Boston,3,United,425.4126871,120.4036837,Affordable
Early Summer,San Francisco,Boston,2,United,425.4126871,198.7268531,Affordable
Late Summer,San Francisco,PHL,1,United,384.0539451,382.190872,Not Affordable
Early Summer,San Francisco,Nashville,3,Southwest Airlines,337.3357337,107.5925241,Affordable
Late Summer,San Francisco,New York,1,Delta,517.4829507,389.1262053,Not Affordable
Early Summer,San Francisco,Boston,1,United,425.4126871,436.4720575,Not Affordable
Early Summer,San Francisco,PHL,1,Alaska Airlines,384.0539451,430.5776514,Not Affordable
Late Summer,San Francisco,San Diego,2,Southwest Airlines,180.3080597,90.55926551,Affordable
Late Summer,San Francisco,Chicago,1,Alaska Airlines,355.3685394,358.9908283,Affordable
Early Summer,San Francisco,PHL,1,Alaska Airlines,384.0539451,430.5776514,Not Affordable
Early Summer,San Francisco,San Diego,2,United,180.3080597,118.5452791,Affordable
Late Summer,San Francisco,"Washington, DC",1,Alaska Airlines,459.8730367,370.8671934,Not Affordable
Early Summer,San Francisco,New York,1,Alaska Airlines,517.4829507,281.492576,Not Affordable
Late Summer,San Francisco,Seattle,2,Alaska Airlines,212.8712372,126.3666017,Affordable
Late Summer,San Francisco,Nashville,1,United,337.3357337,386.9471422,Not Affordable
Late Summer,San Francisco,Boston,1,United,425.4126871,418.713752,Not Affordable
Early Summer,San Francisco,PHL,1,Delta,384.0539451,376.8427862,Not Affordable
Late Summer,San Francisco,New York,5,Alaska Airlines,517.4829507,100.0484495,Affordable
Early Summer,San Francisco,Portland,1,Frontier Airlines,187.1371816,116.794565,Affordable
Late Summer,San Francisco,San Diego,1,United,180.3080597,248.0589529,Affordable
Late Summer,San Francisco,Boston,4,Delta,425.4126871,90.10565005,Affordable
Early Summer,San Francisco,Boston,1,United,425.4126871,436.4720575,Not Affordable
Late Summer,San Francisco,Chicago,2,Alaska Airlines,355.3685394,130.7439311,Affordable
Early Summer,San Francisco,New Orleans,1,United,318.5411406,332.4923672,Not Affordable
Late Summer,San Francisco,New York,2,Alaska Airlines,517.4829507,225.8884498,Affordable
Late Summer,San Francisco,New York,1,JetBlue Airways,517.4829507,389.3562106,Not Affordable
Early Summer,San Francisco,Boston,1,United,425.4126871,414.98319,Not Affordable
Late Summer,San Francisco,"Washington, DC",1,Alaska Airlines,459.8730367,331.6036127,Not Affordable
Late Summer,San Francisco,New York,3,Alaska Airlines,517.4829507,37.12148859,Affordable
Early Summer,San Francisco,Boston,1,JetBlue Airways,425.4126871,392.7225229,Not Affordable
Late Summer,San Francisco,Portland,1,Alaska Airlines,187.1371816,202.5317729,Affordable
Early Summer,San Francisco,PHL,1,United,384.0539451,411.6173178,Not Affordable
Late Summer,San Francisco,Boston,2,United,425.4126871,194.9766636,Affordable
Late Summer,San Francisco,PHL,2,Alaska Airlines,384.0539451,204.2135697,Affordable
Early Summer,San Francisco,San Diego,1,United,180.3080597,260.558361,Affordable
Late Summer,San Francisco,Boston,4,Delta,425.4126871,90.10565005,Affordable
Early Summer,San Francisco,Chicago,1,Alaska Airlines,355.3685394,326.1214594,Not Affordable
Late Summer,San Francisco,Chicago,1,United,355.3685394,394.566683,Not Affordable
Early Summer,San Francisco,Boston,3,United,425.4126871,120.4036837,Affordable
Early Summer,San Francisco,New York,1,United,517.4829507,498.2997469,Not Affordable
Late Summer,San Francisco,San Diego,1,United,180.3080597,248.0589529,Affordable
Early Summer,San Francisco,Chicago,1,Alaska Airlines,355.3685394,372.050438,Not Affordable
Late Summer,San Francisco,Seattle,1,Alaska Airlines,212.8712372,251.0942672,Affordable
Early Summer,San Francisco,Boston,1,Alaska Airlines,425.4126871,352.4295884,Not Affordable
Late Summer,San Francisco,New York,8,JetBlue Airways,517.4829507,153.8280974,Affordable
Late Summer,San Francisco,Seattle,2,United,212.8712372,121.9032839,Affordable
Early Summer,San Francisco,Portland,1,Alaska Airlines,187.1371816,207.7566114,Affordable
Early Summer,San Francisco,New Orleans,1,United,318.5411406,405.8794838,Not Affordable
Late Summer,San Francisco,Chicago,1,Alaska Airlines,355.3685394,304.0376476,Affordable
Early Summer,San Francisco,Chicago,1,United,355.3685394,459.0114787,Not Affordable
Early Summer,San Francisco,San Diego,1,Southwest Airlines,180.3080597,197.0121896,Affordable
Late Summer,San Francisco,Chicago,2,United,355.3685394,202.0029303,Affordable
Late Summer,San Francisco,Boston,2,United,425.4126871,194.9766636,Affordable
Early Summer,San Francisco,"Washington, DC",1,Alaska Airlines,459.8730367,426.4986197,Not Affordable
Early Summer,San Francisco,PHL,1,United,384.0539451,420.0036864,Not Affordable
Late Summer,San Francisco,New Orleans,1,Alaska Airlines,318.5411406,253.7636069,Affordable
Early Summer,San Francisco,"Washington, DC",1,Alaska Airlines,459.8730367,354.074936,Not Affordable
Early Summer,San Francisco,Boston,1,Southwest Airlines,425.4126871,266.7811291,Not Affordable
Late Summer,San Francisco,New York,1,JetBlue Airways,517.4829507,389.3562106,Not Affordable
Late Summer,San Francisco,New Orleans,1,Delta,318.5411406,249.0605956,Affordable
Late Summer,San Francisco,New York,1,Delta,517.4829507,420.6896488,Not Affordable
Late Summer,San Francisco,New York,1,Delta,517.4829507,420.6896488,Not Affordable
Early Summer,San Francisco,"Washington, DC",1,United,459.8730367,478.921516,Not Affordable
Late Summer,San Francisco,Honolulu,1,United,389.4728459,446.7650287,Not Affordable
Early Summer,San Francisco,PHL,1,Delta,384.0539451,333.2403069,Not Affordable
Late Summer,San Francisco,Honolulu,1,Alaska Airlines,389.4728459,334.3941163,Not Affordable
Late Summer,San Francisco,Boston,2,JetBlue Airways,425.4126871,213.7618715,Affordable
Late Summer,San Francisco,New York,1,JetBlue Airways,517.4829507,285.7279706,Not Affordable
Late Summer,San Francisco,PHL,1,United,384.0539451,382.190872,Not Affordable
Early Summer,San Francisco,San Diego,1,United,180.3080597,165.165628,Affordable
Early Summer,San Francisco,"Washington, DC",2,United,459.8730367,227.2399677,Affordable
Early Summer,San Francisco,New Orleans,1,Delta,318.5411406,303.2985827,Affordable
Early Summer,San Francisco,New York,1,Delta,517.4829507,460.3048532,Not Affordable
Early Summer,San Francisco,Honolulu,1,United,389.4728459,477.5331385,Not Affordable
Late Summer,San Francisco,New York,2,Alaska Airlines,517.4829507,125.7190521,Affordable
Early Summer,San Francisco,New Orleans,1,United,318.5411406,405.8794838,Not Affordable
Early Summer,San Francisco,PHL,3,Alaska Airlines,384.0539451,140.2502356,Affordable
Early Summer,San Francisco,Chicago,1,United,355.3685394,459.0114787,Not Affordable
Late Summer,San Francisco,Chicago,1,United,355.3685394,446.9245953,Not Affordable
Late Summer,San Francisco,Boston,3,United,425.4126871,118.0565952,Affordable
Late Summer,San Francisco,Chicago,1,United,355.3685394,446.9245953,Not Affordable
Early Summer,San Francisco,Nashville,1,Delta,337.3357337,332.7700573,Not Affordable
Late Summer,San Francisco,Boston,1,JetBlue Airways,425.4126871,240.7863697,Not Affordable
Late Summer,San Francisco,"Washington, DC",1,Alaska Airlines,459.8730367,356.6510578,Not Affordable
Late Summer,San Francisco,Boston,1,Delta,425.4126871,397.6109453,Not Affordable
Early Summer,San Francisco,New York,2,Alaska Airlines,517.4829507,215.1748703,Affordable
Late Summer,San Francisco,New York,1,Alaska Airlines,517.4829507,412.4171169,Not Affordable
Early Summer,San Francisco,New York,1,Alaska Airlines,517.4829507,406.784845,Not Affordable
Late Summer,San Francisco,Chicago,1,United,355.3685394,446.9245953,Not Affordable
Early Summer,San Francisco,Boston,1,United,425.4126871,347.6588474,Not Affordable
Early Summer,San Francisco,New York,1,JetBlue Airways,517.4829507,410.2589877,Not Affordable
Late Summer,San Francisco,New York,1,Alaska Airlines,517.4829507,392.4371492,Not Affordable
Late Summer,San Francisco,Chicago,2,Southwest Airlines,355.3685394,120.9375747,Affordable
Early Summer,San Francisco,Honolulu,1,United,389.4728459,477.5331385,Not Affordable
Late Summer,San Francisco,"Washington, DC",1,Alaska Airlines,459.8730367,332.149696,Not Affordable
Late Summer,San Francisco,Chicago,1,United,355.3685394,446.9245953,Not Affordable
Early Summer,San Francisco,"Washington, DC",1,Delta,459.8730367,342.1023675,Not Affordable
Early Summer,San Francisco,New York,1,Southwest Airlines,517.4829507,272.226223,Not Affordable
Early Summer,San Francisco,"Washington, DC",2,Frontier Airlines,459.8730367,104.6558526,Affordable
Early Summer,San Francisco,New York,1,Delta,517.4829507,339.0265387,Not Affordable
Late Summer,San Francisco,New York,1,Delta,517.4829507,389.1262053,Not Affordable
Late Summer,San Francisco,"Washington, DC",1,United,459.8730367,432.3310743,Not Affordable
Early Summer,San Francisco,"Washington, DC",1,United,459.8730367,478.921516,Not Affordable
Early Summer,San Francisco,PHL,1,Alaska Airlines,384.0539451,430.5776514,Not Affordable
Early Summer,San Francisco,Chicago,1,United,355.3685394,459.0114787,Not Affordable
Early Summer,San Francisco,San Diego,2,United,180.3080597,118.5452791,Affordable
Late Summer,San Francisco,Boston,2,Delta,425.4126871,117.0716633,Affordable
Late Summer,San Francisco,New York,1,JetBlue Airways,517.4829507,266.2880871,Not Affordable
Late Summer,San Francisco,Boston,1,Alaska Airlines,425.4126871,327.6381751,Not Affordable
Late Summer,San Francisco,San Diego,3,United,180.3080597,80.12570728,Affordable
Early Summer,San Francisco,Chicago,1,Alaska Airlines,355.3685394,372.050438,Not Affordable
Early Summer,San Francisco,Nashville,1,Southwest Airlines,337.3357337,294.0833839,Not Affordable
Early Summer,San Francisco,Boston,2,United,425.4126871,198.7268531,Affordable
Early Summer,San Francisco,San Diego,1,United,180.3080597,260.558361,Affordable
Early Summer,San Francisco,New York,1,JetBlue Airways,517.4829507,410.2589877,Not Affordable
Late Summer,San Francisco,Honolulu,1,United,389.4728459,446.7650287,Not Affordable
Late Summer,San Francisco,Boston,2,United,425.4126871,194.9766636,Affordable
Early Summer,San Francisco,Boston,2,Alaska Airlines,425.4126871,160.2059833,Affordable
Early Summer,San Francisco,PHL,1,Alaska Airlines,384.0539451,347.9763006,Not Affordable
Early Summer,San Francisco,New Orleans,1,United,318.5411406,332.4923672,Not Affordable
Early Summer,San Francisco,Chicago,1,Delta,355.3685394,359.7124286,Not Affordable
Early Summer,San Francisco,Boston,3,United,425.4126871,120.4036837,Affordable
Early Summer,San Francisco,New York,1,Delta,517.4829507,460.3048532,Not Affordable
Early Summer,San Francisco,New York,3,Delta,517.4829507,168.7049008,Affordable
Early Summer,San Francisco,Chicago,1,Alaska Airlines,355.3685394,372.050438,Not Affordable
Early Summer,San Francisco,New Orleans,3,United,318.5411406,126.7767462,Affordable
Early Summer,San Francisco,Chicago,2,Alaska Airlines,355.3685394,176.8833593,Affordable
Early Summer,San Francisco,New York,1,Alaska Airlines,517.4829507,406.784845,Not Affordable
Early Summer,San Francisco,New York,1,Delta,517.4829507,460.3048532,Not Affordable
Late Summer,San Francisco,"Washington, DC",1,Delta,459.8730367,493.6955492,Not Affordable
Late Summer,San Francisco,Seattle,1,Alaska Airlines,212.8712372,251.0942672,Affordable
Late Summer,San Francisco,PHL,1,Alaska Airlines,384.0539451,407.6921045,Affordable
Late Summer,San Francisco,San Diego,1,Alaska Airlines,180.3080597,202.7799898,Affordable
Early Summer,San Francisco,New York,1,JetBlue Airways,517.4829507,410.2589877,Not Affordable
Late Summer,San Francisco,Chicago,1,Alaska Airlines,355.3685394,358.9908283,Affordable
Late Summer,San Francisco,New York,2,Frontier Airlines,517.4829507,96.97319668,Affordable
Early Summer,San Francisco,"Washington, DC",5,United,459.8730367,94.54061995,Affordable
Early Summer,San Francisco,Nashville,1,Delta,337.3357337,322.55746,Not Affordable
Late Summer,San Francisco,PHL,1,Frontier Airlines,384.0539451,177.9466903,Not Affordable
Late Summer,San Francisco,New York,2,Alaska Airlines,517.4829507,269.810859,Affordable
Early Summer,San Francisco,San Diego,2,Southwest Airlines,180.3080597,94.8438891,Affordable
Early Summer,San Francisco,"Washington, DC",1,United,459.8730367,478.921516,Not Affordable
Late Summer,San Francisco,New York,1,Alaska Airlines,517.4829507,392.4371492,Not Affordable
Early Summer,San Francisco,New Orleans,3,United,318.5411406,126.7767462,Affordable
Early Summer,San Francisco,"Washington, DC",1,United,459.8730367,359.6411715,Not Affordable
Late Summer,San Francisco,Boston,1,Delta,425.4126871,397.6109453,Not Affordable
Late Summer,San Francisco,San Diego,1,Frontier Airlines,180.3080597,125.6508587,Affordable
Late Summer,San Francisco,New York,1,United,517.4829507,333.9268419,Not Affordable
Late Summer,San Francisco,PHL,1,Alaska Airlines,384.0539451,407.6921045,Affordable
Early Summer,San Francisco,Seattle,1,United,212.8712372,284.9485713,Affordable
Early Summer,San Francisco,San Diego,2,Southwest Airlines,180.3080597,94.8438891,Affordable
Late Summer,San Francisco,Portland,1,United,187.1371816,232.0862122,Affordable
Late Summer,San Francisco,Nashville,1,Delta,337.3357337,276.5410864,Affordable
Early Summer,San Francisco,New York,1,Alaska Airlines,517.4829507,432.2613235,Not Affordable
Late Summer,San Francisco,Seattle,1,Alaska Airlines,212.8712372,251.0942672,Affordable
Early Summer,San Francisco,"Washington, DC",2,United,459.8730367,227.2399677,Affordable
Early Summer,San Francisco,Boston,1,Delta,425.4126871,433.0364294,Not Affordable
Late Summer,San Francisco,"Washington, DC",1,Delta,459.8730367,377.2202559,Not Affordable
Early Summer,San Francisco,PHL,3,Alaska Airlines,384.0539451,140.2502356,Affordable
Early Summer,San Francisco,Portland,1,United,187.1371816,241.6657515,Affordable
Late Summer,San Francisco,Portland,1,United,187.1371816,232.0862122,Affordable
Late Summer,San Francisco,PHL,2,United,384.0539451,167.8829925,Affordable
Early Summer,San Francisco,Honolulu,1,United,389.4728459,477.5331385,Not Affordable
Late Summer,San Francisco,PHL,1,Alaska Airlines,384.0539451,407.6921045,Affordable
Early Summer,San Francisco,Seattle,1,Delta,212.8712372,230.8142753,Affordable
Early Summer,San Francisco,Boston,1,United,425.4126871,436.4720575,Not Affordable
Early Summer,San Francisco,San Diego,1,Alaska Airlines,180.3080597,207.3832392,Affordable
Late Summer,San Francisco,Chicago,1,Alaska Airlines,355.3685394,358.9908283,Affordable
Early Summer,San Francisco,Seattle,1,Alaska Airlines,212.8712372,257.1828494,Affordable
Late Summer,San Francisco,New York,1,JetBlue Airways,517.4829507,285.7279706,Not Affordable
Early Summer,San Francisco,"Washington, DC",3,United,459.8730367,136.7886002,Affordable
Early Summer,San Francisco,Boston,3,United,425.4126871,120.4036837,Affordable
Early Summer,San Francisco,Boston,1,Delta,425.4126871,578.1221714,Not Affordable
Late Summer,San Francisco,Chicago,3,Alaska Airlines,355.3685394,109.5532536,Affordable
Early Summer,San Francisco,Chicago,1,United,355.3685394,459.0114787,Not Affordable
Early Summer,San Francisco,San Diego,1,United,180.3080597,260.558361,Affordable
Late Summer,San Francisco,San Diego,1,Alaska Airlines,180.3080597,247.2684108,Affordable
Late Summer,San Francisco,New York,1,Delta,517.4829507,420.6896488,Not Affordable
Late Summer,San Francisco,Boston,1,Alaska Airlines,425.4126871,341.0096504,Not Affordable
Early Summer,San Francisco,Seattle,1,Delta,212.8712372,230.8142753,Affordable
Early Summer,San Francisco,PHL,1,United,384.0539451,452.111185,Not Affordable
Late Summer,San Francisco,Honolulu,2,Alaska Airlines,389.4728459,145.9504499,Affordable
Early Summer,San Francisco,Chicago,1,Alaska Airlines,355.3685394,372.050438,Not Affordable
Early Summer,San Francisco,San Diego,1,Southwest Airlines,180.3080597,197.0121896,Affordable
Late Summer,San Francisco,Nashville,1,Delta,337.3357337,276.0703488,Affordable
Early Summer,San Francisco,Boston,1,United,425.4126871,436.4720575,Not Affordable
Early Summer,San Francisco,Chicago,2,United,355.3685394,203.6728441,Affordable
Early Summer,San Francisco,Boston,2,JetBlue Airways,425.4126871,214.582518,Affordable
Early Summer,San Francisco,Portland,1,United,187.1371816,241.6657515,Affordable
Late Summer,San Francisco,PHL,1,Delta,384.0539451,302.1806049,Not Affordable
Early Summer,San Francisco,Boston,1,JetBlue Airways,425.4126871,317.0655199,Not Affordable
Early Summer,San Francisco,Chicago,1,Southwest Airlines,355.3685394,264.4300615,Not Affordable
Late Summer,San Francisco,Seattle,1,United,212.8712372,272.1478904,Affordable
Late Summer,San Francisco,"Washington, DC",1,United,459.8730367,374.0342714,Not Affordable
Late Summer,San Francisco,Chicago,1,United,355.3685394,446.9245953,Not Affordable
Early Summer,San Francisco,New York,1,Delta,517.4829507,372.4946122,Not Affordable
Early Summer,San Francisco,Chicago,1,Southwest Airlines,355.3685394,257.5583349,Not Affordable
Late Summer,San Francisco,New Orleans,1,Alaska Airlines,318.5411406,253.7636069,Affordable
Late Summer,San Francisco,Seattle,1,Delta,212.8712372,214.4417326,Affordable
Early Summer,San Francisco,New Orleans,1,United,318.5411406,405.8794838,Not Affordable
Early Summer,San Francisco,San Diego,2,United,180.3080597,118.5452791,Affordable
Early Summer,San Francisco,Honolulu,3,Alaska Airlines,389.4728459,94.46663751,Affordable
Late Summer,San Francisco,New York,1,Delta,517.4829507,420.6896488,Not Affordable
Late Summer,San Francisco,New York,1,Alaska Airlines,517.4829507,392.4371492,Not Affordable
Late Summer,San Francisco,New York,1,Alaska Airlines,517.4829507,336.5797893,Not Affordable
Early Summer,San Francisco,New Orleans,1,United,318.5411406,405.8794838,Not Affordable
Early Summer,San Francisco,Boston,1,JetBlue Airways,425.4126871,282.8429699,Not Affordable
Late Summer,San Francisco,Chicago,2,Alaska Airlines,355.3685394,177.3453317,Affordable
Early Summer,San Francisco,Chicago,1,Southwest Airlines,355.3685394,255.8259303,Not Affordable
Late Summer,San Francisco,Nashville,1,Delta,337.3357337,282.0583399,Affordable
Early Summer,San Francisco,Chicago,2,Alaska Airlines,355.3685394,176.8833593,Affordable
Late Summer,San Francisco,New York,7,Delta,517.4829507,129.550064,Affordable
Late Summer,San Francisco,Boston,1,Alaska Airlines,425.4126871,324.3867743,Not Affordable
Late Summer,San Francisco,Chicago,1,Southwest Airlines,355.3685394,220.0455181,Not Affordable
Late Summer,San Francisco,San Diego,1,United,180.3080597,248.0589529,Affordable
Early Summer,San Francisco,New York,1,Alaska Airlines,517.4829507,406.784845,Not Affordable
Late Summer,San Francisco,Seattle,3,Delta,212.8712372,70.73688895,Affordable
Late Summer,San Francisco,San Diego,1,Southwest Airlines,180.3080597,181.9541378,Affordable
Early Summer,San Francisco,Chicago,1,United,355.3685394,459.0114787,Not Affordable
Early Summer,San Francisco,Honolulu,1,United,389.4728459,477.5331385,Not Affordable
Early Summer,San Francisco,Seattle,1,United,212.8712372,284.9485713,Affordable
Late Summer,San Francisco,PHL,1,United,384.0539451,382.190872,Not Affordable
Late Summer,San Francisco,San Diego,1,Alaska Airlines,180.3080597,202.7799898,Affordable
Early Summer,San Francisco,Boston,2,United,425.4126871,198.7268531,Affordable
Late Summer,San Francisco,Boston,1,Delta,425.4126871,397.6109453,Not Affordable
Early Summer,San Francisco,New York,1,Delta,517.4829507,460.3048532,Not Affordable
Early Summer,San Francisco,New York,1,Alaska Airlines,517.4829507,432.2613235,Not Affordable
Early Summer,San Francisco,PHL,1,United,384.0539451,420.0036864,Not Affordable
Early Summer,San Francisco,New York,1,Alaska Airlines,517.4829507,406.784845,Not Affordable
Early Summer,San Francisco,PHL,1,Alaska Airlines,384.0539451,430.5776514,Not Affordable
Late Summer,San Francisco,Portland,1,Alaska Airlines,187.1371816,202.5317729,Affordable
Late Summer,San Francisco,PHL,1,United,384.0539451,390.5772406,Not Affordable
Early Summer,San Francisco,Boston,1,Delta,425.4126871,433.0364294,Not Affordable
Early Summer,San Francisco,"Washington, DC",1,Alaska Airlines,459.8730367,340.5827774,Not Affordable
Early Summer,San Francisco,New York,1,Alaska Airlines,517.4829507,406.784845,Not Affordable
Late Summer,San Francisco,New Orleans,1,United,318.5411406,366.3587337,Affordable
Late Summer,San Francisco,Portland,1,Alaska Airlines,187.1371816,202.5317729,Affordable
Early Summer,San Francisco,"Washington, DC",1,Alaska Airlines,459.8730367,416.3945209,Not Affordable
Early Summer,San Francisco,Boston,1,Alaska Airlines,425.4126871,340.7634047,Not Affordable
Late Summer,San Francisco,Seattle,3,Alaska Airlines,212.8712372,97.29984268,Affordable
Late Summer,San Francisco,Boston,1,JetBlue Airways,425.4126871,379.6846985,Not Affordable
Late Summer,San Francisco,"Washington, DC",1,United,459.8730367,432.3310743,Not Affordable
Early Summer,San Francisco,San Diego,1,Southwest Airlines,180.3080597,197.0962157,Affordable
Early Summer,San Francisco,"Washington, DC",2,United,459.8730367,227.2399677,Affordable
Early Summer,San Francisco,New Orleans,1,United,318.5411406,405.8794838,Not Affordable
Late Summer,San Francisco,Nashville,1,United,337.3357337,386.9471422,Not Affordable
Early Summer,San Francisco,New York,1,Delta,517.4829507,460.3048532,Not Affordable
Late Summer,San Francisco,Chicago,1,Alaska Airlines,355.3685394,358.9908283,Affordable
Late Summer,San Francisco,New York,2,Alaska Airlines,517.4829507,225.8884498,Affordable
Early Summer,San Francisco,PHL,3,Alaska Airlines,384.0539451,140.2502356,Affordable
Late Summer,San Francisco,Honolulu,1,United,389.4728459,446.7650287,Not Affordable
Late Summer,San Francisco,Portland,3,Alaska Airlines,187.1371816,86.55526341,Affordable
Early Summer,San Francisco,New York,3,Alaska Airlines,517.4829507,180.0404832,Affordable
Early Summer,San Francisco,Chicago,6,Alaska Airlines,355.3685394,76.66296894,Affordable
Early Summer,San Francisco,Boston,1,United,425.4126871,436.4720575,Not Affordable
Late Summer,San Francisco,New Orleans,2,United,318.5411406,92.12603256,Affordable
Early Summer,San Francisco,Nashville,2,United,337.3357337,157.4110449,Affordable
Early Summer,San Francisco,Boston,1,Alaska Airlines,425.4126871,366.3920276,Not Affordable
Late Summer,San Francisco,Chicago,2,United,355.3685394,202.0029303,Affordable
Early Summer,San Francisco,Nashville,1,Alaska Airlines,337.3357337,312.1458458,Not Affordable
Early Summer,San Francisco,New York,1,Alaska Airlines,517.4829507,432.2613235,Not Affordable
Late Summer,San Francisco,Honolulu,1,United,389.4728459,446.7650287,Not Affordable
Early Summer,San Francisco,"Washington, DC",1,Alaska Airlines,459.8730367,438.1808266,Not Affordable
Late Summer,San Francisco,Honolulu,3,United,389.4728459,107.0738167,Affordable
Late Summer,San Francisco,Boston,1,United,425.4126871,418.713752,Not Affordable
Early Summer,San Francisco,New York,1,Delta,517.4829507,401.2997063,Not Affordable
Early Summer,San Francisco,"Washington, DC",1,United,459.8730367,469.0719449,Not Affordable
Early Summer,San Francisco,Nashville,1,United,337.3357337,400.5288748,Not Affordable
Late Summer,San Francisco,New York,2,Delta,517.4829507,268.0126979,Affordable
Early Summer,San Francisco,PHL,1,United,384.0539451,411.6173178,Not Affordable
Late Summer,San Francisco,"Washington, DC",1,Alaska Airlines,459.8730367,356.6510578,Not Affordable
Early Summer,San Francisco,New York,2,Delta,517.4829507,267.2219505,Affordable
Early Summer,San Francisco,Chicago,1,United,355.3685394,459.0114787,Not Affordable
Late Summer,San Francisco,Seattle,1,Alaska Airlines,212.8712372,251.0942672,Affordable
Late Summer,San Francisco,New Orleans,1,Delta,318.5411406,249.0605956,Affordable
Late Summer,San Francisco,Boston,1,Delta,425.4126871,397.6109453,Not Affordable
Early Summer,San Francisco,Chicago,2,United,355.3685394,203.6728441,Affordable
Late Summer,San Francisco,Boston,1,JetBlue Airways,425.4126871,379.6846985,Not Affordable
Early Summer,San Francisco,PHL,1,Alaska Airlines,384.0539451,430.5776514,Not Affordable
Late Summer,San Francisco,Nashville,1,Delta,337.3357337,282.0583399,Affordable
Early Summer,San Francisco,Boston,1,Delta,425.4126871,351.4757839,Not Affordable
Late Summer,San Francisco,New York,2,Delta,517.4829507,268.0126979,Affordable
Late Summer,San Francisco,Chicago,1,Alaska Airlines,355.3685394,304.0376476,Affordable
Early Summer,San Francisco,New York,2,Alaska Airlines,517.4829507,269.2129159,Affordable
Early Summer,San Francisco,Chicago,2,United,355.3685394,203.6728441,Affordable
Early Summer,San Francisco,Portland,1,United,187.1371816,241.6657515,Affordable
Late Summer,San Francisco,New Orleans,2,United,318.5411406,152.7839523,Affordable
Late Summer,San Francisco,Chicago,5,Alaska Airlines,355.3685394,62.32777309,Affordable
Early Summer,San Francisco,Boston,1,Delta,425.4126871,433.0364294,Not Affordable
Late Summer,San Francisco,New Orleans,1,United,318.5411406,314.19543,Affordable
Late Summer,San Francisco,Chicago,1,United,355.3685394,446.9245953,Not Affordable
Early Summer,San Francisco,Honolulu,1,Alaska Airlines,389.4728459,372.9980311,Not Affordable
Late Summer,San Francisco,Boston,1,Alaska Airlines,425.4126871,341.0096504,Not Affordable
Late Summer,San Francisco,"Washington, DC",1,United,459.8730367,414.5662692,Not Affordable
Early Summer,San Francisco,Portland,1,United,187.1371816,241.6657515,Affordable
Early Summer,San Francisco,"Washington, DC",1,Delta,459.8730367,401.1740891,Not Affordable
Late Summer,San Francisco,New York,4,Alaska Airlines,517.4829507,121.1764746,Affordable
Early Summer,San Francisco,Honolulu,3,United,389.4728459,109.4583927,Affordable
Late Summer,San Francisco,Chicago,1,Alaska Airlines,355.3685394,358.9908283,Affordable
Late Summer,San Francisco,PHL,1,Delta,384.0539451,302.1806049,Not Affordable
Early Summer,San Francisco,Boston,1,United,425.4126871,371.7479683,Not Affordable
Early Summer,San Francisco,Seattle,2,Alaska Airlines,212.8712372,124.4277479,Affordable
Early Summer,San Francisco,New York,3,Delta,517.4829507,168.7049008,Affordable
Early Summer,San Francisco,Honolulu,1,United,389.4728459,477.5331385,Not Affordable
Late Summer,San Francisco,Seattle,2,United,212.8712372,121.9032839,Affordable
Early Summer,San Francisco,"Washington, DC",1,United,459.8730367,478.921516,Not Affordable
Early Summer,San Francisco,New York,2,Alaska Airlines,517.4829507,215.1748703,Affordable
Early Summer,San Francisco,New York,2,Delta,517.4829507,267.2219505,Affordable
Early Summer,San Francisco,New Orleans,1,United,318.5411406,405.8794838,Not Affordable
Late Summer,San Francisco,San Diego,1,Southwest Airlines,180.3080597,182.3561837,Affordable
Early Summer,San Francisco,Honolulu,1,Alaska Airlines,389.4728459,372.9980311,Not Affordable
Early Summer,San Francisco,Seattle,1,Alaska Airlines,212.8712372,200.1716403,Affordable
Late Summer,San Francisco,New York,1,JetBlue Airways,517.4829507,389.3562106,Not Affordable
Early Summer,San Francisco,New York,1,Delta,517.4829507,460.3048532,Not Affordable
Late Summer,San Francisco,Nashville,1,United,337.3357337,386.9471422,Not Affordable
Late Summer,San Francisco,Seattle,1,United,212.8712372,272.1478904,Affordable
Late Summer,San Francisco,New Orleans,1,United,318.5411406,366.3587337,Affordable
Early Summer,San Francisco,Honolulu,1,United,389.4728459,477.5331385,Not Affordable
Early Summer,San Francisco,Boston,1,United,425.4126871,436.4720575,Not Affordable
Late Summer,San Francisco,Portland,1,United,187.1371816,232.0862122,Affordable
Early Summer,San Francisco,Portland,1,Alaska Airlines,187.1371816,196.0573005,Affordable
Early Summer,San Francisco,Honolulu,1,United,389.4728459,477.5331385,Not Affordable
Late Summer,San Francisco,Boston,3,JetBlue Airways,425.4126871,140.6442482,Affordable
Early Summer,San Francisco,Honolulu,1,United,389.4728459,477.5331385,Not Affordable
Late Summer,San Francisco,"Washington, DC",1,United,459.8730367,324.1948711,Not Affordable
Late Summer,San Francisco,New York,1,Delta,517.4829507,361.421044,Not Affordable
Early Summer,San Francisco,Boston,2,Alaska Airlines,425.4126871,160.2059833,Affordable
Late Summer,San Francisco,Portland,1,United,187.1371816,232.0862122,Affordable
Early Summer,San Francisco,PHL,2,Delta,384.0539451,153.5732189,Affordable
Early Summer,San Francisco,Boston,1,Southwest Airlines,425.4126871,255.7673817,Not Affordable
Late Summer,San Francisco,Chicago,1,Alaska Airlines,355.3685394,304.0376476,Affordable
Early Summer,San Francisco,San Diego,1,United,180.3080597,260.558361,Affordable
Early Summer,San Francisco,Seattle,1,Delta,212.8712372,230.8142753,Affordable
Late Summer,San Francisco,Nashville,1,United,337.3357337,386.9471422,Not Affordable
Late Summer,San Francisco,Chicago,2,United,355.3685394,202.0029303,Affordable
Late Summer,San Francisco,Chicago,1,Alaska Airlines,355.3685394,330.9229232,Affordable
Late Summer,San Francisco,Boston,1,Delta,425.4126871,365.707899,Not Affordable
Early Summer,San Francisco,Chicago,1,United,355.3685394,413.39019,Not Affordable
Late Summer,San Francisco,Chicago,1,United,355.3685394,446.9245953,Not Affordable
Early Summer,San Francisco,Chicago,3,United,355.3685394,119.5248444,Affordable
Late Summer,San Francisco,Seattle,4,Alaska Airlines,212.8712372,81.03259935,Affordable
Early Summer,San Francisco,"Washington, DC",6,United,459.8730367,92.51100417,Affordable
Late Summer,San Francisco,Portland,1,United,187.1371816,232.0862122,Affordable
Late Summer,San Francisco,New York,2,Frontier Airlines,517.4829507,86.03329768,Affordable
Late Summer,San Francisco,"Washington, DC",3,United,459.8730367,122.5653645,Affordable
Early Summer,San Francisco,Boston,1,Alaska Airlines,425.4126871,352.4295884,Not Affordable
Early Summer,San Francisco,Seattle,1,Alaska Airlines,212.8712372,257.1828494,Affordable
Late Summer,San Francisco,Seattle,4,Alaska Airlines,212.8712372,81.03259935,Affordable
Late Summer,San Francisco,New York,1,Alaska Airlines,517.4829507,296.4163866,Not Affordable
Late Summer,San Francisco,Chicago,1,United,355.3685394,446.9245953,Not Affordable
Early Summer,San Francisco,New Orleans,1,Alaska Airlines,318.5411406,270.4207462,Affordable
Late Summer,San Francisco,New Orleans,1,United,318.5411406,301.9661608,Affordable
Late Summer,San Francisco,Boston,1,United,425.4126871,552.7968292,Not Affordable
Early Summer,San Francisco,New York,1,Alaska Airlines,517.4829507,327.2307231,Not Affordable
Late Summer,San Francisco,"Washington, DC",1,Alaska Airlines,459.8730367,371.3713658,Not Affordable
Late Summer,San Francisco,"Washington, DC",1,United,459.8730367,432.3310743,Not Affordable
Late Summer,San Francisco,PHL,1,Alaska Airlines,384.0539451,407.6921045,Affordable
Late Summer,San Francisco,"Washington, DC",1,Alaska Airlines,459.8730367,370.8671934,Not Affordable
Early Summer,San Francisco,New York,2,Alaska Airlines,517.4829507,215.1748703,Affordable
Late Summer,San Francisco,Chicago,1,United,355.3685394,446.9245953,Not Affordable
Late Summer,San Francisco,San Diego,1,United,180.3080597,248.0589529,Affordable
Late Summer,San Francisco,Boston,1,United,425.4126871,418.713752,Not Affordable
Late Summer,San Francisco,Portland,2,Alaska Airlines,187.1371816,101.3358151,Affordable
Late Summer,San Francisco,"Washington, DC",3,United,459.8730367,122.5653645,Affordable
Late Summer,San Francisco,Chicago,1,United,355.3685394,446.9245953,Not Affordable
Late Summer,San Francisco,New York,1,Alaska Airlines,517.4829507,412.4171169,Not Affordable
Late Summer,San Francisco,"Washington, DC",1,United,459.8730367,432.3310743,Not Affordable
Late Summer,San Francisco,New Orleans,1,Alaska Airlines,318.5411406,253.7636069,Affordable
Late Summer,San Francisco,Honolulu,1,United,389.4728459,446.7650287,Not Affordable
Early Summer,San Francisco,New York,1,Alaska Airlines,517.4829507,406.784845,Not Affordable
Late Summer,San Francisco,New York,4,Delta,517.4829507,148.7772541,Affordable
Late Summer,San Francisco,Boston,2,Delta,425.4126871,189.7023246,Affordable
Early Summer,San Francisco,PHL,1,Delta,384.0539451,302.7400643,Not Affordable
Late Summer,San Francisco,New York,1,Alaska Airlines,517.4829507,353.8484592,Not Affordable
Late Summer,San Francisco,"Washington, DC",2,United,459.8730367,209.4494421,Affordable
Late Summer,San Francisco,Seattle,1,Alaska Airlines,212.8712372,251.0942672,Affordable
Late Summer,San Francisco,Nashville,1,Delta,337.3357337,276.0703488,Affordable
Early Summer,San Francisco,PHL,1,United,384.0539451,411.6173178,Not Affordable
Late Summer,San Francisco,Seattle,2,United,212.8712372,121.9032839,Affordable
Late Summer,San Francisco,New York,1,Alaska Airlines,517.4829507,296.4163866,Not Affordable
Late Summer,San Francisco,Portland,1,Alaska Airlines,187.1371816,202.5317729,Affordable
Late Summer,San Francisco,Honolulu,3,United,389.4728459,107.0738167,Affordable
Early Summer,San Francisco,New Orleans,1,United,318.5411406,405.8794838,Not Affordable
Early Summer,San Francisco,PHL,3,Delta,384.0539451,97.86730683,Affordable
Late Summer,San Francisco,Chicago,1,United,355.3685394,446.9245953,Not Affordable
Late Summer,San Francisco,Boston,1,Alaska Airlines,425.4126871,341.0096504,Not Affordable
Late Summer,San Francisco,Chicago,1,Alaska Airlines,355.3685394,358.9908283,Affordable
Late Summer,San Francisco,Honolulu,1,United,389.4728459,446.7650287,Not Affordable
Late Summer,San Francisco,"Washington, DC",1,United,459.8730367,432.3310743,Not Affordable
Early Summer,San Francisco,PHL,1,Alaska Airlines,384.0539451,430.5776514,Not Affordable
Late Summer,San Francisco,Honolulu,2,United,389.4728459,184.0232892,Affordable
Early Summer,San Francisco,Boston,1,United,425.4126871,436.4720575,Not Affordable
Early Summer,San Francisco,Chicago,1,Frontier Airlines,355.3685394,150.0743956,Not Affordable
Early Summer,San Francisco,Portland,3,United,187.1371816,76.13007878,Affordable
Late Summer,San Francisco,Chicago,1,Frontier Airlines,355.3685394,145.9721214,Not Affordable
Late Summer,San Francisco,New York,3,JetBlue Airways,517.4829507,177.2476079,Affordable
Early Summer,San Francisco,Boston,1,Alaska Airlines,425.4126871,352.4295884,Not Affordable
Early Summer,San Francisco,"Washington, DC",1,United,459.8730367,478.921516,Not Affordable
Early Summer,San Francisco,New York,2,Alaska Airlines,517.4829507,215.1748703,Affordable
Early Summer,San Francisco,Boston,2,Delta,425.4126871,188.0476812,Affordable
Late Summer,San Francisco,Honolulu,2,United,389.4728459,184.0232892,Affordable
Early Summer,San Francisco,Chicago,1,Alaska Airlines,355.3685394,326.1214594,Not Affordable
Early Summer,San Francisco,PHL,1,United,384.0539451,411.6173178,Not Affordable
Late Summer,San Francisco,Nashville,1,Delta,337.3357337,276.5410864,Affordable
Early Summer,San Francisco,Chicago,1,United,355.3685394,337.7881635,Not Affordable
Early Summer,San Francisco,Chicago,3,Frontier Airlines,355.3685394,78.72024196,Affordable
Late Summer,San Francisco,Chicago,4,United,355.3685394,96.01420527,Affordable
Late Summer,San Francisco,Boston,2,Alaska Airlines,425.4126871,167.1611791,Affordable
Early Summer,San Francisco,Boston,1,JetBlue Airways,425.4126871,392.7225229,Not Affordable
Early Summer,San Francisco,"Washington, DC",2,United,459.8730367,224.668323,Affordable
Late Summer,San Francisco,Portland,1,United,187.1371816,232.0862122,Affordable
Early Summer,San Francisco,New York,1,Delta,517.4829507,551.5419704,Not Affordable
Early Summer,San Francisco,New York,1,JetBlue Airways,517.4829507,410.2589877,Not Affordable
Late Summer,San Francisco,Seattle,3,Delta,212.8712372,70.73688895,Affordable
Early Summer,San Francisco,Boston,1,United,425.4126871,370.4721634,Not Affordable
Late Summer,San Francisco,Chicago,1,Alaska Airlines,355.3685394,358.9908283,Affordable
Early Summer,San Francisco,"Washington, DC",1,Alaska Airlines,459.8730367,438.1808266,Not Affordable
Early Summer,San Francisco,Seattle,2,United,212.8712372,128.0013348,Affordable
Late Summer,San Francisco,Chicago,1,United,355.3685394,446.9245953,Not Affordable
Late Summer,San Francisco,PHL,1,Alaska Airlines,384.0539451,407.6921045,Affordable
Early Summer,San Francisco,Boston,1,Alaska Airlines,425.4126871,352.4295884,Not Affordable
Late Summer,San Francisco,Honolulu,1,United,389.4728459,446.7650287,Not Affordable
Late Summer,San Francisco,New York,1,Alaska Airlines,517.4829507,392.4371492,Not Affordable
Late Summer,San Francisco,New York,1,Delta,517.4829507,420.6896488,Not Affordable
Late Summer,San Francisco,PHL,1,Alaska Airlines,384.0539451,407.6921045,Affordable
Late Summer,San Francisco,Nashville,1,United,337.3357337,386.9471422,Not Affordable
Late Summer,San Francisco,Boston,2,United,425.4126871,194.9766636,Affordable
Late Summer,San Francisco,San Diego,1,United,180.3080597,248.0589529,Affordable
Early Summer,San Francisco,Nashville,1,United,337.3357337,400.5288748,Not Affordable
Late Summer,San Francisco,Boston,3,United,425.4126871,118.0565952,Affordable
Early Summer,San Francisco,New York,1,Alaska Airlines,517.4829507,406.784845,Not Affordable
Early Summer,San Francisco,Seattle,1,United,212.8712372,284.9485713,Affordable
Late Summer,San Francisco,Chicago,1,Alaska Airlines,355.3685394,358.9908283,Affordable
Early Summer,San Francisco,"Washington, DC",1,Alaska Airlines,459.8730367,293.2198965,Not Affordable
Early Summer,San Francisco,Portland,1,Alaska Airlines,187.1371816,207.7566114,Affordable
Early Summer,San Francisco,"Washington, DC",1,Alaska Airlines,459.8730367,426.4986197,Not Affordable
Late Summer,San Francisco,San Diego,1,United,180.3080597,248.0589529,Affordable
Early Summer,San Francisco,Chicago,1,United,355.3685394,459.0114787,Not Affordable
Late Summer,San Francisco,New York,1,Delta,517.4829507,420.6896488,Not Affordable
Early Summer,San Francisco,New York,1,Delta,517.4829507,452.8119837,Not Affordable
Late Summer,San Francisco,Boston,1,Delta,425.4126871,397.6109453,Not Affordable
Early Summer,San Francisco,Nashville,1,United,337.3357337,399.9883935,Not Affordable
Early Summer,San Francisco,New York,5,JetBlue Airways,517.4829507,137.0917215,Affordable
Early Summer,San Francisco,"Washington, DC",2,United,459.8730367,227.2399677,Affordable
Late Summer,San Francisco,Boston,1,United,425.4126871,418.713752,Not Affordable
Early Summer,San Francisco,San Diego,1,Alaska Airlines,180.3080597,207.3832392,Affordable
Late Summer,San Francisco,Nashville,1,Delta,337.3357337,282.0583399,Affordable
Early Summer,San Francisco,San Diego,1,Alaska Airlines,180.3080597,207.2331645,Affordable
Early Summer,San Francisco,Seattle,1,Southwest Airlines,212.8712372,237.9457329,Affordable
Late Summer,San Francisco,"Washington, DC",1,Alaska Airlines,459.8730367,370.8671934,Not Affordable
Late Summer,San Francisco,Portland,1,Frontier Airlines,187.1371816,120.5147463,Affordable
Late Summer,San Francisco,"Washington, DC",1,Delta,459.8730367,384.8541305,Not Affordable
Early Summer,San Francisco,Chicago,5,United,355.3685394,86.0880033,Affordable
Late Summer,San Francisco,Chicago,1,United,355.3685394,266.9530928,Not Affordable
Early Summer,San Francisco,PHL,1,United,384.0539451,389.1761675,Not Affordable
Late Summer,San Francisco,"Washington, DC",2,United,459.8730367,209.4494421,Affordable
Late Summer,San Francisco,New York,1,Alaska Airlines,517.4829507,277.0080962,Not Affordable
Late Summer,San Francisco,San Diego,2,Alaska Airlines,180.3080597,99.5344518,Affordable
Early Summer,San Francisco,Honolulu,1,United,389.4728459,477.5331385,Not Affordable
Early Summer,San Francisco,"Washington, DC",2,Alaska Airlines,459.8730367,199.1370396,Affordable
Late Summer,San Francisco,New York,1,Alaska Airlines,517.4829507,392.4371492,Not Affordable
Late Summer,San Francisco,San Diego,1,Alaska Airlines,180.3080597,202.7799898,Affordable
Early Summer,San Francisco,New York,1,Alaska Airlines,517.4829507,406.784845,Not Affordable
Early Summer,San Francisco,Boston,1,United,425.4126871,460.0035255,Not Affordable
Early Summer,San Francisco,New York,1,Alaska Airlines,517.4829507,432.2613235,Not Affordable
Late Summer,San Francisco,New York,1,United,517.4829507,340.8846027,Not Affordable
Early Summer,San Francisco,PHL,1,Alaska Airlines,384.0539451,430.5776514,Not Affordable
Late Summer,San Francisco,New York,1,Alaska Airlines,517.4829507,412.4171169,Not Affordable
Early Summer,San Francisco,San Diego,1,United,180.3080597,260.558361,Affordable
Late Summer,San Francisco,Nashville,1,Delta,337.3357337,276.5410864,Affordable
Early Summer,San Francisco,Boston,1,JetBlue Airways,425.4126871,392.7225229,Not Affordable
Early Summer,San Francisco,Boston,1,Delta,425.4126871,433.0364294,Not Affordable
Early Summer,San Francisco,Boston,4,Delta,425.4126871,83.13254812,Affordable
Late Summer,San Francisco,New York,1,Alaska Airlines,517.4829507,337.8276423,Not Affordable
Late Summer,San Francisco,"Washington, DC",1,United,459.8730367,432.3310743,Not Affordable
Early Summer,San Francisco,New York,2,Alaska Airlines,517.4829507,135.5616921,Affordable
Late Summer,San Francisco,"Washington, DC",1,United,459.8730367,432.3310743,Not Affordable
Early Summer,San Francisco,New York,2,Alaska Airlines,517.4829507,215.1748703,Affordable
Early Summer,San Francisco,PHL,1,United,384.0539451,420.0036864,Not Affordable
Late Summer,San Francisco,"Washington, DC",1,United,459.8730367,414.5662692,Not Affordable
Early Summer,San Francisco,Boston,2,Alaska Airlines,425.4126871,160.2059833,Affordable
Late Summer,San Francisco,Chicago,1,United,355.3685394,446.9245953,Not Affordable
Early Summer,San Francisco,"Washington, DC",1,United,459.8730367,469.0719449,Not Affordable
Early Summer,San Francisco,"Washington, DC",1,Alaska Airlines,459.8730367,426.4986197,Not Affordable
Early Summer,San Francisco,Chicago,1,Alaska Airlines,355.3685394,326.1214594,Not Affordable
Early Summer,San Francisco,"Washington, DC",2,United,459.8730367,227.2399677,Affordable
Early Summer,San Francisco,"Washington, DC",1,United,459.8730367,532.1088287,Not Affordable
Late Summer,San Francisco,San Diego,1,Alaska Airlines,180.3080597,202.7799898,Affordable
Late Summer,San Francisco,Chicago,3,United,355.3685394,118.896336,Affordable
Late Summer,San Francisco,New York,2,Alaska Airlines,517.4829507,269.810859,Affordable
Late Summer,San Francisco,New York,1,Southwest Airlines,517.4829507,218.9456865,Not Affordable
Late Summer,San Francisco,PHL,1,Alaska Airlines,384.0539451,407.6921045,Affordable
Early Summer,San Francisco,Boston,1,Delta,425.4126871,402.9649981,Not Affordable
Early Summer,San Francisco,Nashville,1,Southwest Airlines,337.3357337,294.0833839,Not Affordable
Late Summer,San Francisco,San Diego,1,Alaska Airlines,180.3080597,202.7799898,Affordable
Early Summer,San Francisco,"Washington, DC",1,United,459.8730367,478.921516,Not Affordable
Late Summer,San Francisco,San Diego,1,United,180.3080597,248.0589529,Affordable
Early Summer,San Francisco,Nashville,2,United,337.3357337,157.4110449,Affordable
Late Summer,San Francisco,New York,1,Delta,517.4829507,420.6896488,Not Affordable
Early Summer,San Francisco,Boston,1,JetBlue Airways,425.4126871,392.7225229,Not Affordable
Late Summer,San Francisco,New York,1,Delta,517.4829507,420.6896488,Not Affordable
Late Summer,San Francisco,Boston,1,United,425.4126871,418.713752,Not Affordable
Late Summer,San Francisco,Portland,2,United,187.1371816,103.9308542,Affordable
Early Summer,San Francisco,New York,1,Alaska Airlines,517.4829507,330.0389467,Not Affordable
Early Summer,San Francisco,Boston,1,JetBlue Airways,425.4126871,392.7225229,Not Affordable
Early Summer,San Francisco,Honolulu,1,United,389.4728459,386.1370669,Not Affordable
Early Summer,San Francisco,Boston,1,Delta,425.4126871,433.0364294,Not Affordable
Early Summer,San Francisco,Chicago,1,Southwest Airlines,355.3685394,258.8463888,Not Affordable
Early Summer,San Francisco,PHL,4,Alaska Airlines,384.0539451,114.0202178,Affordable
Early Summer,San Francisco,Boston,2,United,425.4126871,198.7268531,Affordable
Early Summer,San Francisco,PHL,1,United,384.0539451,346.5198071,Not Affordable
Early Summer,San Francisco,New York,1,United,517.4829507,381.9917789,Not Affordable
Early Summer,San Francisco,"Washington, DC",1,United,459.8730367,532.1088287,Not Affordable
Late Summer,San Francisco,Portland,1,United,187.1371816,232.0862122,Affordable
Late Summer,San Francisco,Chicago,1,Alaska Airlines,355.3685394,272.0451579,Affordable
Late Summer,San Francisco,New York,1,Delta,517.4829507,420.6896488,Not Affordable
Early Summer,San Francisco,Boston,1,Delta,425.4126871,433.0364294,Not Affordable
Late Summer,San Francisco,Chicago,1,United,355.3685394,446.9245953,Not Affordable
Early Summer,San Francisco,New Orleans,1,United,318.5411406,405.8794838,Not Affordable
Late Summer,San Francisco,New Orleans,1,Delta,318.5411406,259.3738259,Affordable
Late Summer,San Francisco,New York,1,Delta,517.4829507,420.6896488,Not Affordable
Early Summer,San Francisco,San Diego,1,Southwest Airlines,180.3080597,197.0121896,Affordable
Late Summer,San Francisco,"Washington, DC",4,Alaska Airlines,459.8730367,82.73314418,Affordable
Early Summer,San Francisco,Boston,2,United,425.4126871,198.7268531,Affordable
Early Summer,San Francisco,New Orleans,1,United,318.5411406,405.8794838,Not Affordable
Late Summer,San Francisco,Chicago,1,Alaska Airlines,355.3685394,358.9908283,Affordable
Early Summer,San Francisco,"Washington, DC",1,United,459.8730367,478.921516,Not Affordable
Early Summer,San Francisco,New Orleans,1,Southwest Airlines,318.5411406,257.1610073,Not Affordable
Late Summer,San Francisco,PHL,1,Alaska Airlines,384.0539451,407.6921045,Affordable
Early Summer,San Francisco,New Orleans,1,Southwest Airlines,318.5411406,256.9594467,Not Affordable
Early Summer,San Francisco,Chicago,1,Alaska Airlines,355.3685394,326.1214594,Not Affordable
Early Summer,San Francisco,Honolulu,2,United,389.4728459,184.9141731,Affordable
Early Summer,San Francisco,Boston,1,Delta,425.4126871,433.0364294,Not Affordable
Late Summer,San Francisco,Seattle,1,Alaska Airlines,212.8712372,251.0942672,Affordable
Early Summer,San Francisco,Chicago,3,Alaska Airlines,355.3685394,88.63253163,Affordable
Late Summer,San Francisco,Seattle,2,Alaska Airlines,212.8712372,126.3666017,Affordable
Late Summer,San Francisco,PHL,1,Southwest Airlines,384.0539451,261.0712294,Not Affordable
Late Summer,San Francisco,New York,1,Alaska Airlines,517.4829507,392.4371492,Not Affordable
Early Summer,San Francisco,San Diego,1,Southwest Airlines,180.3080597,197.0121896,Affordable
Late Summer,San Francisco,Boston,1,United,425.4126871,418.713752,Not Affordable
Late Summer,San Francisco,Boston,2,Delta,425.4126871,189.7023246,Affordable
Early Summer,San Francisco,Chicago,3,United,355.3685394,119.5248444,Affordable
Late Summer,San Francisco,Nashville,1,Delta,337.3357337,288.31959,Affordable
Late Summer,San Francisco,Boston,3,United,425.4126871,118.0565952,Affordable
Late Summer,San Francisco,Chicago,1,United,355.3685394,446.9245953,Not Affordable
Late Summer,San Francisco,San Diego,2,United,180.3080597,111.1674109,Affordable
Late Summer,San Francisco,Honolulu,1,United,389.4728459,446.7650287,Not Affordable
Early Summer,San Francisco,San Diego,1,United,180.3080597,260.558361,Affordable
Early Summer,San Francisco,Chicago,1,United,355.3685394,404.490367,Not Affordable
Early Summer,San Francisco,"Washington, DC",1,United,459.8730367,478.921516,Not Affordable
Late Summer,San Francisco,Honolulu,1,United,389.4728459,446.7650287,Not Affordable
Late Summer,San Francisco,Honolulu,1,United,389.4728459,446.7650287,Not Affordable
Early Summer,San Francisco,Chicago,1,Alaska Airlines,355.3685394,372.050438,Not Affordable
Early Summer,San Francisco,New York,1,Alaska Airlines,517.4829507,406.784845,Not Affordable
Early Summer,San Francisco,Honolulu,1,United,389.4728459,477.5331385,Not Affordable
Early Summer,San Francisco,"Washington, DC",1,Alaska Airlines,459.8730367,438.1808266,Not Affordable
Late Summer,San Francisco,Boston,1,United,425.4126871,418.713752,Not Affordable
Late Summer,San Francisco,Seattle,5,Alaska Airlines,212.8712372,76.22882699,Affordable
Late Summer,San Francisco,Chicago,1,United,355.3685394,446.9245953,Not Affordable
Early Summer,San Francisco,Portland,1,United,187.1371816,241.6657515,Affordable
Early Summer,San Francisco,Chicago,1,United,355.3685394,459.0114787,Not Affordable
Late Summer,San Francisco,PHL,1,United,384.0539451,382.190872,Not Affordable
Late Summer,San Francisco,Boston,1,Alaska Airlines,425.4126871,242.6815384,Not Affordable
Late Summer,San Francisco,New York,1,Alaska Airlines,517.4829507,296.4163866,Not Affordable
Early Summer,San Francisco,PHL,1,Alaska Airlines,384.0539451,386.9852822,Not Affordable
Late Summer,San Francisco,"Washington, DC",1,Alaska Airlines,459.8730367,370.8671934,Not Affordable
Late Summer,San Francisco,New York,1,Frontier Airlines,517.4829507,170.387906,Not Affordable
Early Summer,San Francisco,PHL,2,Alaska Airlines,384.0539451,207.2670442,Affordable
Late Summer,San Francisco,New Orleans,1,Delta,318.5411406,246.2404955,Affordable
Late Summer,San Francisco,New York,2,Alaska Airlines,517.4829507,269.810859,Affordable
Early Summer,San Francisco,Boston,2,United,425.4126871,198.7268531,Affordable
Late Summer,San Francisco,Boston,4,Alaska Airlines,425.4126871,83.18050173,Affordable
Early Summer,San Francisco,PHL,1,United,384.0539451,400.1297356,Not Affordable
Late Summer,San Francisco,PHL,1,Southwest Airlines,384.0539451,261.0712294,Not Affordable
Early Summer,San Francisco,Chicago,1,United,355.3685394,459.0114787,Not Affordable
Late Summer,San Francisco,Seattle,3,Delta,212.8712372,70.73688895,Affordable
Late Summer,San Francisco,New York,1,Alaska Airlines,517.4829507,412.4171169,Not Affordable
Early Summer,San Francisco,Portland,1,Alaska Airlines,187.1371816,207.7566114,Affordable
Late Summer,San Francisco,Nashville,1,Southwest Airlines,337.3357337,278.3693445,Not Affordable
Late Summer,San Francisco,Seattle,3,Alaska Airlines,212.8712372,97.29984268,Affordable
Early Summer,San Francisco,Boston,4,United,425.4126871,94.00911268,Affordable
Late Summer,San Francisco,New York,1,Alaska Airlines,517.4829507,412.4171169,Not Affordable
Early Summer,San Francisco,PHL,5,Alaska Airlines,384.0539451,102.0155253,Affordable
Late Summer,San Francisco,New York,1,Delta,517.4829507,420.6896488,Not Affordable
Early Summer,San Francisco,Seattle,2,Alaska Airlines,212.8712372,124.4277479,Affordable
Early Summer,San Francisco,New York,1,United,517.4829507,375.0340182,Not Affordable
Early Summer,San Francisco,New York,1,Alaska Airlines,517.4829507,406.784845,Not Affordable
Late Summer,San Francisco,Nashville,3,United,337.3357337,104.6614709,Affordable
Late Summer,San Francisco,New York,1,Delta,517.4829507,420.6896488,Not Affordable
Early Summer,San Francisco,New Orleans,1,United,318.5411406,332.4923672,Not Affordable
Early Summer,San Francisco,"Washington, DC",1,United,459.8730367,478.921516,Not Affordable
Early Summer,San Francisco,PHL,1,Alaska Airlines,384.0539451,430.5776514,Not Affordable
Early Summer,San Francisco,New York,5,Delta,517.4829507,113.8414082,Affordable
Early Summer,San Francisco,New York,1,Delta,517.4829507,467.2959079,Not Affordable
Late Summer,San Francisco,Boston,4,JetBlue Airways,425.4126871,124.1269465,Affordable
Late Summer,San Francisco,New York,1,United,517.4829507,333.9268419,Not Affordable
Early Summer,San Francisco,Seattle,1,United,212.8712372,284.9485713,Affordable
Late Summer,San Francisco,Nashville,1,United,337.3357337,386.9471422,Not Affordable
Late Summer,San Francisco,Boston,1,Alaska Airlines,425.4126871,327.6381751,Not Affordable
Early Summer,San Francisco,San Diego,1,Alaska Airlines,180.3080597,207.3832392,Affordable
Late Summer,San Francisco,New York,3,Alaska Airlines,517.4829507,181.3733599,Affordable
Late Summer,San Francisco,Chicago,1,Southwest Airlines,355.3685394,220.9076851,Not Affordable
Late Summer,San Francisco,New York,4,Alaska Airlines,517.4829507,157.1212918,Affordable
Early Summer,San Francisco,Boston,1,United,425.4126871,436.4720575,Not Affordable
Early Summer,San Francisco,Chicago,1,United,355.3685394,459.0114787,Not Affordable
Late Summer,San Francisco,New York,1,Delta,517.4829507,420.6896488,Not Affordable
Early Summer,San Francisco,Honolulu,3,United,389.4728459,109.4583927,Affordable
Late Summer,San Francisco,Chicago,1,United,355.3685394,446.9245953,Not Affordable
Late Summer,San Francisco,New York,1,Alaska Airlines,517.4829507,418.7214021,Not Affordable
Early Summer,San Francisco,"Washington, DC",1,Delta,459.8730367,422.5620738,Not Affordable
Late Summer,San Francisco,"Washington, DC",1,United,459.8730367,432.3310743,Not Affordable
Late Summer,San Francisco,New Orleans,1,United,318.5411406,366.3587337,Affordable
Early Summer,San Francisco,Boston,2,United,425.4126871,198.7268531,Affordable
Late Summer,San Francisco,"Washington, DC",1,United,459.8730367,432.3310743,Not Affordable
Early Summer,San Francisco,New York,3,Delta,517.4829507,168.7049008,Affordable
Late Summer,San Francisco,New York,1,Alaska Airlines,517.4829507,279.8733816,Not Affordable
Late Summer,San Francisco,New Orleans,1,United,318.5411406,366.3587337,Affordable
Late Summer,San Francisco,Boston,4,Delta,425.4126871,90.10565005,Affordable
Early Summer,San Francisco,New York,1,Alaska Airlines,517.4829507,295.2992821,Not Affordable
Early Summer,San Francisco,New York,6,Alaska Airlines,517.4829507,129.3694744,Affordable
Early Summer,San Francisco,New York,1,Delta,517.4829507,460.3048532,Not Affordable
Late Summer,San Francisco,Seattle,1,Alaska Airlines,212.8712372,130.484897,Affordable
Late Summer,San Francisco,Seattle,2,Delta,212.8712372,99.45545736,Affordable
Late Summer,San Francisco,"Washington, DC",1,Alaska Airlines,459.8730367,343.2555166,Not Affordable
Late Summer,San Francisco,"Washington, DC",1,United,459.8730367,445.4330655,Not Affordable
Late Summer,San Francisco,Chicago,1,United,355.3685394,446.9245953,Not Affordable
Early Summer,San Francisco,Seattle,1,Delta,212.8712372,230.8142753,Affordable
Early Summer,San Francisco,Boston,1,Delta,425.4126871,433.0364294,Not Affordable
Late Summer,San Francisco,"Washington, DC",3,United,459.8730367,115.2680165,Affordable
Early Summer,San Francisco,"Washington, DC",1,United,459.8730367,364.6424433,Not Affordable
Early Summer,San Francisco,"Washington, DC",2,United,459.8730367,227.2399677,Affordable
Early Summer,San Francisco,Boston,3,Delta,425.4126871,109.680756,Affordable
Late Summer,San Francisco,San Diego,1,United,180.3080597,248.0589529,Affordable
Late Summer,San Francisco,New York,2,Delta,517.4829507,268.0126979,Affordable
Late Summer,San Francisco,Chicago,1,Alaska Airlines,355.3685394,304.0376476,Affordable
Early Summer,San Francisco,Nashville,1,United,337.3357337,400.5288748,Not Affordable
Late Summer,San Francisco,Portland,1,Alaska Airlines,187.1371816,202.5317729,Affordable
Early Summer,San Francisco,Chicago,1,United,355.3685394,459.0114787,Not Affordable
Early Summer,San Francisco,Chicago,1,Alaska Airlines,355.3685394,326.1214594,Not Affordable
Early Summer,San Francisco,"Washington, DC",1,United,459.8730367,438.0642416,Not Affordable
Late Summer,San Francisco,Seattle,1,United,212.8712372,272.1478904,Affordable
Early Summer,San Francisco,Boston,2,JetBlue Airways,425.4126871,214.582518,Affordable
Early Summer,San Francisco,New York,3,Alaska Airlines,517.4829507,49.86109572,Affordable
Late Summer,San Francisco,Chicago,1,United,355.3685394,446.9245953,Not Affordable
Early Summer,San Francisco,Seattle,4,Alaska Airlines,212.8712372,77.84600724,Affordable
Late Summer,San Francisco,Boston,1,Delta,425.4126871,397.6109453,Not Affordable
Late Summer,San Francisco,Chicago,1,Frontier Airlines,355.3685394,145.9721214,Not Affordable
Early Summer,San Francisco,"Washington, DC",1,United,459.8730367,469.0719449,Not Affordable
Early Summer,San Francisco,Honolulu,1,United,389.4728459,477.5331385,Not Affordable
Early Summer,San Francisco,"Washington, DC",1,Alaska Airlines,459.8730367,438.1808266,Not Affordable
Early Summer,San Francisco,New York,1,Delta,517.4829507,460.3048532,Not Affordable
Late Summer,San Francisco,Chicago,1,Frontier Airlines,355.3685394,145.9721214,Not Affordable
Early Summer,San Francisco,San Diego,1,United,180.3080597,260.558361,Affordable
Late Summer,San Francisco,San Diego,4,Alaska Airlines,180.3080597,67.34018282,Affordable
Early Summer,San Francisco,New Orleans,1,Southwest Airlines,318.5411406,239.4005546,Not Affordable
Late Summer,San Francisco,New York,1,United,517.4829507,333.9268419,Not Affordable
Late Summer,San Francisco,Chicago,1,Southwest Airlines,355.3685394,220.0455181,Not Affordable
Late Summer,San Francisco,Portland,2,United,187.1371816,103.9308542,Affordable
Late Summer,San Francisco,Honolulu,1,Alaska Airlines,389.4728459,334.3941163,Not Affordable
Late Summer,San Francisco,New York,1,Alaska Airlines,517.4829507,336.6273516,Not Affordable
Early Summer,San Francisco,New York,5,Alaska Airlines,517.4829507,131.3990901,Affordable
Early Summer,San Francisco,New York,1,Alaska Airlines,517.4829507,295.2992821,Not Affordable
Early Summer,San Francisco,Portland,3,Alaska Airlines,187.1371816,83.36270919,Affordable
Early Summer,San Francisco,"Washington, DC",1,United,459.8730367,478.921516,Not Affordable
Late Summer,San Francisco,New York,1,JetBlue Airways,517.4829507,228.8069738,Not Affordable
Early Summer,San Francisco,"Washington, DC",1,United,459.8730367,478.921516,Not Affordable
Early Summer,San Francisco,New Orleans,1,Delta,318.5411406,300.4784826,Affordable
Early Summer,San Francisco,New York,1,Delta,517.4829507,401.2997063,Not Affordable
Early Summer,San Francisco,Chicago,1,Alaska Airlines,355.3685394,326.1214594,Not Affordable
Late Summer,San Francisco,"Washington, DC",1,United,459.8730367,414.5662692,Not Affordable
Late Summer,San Francisco,Honolulu,3,United,389.4728459,107.0738167,Affordable
Early Summer,San Francisco,New Orleans,1,Southwest Airlines,318.5411406,254.9419145,Not Affordable
Late Summer,San Francisco,New York,1,JetBlue Airways,517.4829507,389.3562106,Not Affordable
Late Summer,San Francisco,Portland,2,United,187.1371816,103.9308542,Affordable
Late Summer,San Francisco,Portland,1,Alaska Airlines,187.1371816,195.1569717,Affordable
Late Summer,San Francisco,Nashville,1,United,337.3357337,386.9471422,Not Affordable
Late Summer,San Francisco,Chicago,3,United,355.3685394,118.896336,Affordable
Early Summer,San Francisco,Seattle,2,Delta,212.8712372,101.6438785,Affordable
Late Summer,San Francisco,New York,1,JetBlue Airways,517.4829507,389.3562106,Not Affordable
Early Summer,San Francisco,Chicago,3,United,355.3685394,119.5248444,Affordable
Late Summer,San Francisco,Honolulu,1,United,389.4728459,356.6570353,Not Affordable
Late Summer,San Francisco,Boston,1,Delta,425.4126871,397.6109453,Not Affordable
Early Summer,San Francisco,New York,1,Alaska Airlines,517.4829507,432.2613235,Not Affordable
Late Summer,San Francisco,Honolulu,1,United,389.4728459,446.7650287,Not Affordable
Late Summer,San Francisco,New Orleans,1,Southwest Airlines,318.5411406,218.2710797,Affordable
Late Summer,San Francisco,Boston,1,Alaska Airlines,425.4126871,274.9459802,Not Affordable
Late Summer,San Francisco,Honolulu,1,United,389.4728459,446.7650287,Not Affordable
Late Summer,San Francisco,Honolulu,1,Alaska Airlines,389.4728459,334.3941163,Not Affordable
Late Summer,San Francisco,"Washington, DC",2,United,459.8730367,209.4494421,Affordable
Late Summer,San Francisco,"Washington, DC",2,United,459.8730367,198.9625633,Affordable
Early Summer,San Francisco,Boston,1,United,425.4126871,436.4720575,Not Affordable
Early Summer,San Francisco,San Diego,1,United,180.3080597,260.558361,Affordable
Early Summer,San Francisco,San Diego,1,Alaska Airlines,180.3080597,207.3832392,Affordable
Early Summer,San Francisco,New Orleans,1,United,318.5411406,405.8794838,Not Affordable
Early Summer,San Francisco,Portland,1,United,187.1371816,241.6657515,Affordable
Late Summer,San Francisco,"Washington, DC",1,United,459.8730367,432.3310743,Not Affordable
Early Summer,San Francisco,Boston,1,Alaska Airlines,425.4126871,377.8853423,Not Affordable
Early Summer,San Francisco,San Diego,2,United,180.3080597,118.5452791,Affordable
Early Summer,San Francisco,San Diego,1,Southwest Airlines,180.3080597,197.0121896,Affordable
Early Summer,San Francisco,New Orleans,2,Frontier Airlines,318.5411406,44.19959683,Affordable
Early Summer,San Francisco,Chicago,3,United,355.3685394,119.5248444,Affordable
Early Summer,San Francisco,Nashville,2,United,337.3357337,157.4110449,Affordable
Early Summer,San Francisco,Portland,1,United,187.1371816,241.6657515,Affordable
Early Summer,San Francisco,Chicago,3,Alaska Airlines,355.3685394,88.63253163,Affordable
Early Summer,San Francisco,New Orleans,1,Delta,318.5411406,300.4784826,Affordable
Early Summer,San Francisco,Chicago,5,United,355.3685394,86.0880033,Affordable
Early Summer,San Francisco,PHL,1,Alaska Airlines,384.0539451,386.9852822,Not Affordable
Early Summer,San Francisco,Portland,2,Alaska Airlines,187.1371816,98.85360269,Affordable
Late Summer,San Francisco,New York,1,Delta,517.4829507,389.1262053,Not Affordable
Late Summer,San Francisco,Seattle,1,Alaska Airlines,212.8712372,251.0942672,Affordable
Early Summer,San Francisco,New York,1,Delta,517.4829507,460.3048532,Not Affordable
Late Summer,San Francisco,Chicago,1,United,355.3685394,446.9245953,Not Affordable
Early Summer,San Francisco,"Washington, DC",4,Alaska Airlines,459.8730367,113.4060651,Affordable
Late Summer,San Francisco,Boston,1,Delta,425.4126871,397.6109453,Not Affordable
Early Summer,San Francisco,Chicago,2,United,355.3685394,203.6728441,Affordable
Late Summer,San Francisco,New York,1,Delta,517.4829507,420.6896488,Not Affordable
Early Summer,San Francisco,Portland,1,Alaska Airlines,187.1371816,207.7566114,Affordable
Early Summer,San Francisco,Chicago,1,Alaska Airlines,355.3685394,372.050438,Not Affordable
Early Summer,San Francisco,New York,1,Alaska Airlines,517.4829507,372.596451,Not Affordable
Late Summer,San Francisco,"Washington, DC",1,United,459.8730367,414.5662692,Not Affordable
Late Summer,San Francisco,New York,1,Delta,517.4829507,515.2012139,Not Affordable
Late Summer,San Francisco,Boston,1,United,425.4126871,418.713752,Not Affordable
Early Summer,San Francisco,"Washington, DC",1,Delta,459.8730367,401.1740891,Not Affordable
Late Summer,San Francisco,"Washington, DC",1,United,459.8730367,423.2335167,Not Affordable
Late Summer,San Francisco,"Washington, DC",1,United,459.8730367,432.3310743,Not Affordable
Late Summer,San Francisco,Chicago,1,United,355.3685394,389.8807257,Not Affordable
Late Summer,San Francisco,Portland,1,Frontier Airlines,187.1371816,120.5147463,Affordable
Early Summer,San Francisco,Chicago,2,Alaska Airlines,355.3685394,176.8833593,Affordable
Early Summer,San Francisco,New York,1,Delta,517.4829507,460.3048532,Not Affordable
Early Summer,San Francisco,New Orleans,1,United,318.5411406,332.4923672,Not Affordable
Late Summer,San Francisco,New York,1,Frontier Airlines,517.4829507,162.7091866,Not Affordable
Late Summer,San Francisco,New Orleans,1,Delta,318.5411406,259.3738259,Affordable
Late Summer,San Francisco,Seattle,1,Delta,212.8712372,214.4417326,Affordable
Early Summer,San Francisco,Boston,1,JetBlue Airways,425.4126871,312.8928866,Not Affordable
Late Summer,San Francisco,New York,1,Alaska Airlines,517.4829507,239.2668504,Not Affordable
Early Summer,San Francisco,PHL,1,United,384.0539451,420.0036864,Not Affordable
Early Summer,San Francisco,Portland,2,United,187.1371816,106.7641789,Affordable
Late Summer,San Francisco,Boston,4,United,425.4126871,91.66202414,Affordable
Late Summer,San Francisco,Boston,1,JetBlue Airways,425.4126871,379.6846985,Not Affordable
Early Summer,San Francisco,Seattle,1,Delta,212.8712372,230.8142753,Affordable
Late Summer,San Francisco,PHL,1,Alaska Airlines,384.0539451,407.6921045,Affordable
Early Summer,San Francisco,New York,1,Alaska Airlines,517.4829507,406.784845,Not Affordable
Early Summer,San Francisco,Chicago,2,United,355.3685394,203.6728441,Affordable
Late Summer,San Francisco,Boston,1,United,425.4126871,418.713752,Not Affordable
Late Summer,San Francisco,San Diego,1,Frontier Airlines,180.3080597,125.6508587,Affordable
Early Summer,San Francisco,Boston,1,United,425.4126871,436.4720575,Not Affordable
Late Summer,San Francisco,Honolulu,2,Alaska Airlines,389.4728459,145.9504499,Affordable
Early Summer,San Francisco,Seattle,1,Alaska Airlines,212.8712372,257.1828494,Affordable
Early Summer,San Francisco,Seattle,2,Alaska Airlines,212.8712372,124.4277479,Affordable
Late Summer,San Francisco,Boston,2,Alaska Airlines,425.4126871,167.1611791,Affordable
Early Summer,San Francisco,New Orleans,1,United,318.5411406,405.8794838,Not Affordable
Late Summer,San Francisco,Nashville,1,Delta,337.3357337,282.0583399,Affordable
Late Summer,San Francisco,New York,1,Alaska Airlines,517.4829507,412.4171169,Not Affordable
Late Summer,San Francisco,"Washington, DC",2,United,459.8730367,209.4494421,Affordable
Early Summer,San Francisco,PHL,1,Alaska Airlines,384.0539451,367.2422865,Not Affordable
Early Summer,San Francisco,PHL,1,Alaska Airlines,384.0539451,339.1850624,Not Affordable
