Year,Season,Origin City,Destination City,Passengers,Airline,Predicted Price Per Person (USD),Latitude,Longitude
2024,early summer,San Francisco,Seattle,1,Delta,230.8142753,47.6062,-122.3321
2024,early summer,San Francisco,Seattle,2,Delta,101.6438785,47.6062,-122.3321
2024,early summer,San Francisco,Seattle,3,Delta,69.9025837,47.6062,-122.3321
2024,early summer,San Francisco,Seattle,4,Delta,50.26625759,47.6062,-122.3321
2024,early summer,San Francisco,Seattle,1,Delta,234.8311053,47.6062,-122.3321
2024,early summer,San Francisco,Nashville,1,Delta,332.7700573,36.1627,-86.7816
2024,early summer,San Francisco,Nashville,2,Delta,141.0167713,36.1627,-86.7816
2024,early summer,San Francisco,Nashville,3,Delta,98.26152676,36.1627,-86.7816
2024,early summer,San Francisco,Nashville,1,Delta,318.2744627,36.1627,-86.7816
2024,early summer,San Francisco,Boston,1,Delta,512.4606028,42.3601,-71.0589
2024,early summer,San Francisco,Boston,2,Delta,207.5089838,42.3601,-71.0589
2024,early summer,San Francisco,Boston,1,Delta,537.0266647,42.3601,-71.0589
2024,early summer,San Francisco,New York,1,Delta,544.3378931,40.7128,-74.006
2024,early summer,San Francisco,New York,1,Delta,623.585459,40.7128,-74.006
2024,early summer,San Francisco,New York,1,Delta,550.0531091,40.7128,-74.006
2024,early summer,San Francisco,"Washington, DC",1,Delta,434.0973256,38.9072,-77.0369
2024,early summer,San Francisco,"Washington, DC",1,Delta,430.0984949,38.9072,-77.0369
2024,early summer,San Francisco,"Washington, DC",2,Delta,188.4522034,38.9072,-77.0369
2024,early summer,San Francisco,Boston,1,Delta,268.3205407,42.3601,-71.0589
2024,early summer,San Francisco,"Washington, DC",1,Delta,417.2008562,38.9072,-77.0369
2024,early summer,San Francisco,"Washington, DC",2,Delta,175.5545647,38.9072,-77.0369
2024,early summer,San Francisco,New York,1,Delta,596.5905598,40.7128,-74.006
2024,early summer,San Francisco,Boston,1,Delta,491.5836999,42.3601,-71.0589
2024,early summer,San Francisco,New York,1,Delta,504.5519788,40.7128,-74.006
2024,early summer,San Francisco,New York,1,Delta,520.8725136,40.7128,-74.006
2024,early summer,San Francisco,New York,1,Delta,323.772002,40.7128,-74.006
2024,early summer,San Francisco,New York,1,Delta,467.2959079,40.7128,-74.006
2024,early summer,San Francisco,New York,2,Delta,194.3532309,40.7128,-74.006
2024,early summer,San Francisco,Boston,1,Delta,478.9497926,42.3601,-71.0589
2024,early summer,San Francisco,New York,1,Delta,477.3203528,40.7128,-74.006
2024,early summer,San Francisco,New York,1,Delta,435.87468,40.7128,-74.006
2024,early summer,San Francisco,Chicago,1,Delta,416.6952771,41.8781,-87.6298
2024,early summer,San Francisco,New Orleans,1,Delta,314.285093,29.9511,-90.0715
2024,early summer,San Francisco,New Orleans,4,Delta,54.037949,29.9511,-90.0715
2024,early summer,San Francisco,New Orleans,2,Delta,115.5580126,29.9511,-90.0715
2024,early summer,San Francisco,Chicago,1,Delta,397.2524278,41.8781,-87.6298
2024,early summer,San Francisco,Boston,1,Delta,578.1221714,42.3601,-71.0589
2024,early summer,San Francisco,New York,1,Delta,416.0970814,40.7128,-74.006
2024,early summer,San Francisco,New York,1,Delta,561.9197679,40.7128,-74.006
2024,early summer,San Francisco,New York,1,Delta,378.834035,40.7128,-74.006
2024,early summer,San Francisco,Boston,1,Delta,433.0364294,42.3601,-71.0589
2024,early summer,San Francisco,Boston,2,Delta,188.0476812,42.3601,-71.0589
2024,early summer,San Francisco,Boston,3,Delta,109.680756,42.3601,-71.0589
2024,early summer,San Francisco,Boston,4,Delta,83.13254812,42.3601,-71.0589
2024,early summer,San Francisco,Boston,5,Delta,70.18324881,42.3601,-71.0589
2024,early summer,San Francisco,Boston,6,Delta,71.39860739,42.3601,-71.0589
2024,early summer,San Francisco,Boston,7,Delta,74.36541211,42.3601,-71.0589
2024,early summer,San Francisco,"Washington, DC",1,Delta,466.0682205,38.9072,-77.0369
2024,early summer,San Francisco,New York,1,Delta,473.7044767,40.7128,-74.006
2024,early summer,San Francisco,New York,1,Delta,447.7045595,40.7128,-74.006
2024,early summer,San Francisco,New York,1,Delta,465.4640439,40.7128,-74.006
2024,early summer,San Francisco,New York,1,Delta,374.4034656,40.7128,-74.006
2024,early summer,San Francisco,Boston,1,Delta,367.399079,42.3601,-71.0589
2024,early summer,San Francisco,Nashville,1,Delta,340.2851586,36.1627,-86.7816
2024,early summer,San Francisco,Boston,1,Delta,471.3595863,42.3601,-71.0589
2024,early summer,San Francisco,Boston,1,Delta,418.9616596,42.3601,-71.0589
2024,early summer,San Francisco,Boston,1,Delta,279.9087618,42.3601,-71.0589
2024,early summer,San Francisco,New York,1,Delta,313.9657901,40.7128,-74.006
2024,early summer,San Francisco,New York,1,Delta,379.8557267,40.7128,-74.006
2024,early summer,San Francisco,"Washington, DC",1,Delta,401.1740891,38.9072,-77.0369
2024,early summer,San Francisco,New York,1,Delta,417.0807677,40.7128,-74.006
2024,early summer,San Francisco,New York,1,Delta,403.4554309,40.7128,-74.006
2024,early summer,San Francisco,"Washington, DC",2,Delta,193.1537671,38.9072,-77.0369
2024,early summer,San Francisco,New York,1,Delta,364.473566,40.7128,-74.006
2024,early summer,San Francisco,"Washington, DC",1,Delta,381.9780308,38.9072,-77.0369
2024,early summer,San Francisco,New York,1,Delta,375.6186348,40.7128,-74.006
2024,early summer,San Francisco,"Washington, DC",1,Delta,439.0814586,38.9072,-77.0369
2024,early summer,San Francisco,New York,1,Delta,435.9329551,40.7128,-74.006
2024,early summer,San Francisco,New York,1,Delta,370.6666496,40.7128,-74.006
2024,early summer,San Francisco,New York,2,Delta,154.6069221,40.7128,-74.006
2024,early summer,San Francisco,Chicago,1,Delta,352.6334603,41.8781,-87.6298
2024,early summer,San Francisco,New Orleans,1,Delta,409.2141856,29.9511,-90.0715
2024,early summer,San Francisco,Chicago,1,Delta,359.7124286,41.8781,-87.6298
2024,early summer,San Francisco,New York,1,Delta,366.2026542,40.7128,-74.006
2024,early summer,San Francisco,New York,1,Delta,417.9087914,40.7128,-74.006
2024,early summer,San Francisco,Chicago,1,Delta,802.901062,41.8781,-87.6298
2024,early summer,San Francisco,Boston,1,Delta,357.3993544,42.3601,-71.0589
2024,early summer,San Francisco,New York,1,Delta,543.93469,40.7128,-74.006
2024,early summer,San Francisco,New York,1,Delta,462.6160784,40.7128,-74.006
2024,early summer,San Francisco,New York,1,Delta,410.7488361,40.7128,-74.006
2024,early summer,San Francisco,"Washington, DC",1,Delta,268.0843206,38.9072,-77.0369
2024,early summer,San Francisco,New York,1,Delta,460.3048532,40.7128,-74.006
2024,early summer,San Francisco,New York,2,Delta,267.2219505,40.7128,-74.006
2024,early summer,San Francisco,New York,4,Delta,140.9884138,40.7128,-74.006
2024,early summer,San Francisco,New York,3,Delta,168.7049008,40.7128,-74.006
2024,early summer,San Francisco,New York,5,Delta,113.8414082,40.7128,-74.006
2024,early summer,San Francisco,New York,6,Delta,110.1861572,40.7128,-74.006
2024,early summer,San Francisco,New York,7,Delta,117.777012,40.7128,-74.006
2024,early summer,San Francisco,New York,8,Delta,117.777012,40.7128,-74.006
2024,early summer,San Francisco,New York,9,Delta,117.777012,40.7128,-74.006
2024,early summer,San Francisco,New York,20,Delta,114.966574,40.7128,-74.006
2024,early summer,San Francisco,New York,13,Delta,114.966574,40.7128,-74.006
2024,early summer,San Francisco,New York,10,Delta,117.777012,40.7128,-74.006
2024,early summer,San Francisco,New York,25,Delta,114.966574,40.7128,-74.006
2024,early summer,San Francisco,Boston,1,Delta,421.0586829,42.3601,-71.0589
2024,early summer,San Francisco,Boston,1,Delta,402.9649981,42.3601,-71.0589
2024,early summer,San Francisco,Boston,2,Delta,163.2816641,42.3601,-71.0589
2024,early summer,San Francisco,"Washington, DC",1,Delta,527.5765134,38.9072,-77.0369
2024,early summer,San Francisco,"Washington, DC",1,Delta,452.0183671,38.9072,-77.0369
2024,early summer,San Francisco,Chicago,1,Delta,430.5811064,41.8781,-87.6298
2024,early summer,San Francisco,Boston,1,Delta,477.3044527,42.3601,-71.0589
2024,early summer,San Francisco,Boston,1,Delta,442.6286299,42.3601,-71.0589
2024,early summer,San Francisco,Chicago,1,Delta,535.0952886,41.8781,-87.6298
2024,early summer,San Francisco,New Orleans,1,Delta,903.8336971,29.9511,-90.0715
2024,early summer,San Francisco,Chicago,1,Delta,492.4854618,41.8781,-87.6298
2024,early summer,San Francisco,Nashville,1,Delta,305.3114988,36.1627,-86.7816
2024,early summer,San Francisco,Nashville,2,Delta,116.4651833,36.1627,-86.7816
2024,early summer,San Francisco,Nashville,1,Delta,307.9770235,36.1627,-86.7816
2024,early summer,San Francisco,New York,1,Delta,504.1375748,40.7128,-74.006
2024,early summer,San Francisco,Boston,1,Delta,460.2202472,42.3601,-71.0589
2024,early summer,San Francisco,Boston,1,Delta,507.7946917,42.3601,-71.0589
2024,early summer,San Francisco,"Washington, DC",1,Delta,407.3221858,38.9072,-77.0369
2024,early summer,San Francisco,"Washington, DC",1,,421.2138044,38.9072,-77.0369
2024,early summer,San Francisco,Nashville,2,,58.71709734,36.1627,-86.7816
2024,early summer,San Francisco,Nashville,1,,253.7522988,36.1627,-86.7816
2024,early summer,San Francisco,Boston,1,,324.3492858,42.3601,-71.0589
2024,early summer,San Francisco,Boston,2,,95.91798561,42.3601,-71.0589
2024,early summer,San Francisco,Boston,3,,42.67987537,42.3601,-71.0589
2024,early summer,San Francisco,"Washington, DC",1,,432.3889075,38.9072,-77.0369
2024,early summer,San Francisco,Boston,1,,262.4000202,42.3601,-71.0589
2024,early summer,San Francisco,"Washington, DC",1,,354.074936,38.9072,-77.0369
2024,early summer,San Francisco,"Washington, DC",2,,166.3381302,38.9072,-77.0369
2024,early summer,San Francisco,"Washington, DC",3,,89.87818019,38.9072,-77.0369
2024,early summer,San Francisco,Chicago,1,,535.5985234,41.8781,-87.6298
2024,early summer,San Francisco,New York,1,,357.6836387,40.7128,-74.006
2024,early summer,San Francisco,New York,1,,434.7498598,40.7128,-74.006
2024,early summer,San Francisco,"Washington, DC",1,,362.4414297,38.9072,-77.0369
2024,early summer,San Francisco,"Washington, DC",3,,98.24467389,38.9072,-77.0369
2024,early summer,San Francisco,"Washington, DC",2,,174.7046239,38.9072,-77.0369
2024,early summer,San Francisco,New York,2,,79.83461809,40.7128,-74.006
2024,early summer,San Francisco,New York,1,,291.2209243,40.7128,-74.006
2024,early summer,San Francisco,New York,1,,415.0779571,40.7128,-74.006
2024,early summer,San Francisco,New York,1,,281.492576,40.7128,-74.006
2024,early summer,San Francisco,New York,3,,49.86109572,40.7128,-74.006
2024,early summer,San Francisco,New York,2,,88.40298301,40.7128,-74.006
2024,early summer,San Francisco,Chicago,1,,440.6827785,41.8781,-87.6298
2024,early summer,San Francisco,Boston,1,,408.3432444,42.3601,-71.0589
2024,early summer,San Francisco,New York,3,,85.56946031,40.7128,-74.006
2024,early summer,San Francisco,Boston,1,,645.9368674,42.3601,-71.0589
2024,early summer,San Francisco,Chicago,1,,653.794233,41.8781,-87.6298
2024,early summer,San Francisco,Boston,1,,557.731271,42.3601,-71.0589
2024,early summer,San Francisco,Nashville,1,,312.1458458,36.1627,-86.7816
2024,early summer,San Francisco,Nashville,2,,135.7319227,36.1627,-86.7816
2024,early summer,San Francisco,Boston,1,,372.9371246,42.3601,-71.0589
2024,early summer,San Francisco,New Orleans,1,,337.6192231,29.9511,-90.0715
2024,early summer,San Francisco,"Washington, DC",1,,368.9484762,38.9072,-77.0369
2024,early summer,San Francisco,"Washington, DC",4,,78.74613295,38.9072,-77.0369
2024,early summer,San Francisco,"Washington, DC",2,,181.2116704,38.9072,-77.0369
2024,early summer,San Francisco,"Washington, DC",5,,67.51500514,38.9072,-77.0369
2024,early summer,San Francisco,"Washington, DC",3,,96.82790256,38.9072,-77.0369
2024,early summer,San Francisco,"Washington, DC",1,,364.2423588,38.9072,-77.0369
2024,early summer,San Francisco,New York,1,,327.2016959,40.7128,-74.006
2024,early summer,San Francisco,New York,1,,329.8005756,40.7128,-74.006
2024,early summer,San Francisco,New York,2,,110.359154,40.7128,-74.006
2024,early summer,San Francisco,Chicago,1,,347.3028499,41.8781,-87.6298
2024,early summer,San Francisco,New Orleans,1,,290.1105271,29.9511,-90.0715
2024,early summer,San Francisco,New Orleans,2,,137.4900788,29.9511,-90.0715
2024,early summer,San Francisco,New Orleans,4,,77.36549981,29.9511,-90.0715
2024,early summer,San Francisco,New Orleans,3,,97.94656299,29.9511,-90.0715
2024,early summer,San Francisco,Chicago,1,,354.8593777,41.8781,-87.6298
2024,early summer,San Francisco,Chicago,1,,272.5917565,41.8781,-87.6298
2024,early summer,San Francisco,New York,1,,462.1083181,40.7128,-74.006
2024,early summer,San Francisco,New York,1,,356.1965925,40.7128,-74.006
2024,early summer,San Francisco,"Washington, DC",1,,458.7207818,38.9072,-77.0369
2024,early summer,San Francisco,Chicago,1,,670.9002541,41.8781,-87.6298
2024,early summer,San Francisco,New York,1,,432.2613235,40.7128,-74.006
2024,early summer,San Francisco,New York,3,,180.0404832,40.7128,-74.006
2024,early summer,San Francisco,New York,2,,269.2129159,40.7128,-74.006
2024,early summer,San Francisco,New York,4,,155.7884151,40.7128,-74.006
2024,early summer,San Francisco,New York,5,,131.3990901,40.7128,-74.006
2024,early summer,San Francisco,New York,6,,129.3694744,40.7128,-74.006
2024,early summer,San Francisco,New York,7,,135.4307105,40.7128,-74.006
2024,early summer,San Francisco,New York,17,,126.9476826,40.7128,-74.006
2024,early summer,San Francisco,New York,10,,137.7317403,40.7128,-74.006
2024,early summer,San Francisco,New York,12,,134.9213023,40.7128,-74.006
2024,early summer,San Francisco,New York,8,,137.7317403,40.7128,-74.006
2024,early summer,San Francisco,New York,23,,126.9476826,40.7128,-74.006
2024,early summer,San Francisco,New York,13,,134.9213023,40.7128,-74.006
2024,early summer,San Francisco,Boston,1,,296.4617957,42.3601,-71.0589
2024,early summer,San Francisco,Boston,1,,377.8853423,42.3601,-71.0589
2024,early summer,San Francisco,"Washington, DC",1,,416.3945209,38.9072,-77.0369
2024,early summer,San Francisco,"Washington, DC",2,,191.273202,38.9072,-77.0369
2024,early summer,San Francisco,"Washington, DC",1,,425.4718994,38.9072,-77.0369
2024,early summer,San Francisco,Boston,1,,342.7355784,42.3601,-71.0589
2024,early summer,San Francisco,New York,9,,137.7317403,40.7128,-74.006
2024,early summer,San Francisco,Nashville,1,,301.7802494,36.1627,-86.7816
2024,early summer,San Francisco,Nashville,2,,125.3663263,36.1627,-86.7816
2024,early summer,San Francisco,Boston,1,,366.3920276,42.3601,-71.0589
2024,early summer,San Francisco,"Washington, DC",1,,362.0630458,38.9072,-77.0369
2024,early summer,San Francisco,Chicago,1,,368.0798079,41.8781,-87.6298
2024,early summer,San Francisco,Honolulu,1,,317.5693429,21.3069,-157.8583
2024,early summer,San Francisco,New York,1,,318.4924928,40.7128,-74.006
2024,early summer,San Francisco,New York,2,,98.45739085,40.7128,-74.006
2024,early summer,San Francisco,"Washington, DC",1,,411.8159273,38.9072,-77.0369
2024,early summer,San Francisco,Chicago,1,,307.813132,41.8781,-87.6298
2024,early summer,San Francisco,Chicago,2,,125.5569755,41.8781,-87.6298
2024,early summer,San Francisco,Nashville,1,,321.2821189,36.1627,-86.7816
2024,early summer,San Francisco,Boston,1,,350.6731366,42.3601,-71.0589
2024,early summer,San Francisco,"Washington, DC",1,,327.107745,38.9072,-77.0369
2024,early summer,San Francisco,"Washington, DC",1,,528.0252741,38.9072,-77.0369
2024,early summer,San Francisco,New York,1,,339.9573766,40.7128,-74.006
2024,early summer,San Francisco,New York,2,,130.7197349,40.7128,-74.006
2024,early summer,San Francisco,New York,1,,386.0020373,40.7128,-74.006
2024,early summer,San Francisco,Chicago,1,,372.050438,41.8781,-87.6298
2024,early summer,San Francisco,Chicago,2,,176.8833593,41.8781,-87.6298
2024,early summer,San Francisco,Chicago,3,,108.7180431,41.8781,-87.6298
2024,early summer,San Francisco,Chicago,4,,86.3055553,41.8781,-87.6298
2024,early summer,San Francisco,Chicago,6,,76.66296894,41.8781,-87.6298
2024,early summer,San Francisco,Chicago,5,,76.28824132,41.8781,-87.6298
2024,early summer,San Francisco,Nashville,1,,306.8989852,36.1627,-86.7816
2024,early summer,San Francisco,Boston,1,,356.8078558,42.3601,-71.0589
2024,early summer,San Francisco,New York,1,,293.9326738,40.7128,-74.006
2024,early summer,San Francisco,New York,1,,321.2993321,40.7128,-74.006
2024,early summer,San Francisco,New York,1,,366.7144775,40.7128,-74.006
2024,early summer,San Francisco,New York,1,,600.0205636,40.7128,-74.006
2024,early summer,San Francisco,"Washington, DC",1,,389.4005581,38.9072,-77.0369
2024,early summer,San Francisco,"Washington, DC",2,,199.1370396,38.9072,-77.0369
2024,early summer,San Francisco,"Washington, DC",3,,114.0238096,38.9072,-77.0369
2024,early summer,San Francisco,"Washington, DC",5,,73.32026524,38.9072,-77.0369
2024,early summer,San Francisco,"Washington, DC",4,,85.25147969,38.9072,-77.0369
2024,early summer,San Francisco,New York,2,,159.1545931,40.7128,-74.006
2024,early summer,San Francisco,Boston,1,,255.8828327,42.3601,-71.0589
2024,early summer,San Francisco,New York,1,,312.809547,40.7128,-74.006
2024,early summer,San Francisco,New York,1,,354.8520423,40.7128,-74.006
2024,early summer,San Francisco,New York,3,,82.69219425,40.7128,-74.006
2024,early summer,San Francisco,New York,2,,154.3291153,40.7128,-74.006
2024,early summer,San Francisco,New York,1,,363.5509049,40.7128,-74.006
2024,early summer,San Francisco,Boston,1,,352.4628457,42.3601,-71.0589
2024,early summer,San Francisco,Nashville,1,,577.196932,36.1627,-86.7816
2024,early summer,San Francisco,Boston,1,,347.5553667,42.3601,-71.0589
2024,early summer,San Francisco,Boston,2,,131.668838,42.3601,-71.0589
2024,early summer,San Francisco,Boston,3,,77.35354613,42.3601,-71.0589
2024,early summer,San Francisco,Boston,1,,384.1820166,42.3601,-71.0589
2024,early summer,San Francisco,"Washington, DC",1,,360.9953542,38.9072,-77.0369
2024,early summer,San Francisco,New York,1,,378.0828251,40.7128,-74.006
2024,early summer,San Francisco,New York,1,,295.2992821,40.7128,-74.006
2024,early summer,San Francisco,New York,3,,71.92152002,40.7128,-74.006
2024,early summer,San Francisco,Chicago,1,,733.4928632,41.8781,-87.6298
2024,early summer,San Francisco,Nashville,1,,294.066718,36.1627,-86.7816
2024,early summer,San Francisco,Boston,1,,340.7634047,42.3601,-71.0589
2024,early summer,San Francisco,Boston,2,,127.5957432,42.3601,-71.0589
2024,early summer,San Francisco,New York,1,,291.6794746,40.7128,-74.006
2024,early summer,San Francisco,New York,1,,312.4227758,40.7128,-74.006
2024,early summer,San Francisco,"Washington, DC",1,,358.4692373,38.9072,-77.0369
2024,early summer,San Francisco,Chicago,1,,335.8801644,41.8781,-87.6298
2024,early summer,San Francisco,New York,1,,365.6102627,40.7128,-74.006
2024,early summer,San Francisco,New York,1,,327.2307231,40.7128,-74.006
2024,early summer,San Francisco,Boston,1,,493.9917087,42.3601,-71.0589
2024,early summer,San Francisco,Boston,1,,256.8920146,42.3601,-71.0589
2024,early summer,San Francisco,New Orleans,1,,262.239702,29.9511,-90.0715
2024,early summer,San Francisco,New Orleans,3,,114.274087,29.9511,-90.0715
2024,early summer,San Francisco,Chicago,2,,147.5896004,41.8781,-87.6298
2024,early summer,San Francisco,Chicago,1,,329.8457569,41.8781,-87.6298
2024,early summer,San Francisco,Boston,1,,339.4562702,42.3601,-71.0589
2024,early summer,San Francisco,Boston,1,,293.9002475,42.3601,-71.0589
2024,early summer,San Francisco,New York,1,,284.0751068,40.7128,-74.006
2024,early summer,San Francisco,"Washington, DC",1,,414.5823283,38.9072,-77.0369
2024,early summer,San Francisco,San Diego,1,,257.9364678,32.7157,-117.1611
2024,early summer,San Francisco,Chicago,1,,583.1904025,41.8781,-87.6298
2024,early summer,San Francisco,New York,1,,386.6332114,40.7128,-74.006
2024,early summer,San Francisco,New York,1,,314.1392828,40.7128,-74.006
2024,early summer,San Francisco,Chicago,1,,349.2696363,41.8781,-87.6298
2024,early summer,San Francisco,Seattle,1,Alaska Airlines,257.1828494,47.6062,-122.3321
2024,early summer,San Francisco,Boston,1,Alaska Airlines,352.4295884,42.3601,-71.0589
2024,early summer,San Francisco,New York,1,Alaska Airlines,406.784845,40.7128,-74.006
2024,early summer,San Francisco,Nashville,1,Alaska Airlines,347.8565233,36.1627,-86.7816
2024,early summer,San Francisco,Nashville,1,Alaska Airlines,412.3511887,36.1627,-86.7816
2024,early summer,San Francisco,Boston,1,Alaska Airlines,436.3496604,42.3601,-71.0589
2024,early summer,San Francisco,Boston,2,Alaska Airlines,160.2059833,42.3601,-71.0589
2024,early summer,San Francisco,Boston,3,Alaska Airlines,100.7510159,42.3601,-71.0589
2024,early summer,San Francisco,Boston,5,Alaska Airlines,68.22294967,42.3601,-71.0589
2024,early summer,San Francisco,Boston,4,Alaska Airlines,75.15326842,42.3601,-71.0589
2024,early summer,San Francisco,Boston,1,Alaska Airlines,301.2489549,42.3601,-71.0589
2024,early summer,San Francisco,Boston,1,Alaska Airlines,349.8367938,42.3601,-71.0589
2024,early summer,San Francisco,Boston,1,Alaska Airlines,326.5709705,42.3601,-71.0589
2024,early summer,San Francisco,Boston,1,Alaska Airlines,338.0867654,42.3601,-71.0589
2024,early summer,San Francisco,Boston,1,Alaska Airlines,394.9879835,42.3601,-71.0589
2024,early summer,San Francisco,Boston,1,Alaska Airlines,357.9697213,42.3601,-71.0589
2024,early summer,San Francisco,Boston,1,Alaska Airlines,364.323526,42.3601,-71.0589
2024,early summer,San Francisco,Boston,1,Alaska Airlines,368.2936681,42.3601,-71.0589
2024,early summer,San Francisco,Boston,1,Alaska Airlines,311.9416304,42.3601,-71.0589
2024,early summer,San Francisco,Boston,1,Alaska Airlines,371.5347414,42.3601,-71.0589
2024,early summer,San Francisco,Boston,1,Alaska Airlines,333.6364763,42.3601,-71.0589
2024,early summer,San Francisco,"Washington, DC",1,Alaska Airlines,426.4986197,38.9072,-77.0369
2024,early summer,San Francisco,"Washington, DC",2,Alaska Airlines,218.1978947,38.9072,-77.0369
2024,early summer,San Francisco,"Washington, DC",1,Alaska Airlines,438.1808266,38.9072,-77.0369
2024,early summer,San Francisco,"Washington, DC",1,Alaska Airlines,356.6224764,38.9072,-77.0369
2024,early summer,San Francisco,"Washington, DC",1,Alaska Airlines,353.028668,38.9072,-77.0369
2024,early summer,San Francisco,"Washington, DC",1,Alaska Airlines,335.8973008,38.9072,-77.0369
2024,early summer,San Francisco,"Washington, DC",4,Alaska Airlines,113.4060651,38.9072,-77.0369
2024,early summer,San Francisco,"Washington, DC",3,Alaska Airlines,143.0512394,38.9072,-77.0369
2024,early summer,San Francisco,"Washington, DC",5,Alaska Airlines,102.9280014,38.9072,-77.0369
2024,early summer,San Francisco,"Washington, DC",1,Alaska Airlines,363.5079069,38.9072,-77.0369
2024,early summer,San Francisco,"Washington, DC",2,Alaska Airlines,203.1307172,38.9072,-77.0369
2024,early summer,San Francisco,"Washington, DC",3,Alaska Airlines,130.4169438,38.9072,-77.0369
2024,early summer,San Francisco,"Washington, DC",1,Alaska Airlines,229.4153818,38.9072,-77.0369
2024,early summer,San Francisco,"Washington, DC",1,Alaska Airlines,315.5688306,38.9072,-77.0369
2024,early summer,San Francisco,New York,1,Alaska Airlines,263.5359053,40.7128,-74.006
2024,early summer,San Francisco,New York,2,Alaska Airlines,215.1748703,40.7128,-74.006
2024,early summer,San Francisco,New York,3,Alaska Airlines,133.5923066,40.7128,-74.006
2024,early summer,San Francisco,Chicago,1,Alaska Airlines,326.1214594,41.8781,-87.6298
2024,early summer,San Francisco,New York,1,Alaska Airlines,333.7096068,40.7128,-74.006
2024,early summer,San Francisco,New York,1,Alaska Airlines,339.0689778,40.7128,-74.006
2024,early summer,San Francisco,Honolulu,1,Alaska Airlines,316.4060952,21.3069,-157.8583
2024,early summer,San Francisco,Honolulu,1,Alaska Airlines,372.9980311,21.3069,-157.8583
2024,early summer,San Francisco,Honolulu,3,Alaska Airlines,94.46663751,21.3069,-157.8583
2024,early summer,San Francisco,Honolulu,2,Alaska Airlines,144.7316176,21.3069,-157.8583
2024,early summer,San Francisco,"Washington, DC",1,Alaska Airlines,366.7855169,38.9072,-77.0369
2024,early summer,San Francisco,"Washington, DC",1,Alaska Airlines,362.7292251,38.9072,-77.0369
2024,early summer,San Francisco,"Washington, DC",1,Alaska Airlines,372.0273726,38.9072,-77.0369
2024,early summer,San Francisco,"Washington, DC",1,Alaska Airlines,340.5827774,38.9072,-77.0369
2024,early summer,San Francisco,"Washington, DC",1,Alaska Airlines,418.6835842,38.9072,-77.0369
2024,early summer,San Francisco,"Washington, DC",1,Alaska Airlines,358.8017894,38.9072,-77.0369
2024,early summer,San Francisco,"Washington, DC",4,Alaska Airlines,100.7717696,38.9072,-77.0369
2024,early summer,San Francisco,"Washington, DC",1,Alaska Airlines,305.197064,38.9072,-77.0369
2024,early summer,San Francisco,"Washington, DC",1,Alaska Airlines,293.2198965,38.9072,-77.0369
2024,early summer,San Francisco,"Washington, DC",1,Alaska Airlines,405.56969,38.9072,-77.0369
2024,early summer,San Francisco,"Washington, DC",2,Alaska Airlines,174.044869,38.9072,-77.0369
2024,early summer,San Francisco,"Washington, DC",1,Alaska Airlines,269.2656769,38.9072,-77.0369
2024,early summer,San Francisco,"Washington, DC",1,Alaska Airlines,312.1378958,38.9072,-77.0369
2024,early summer,San Francisco,"Washington, DC",1,Alaska Airlines,496.9047141,38.9072,-77.0369
2024,early summer,San Francisco,New York,1,Alaska Airlines,348.4725048,40.7128,-74.006
2024,early summer,San Francisco,New York,4,Alaska Airlines,109.3908577,40.7128,-74.006
2024,early summer,San Francisco,New York,5,Alaska Airlines,88.26283261,40.7128,-74.006
2024,early summer,San Francisco,New York,1,Alaska Airlines,358.7679808,40.7128,-74.006
2024,early summer,San Francisco,New York,1,Alaska Airlines,330.0389467,40.7128,-74.006
2024,early summer,San Francisco,San Diego,1,Alaska Airlines,207.3832392,32.7157,-117.1611
2024,early summer,San Francisco,Chicago,2,Alaska Airlines,129.8616727,41.8781,-87.6298
2024,early summer,San Francisco,Chicago,3,Alaska Airlines,88.63253163,41.8781,-87.6298
2024,early summer,San Francisco,Chicago,1,Alaska Airlines,301.1862987,41.8781,-87.6298
2024,early summer,San Francisco,Chicago,1,Alaska Airlines,270.5547164,41.8781,-87.6298
2024,early summer,San Francisco,Chicago,1,Alaska Airlines,339.0524956,41.8781,-87.6298
2024,early summer,San Francisco,Seattle,1,Alaska Airlines,286.9644662,47.6062,-122.3321
2024,early summer,San Francisco,"Washington, DC",1,United,478.921516,38.9072,-77.0369
2024,early summer,San Francisco,"Washington, DC",1,United,340.8116119,38.9072,-77.0369
2024,early summer,San Francisco,"Washington, DC",1,United,469.0719449,38.9072,-77.0369
2024,early summer,San Francisco,"Washington, DC",1,United,513.3390849,38.9072,-77.0369
2024,early summer,San Francisco,"Washington, DC",1,United,464.731885,38.9072,-77.0369
2024,early summer,San Francisco,"Washington, DC",1,United,502.011683,38.9072,-77.0369
2024,early summer,San Francisco,"Washington, DC",1,United,397.8266729,38.9072,-77.0369
2024,early summer,San Francisco,"Washington, DC",1,United,317.3930737,38.9072,-77.0369
2024,early summer,San Francisco,"Washington, DC",1,United,497.7066272,38.9072,-77.0369
2024,early summer,San Francisco,"Washington, DC",1,United,331.1830519,38.9072,-77.0369
2024,early summer,San Francisco,"Washington, DC",1,United,495.3943872,38.9072,-77.0369
2024,early summer,San Francisco,"Washington, DC",1,United,290.1240412,38.9072,-77.0369
2024,early summer,San Francisco,"Washington, DC",1,United,407.8298951,38.9072,-77.0369
2024,early summer,San Francisco,Nashville,1,United,400.5288748,36.1627,-86.7816
2024,early summer,San Francisco,"Washington, DC",1,United,362.5165189,38.9072,-77.0369
2024,early summer,San Francisco,"Washington, DC",1,United,345.9453172,38.9072,-77.0369
2024,early summer,San Francisco,Boston,1,United,436.4720575,42.3601,-71.0589
2024,early summer,San Francisco,"Washington, DC",1,United,378.2587841,38.9072,-77.0369
2024,early summer,San Francisco,"Washington, DC",1,United,378.9366738,38.9072,-77.0369
2024,early summer,San Francisco,"Washington, DC",1,United,464.555955,38.9072,-77.0369
2024,early summer,San Francisco,"Washington, DC",4,United,107.0897204,38.9072,-77.0369
2024,early summer,San Francisco,"Washington, DC",2,United,224.668323,38.9072,-77.0369
2024,early summer,San Francisco,Chicago,1,United,413.0169802,41.8781,-87.6298
2024,early summer,San Francisco,"Washington, DC",1,United,289.1414689,38.9072,-77.0369
2024,early summer,San Francisco,"Washington, DC",1,United,185.8754252,38.9072,-77.0369
2024,early summer,San Francisco,"Washington, DC",1,United,452.0683463,38.9072,-77.0369
2024,early summer,San Francisco,"Washington, DC",1,United,359.6411715,38.9072,-77.0369
2024,early summer,San Francisco,"Washington, DC",1,United,421.5847383,38.9072,-77.0369
2024,early summer,San Francisco,"Washington, DC",1,United,490.2922198,38.9072,-77.0369
2024,early summer,San Francisco,"Washington, DC",1,United,200.4958015,38.9072,-77.0369
2024,early summer,San Francisco,"Washington, DC",2,United,227.2399677,38.9072,-77.0369
2024,early summer,San Francisco,"Washington, DC",3,United,136.7886002,38.9072,-77.0369
2024,early summer,San Francisco,"Washington, DC",4,United,106.4718344,38.9072,-77.0369
2024,early summer,San Francisco,"Washington, DC",5,United,94.54061995,38.9072,-77.0369
2024,early summer,San Francisco,"Washington, DC",6,United,92.51100417,38.9072,-77.0369
2024,early summer,San Francisco,"Washington, DC",7,United,96.77417599,38.9072,-77.0369
2024,early summer,San Francisco,"Washington, DC",1,United,284.2990046,38.9072,-77.0369
2024,early summer,San Francisco,"Washington, DC",1,United,341.9644895,38.9072,-77.0369
2024,early summer,San Francisco,"Washington, DC",1,United,457.895377,38.9072,-77.0369
2024,early summer,San Francisco,"Washington, DC",1,United,469.7096473,38.9072,-77.0369
2024,early summer,San Francisco,"Washington, DC",1,United,404.024046,38.9072,-77.0369
2024,early summer,San Francisco,"Washington, DC",1,United,427.2105979,38.9072,-77.0369
2024,early summer,San Francisco,Chicago,1,United,459.0114787,41.8781,-87.6298
2024,early summer,San Francisco,"Washington, DC",1,United,413.4629421,38.9072,-77.0369
2024,early summer,San Francisco,"Washington, DC",1,United,438.0642416,38.9072,-77.0369
2024,early summer,San Francisco,"Washington, DC",1,United,403.1302728,38.9072,-77.0369
2024,early summer,San Francisco,"Washington, DC",1,United,343.204271,38.9072,-77.0369
2024,early summer,San Francisco,"Washington, DC",1,United,352.2961057,38.9072,-77.0369
2024,early summer,San Francisco,"Washington, DC",1,United,426.0323707,38.9072,-77.0369
2024,early summer,San Francisco,"Washington, DC",1,United,463.9892211,38.9072,-77.0369
2024,early summer,San Francisco,"Washington, DC",1,United,332.6817921,38.9072,-77.0369
2024,early summer,San Francisco,"Washington, DC",1,United,450.9719561,38.9072,-77.0369
2024,early summer,San Francisco,"Washington, DC",1,United,497.2690197,38.9072,-77.0369
2024,early summer,San Francisco,"Washington, DC",1,United,426.4772506,38.9072,-77.0369
2024,early summer,San Francisco,"Washington, DC",1,United,416.0368012,38.9072,-77.0369
2024,early summer,San Francisco,"Washington, DC",1,United,480.6639165,38.9072,-77.0369
2024,early summer,San Francisco,"Washington, DC",1,United,361.8917001,38.9072,-77.0369
2024,early summer,San Francisco,"Washington, DC",1,United,406.3218985,38.9072,-77.0369
2024,early summer,San Francisco,"Washington, DC",1,United,339.6741034,38.9072,-77.0369
2024,early summer,San Francisco,"Washington, DC",2,United,144.1043523,38.9072,-77.0369
2024,early summer,San Francisco,"Washington, DC",1,United,423.2803954,38.9072,-77.0369
2024,early summer,San Francisco,"Washington, DC",1,United,361.680018,38.9072,-77.0369
2024,early summer,San Francisco,"Washington, DC",1,United,402.8329531,38.9072,-77.0369
2024,early summer,San Francisco,"Washington, DC",1,United,411.5909092,38.9072,-77.0369
2024,early summer,San Francisco,"Washington, DC",1,United,408.6060745,38.9072,-77.0369
2024,early summer,San Francisco,"Washington, DC",1,United,493.1595327,38.9072,-77.0369
2024,early summer,San Francisco,"Washington, DC",1,United,372.8105312,38.9072,-77.0369
2024,early summer,San Francisco,"Washington, DC",1,United,429.9212321,38.9072,-77.0369
2024,early summer,San Francisco,"Washington, DC",1,United,364.6424433,38.9072,-77.0369
2024,early summer,San Francisco,"Washington, DC",1,United,398.0166283,38.9072,-77.0369
2024,early summer,San Francisco,"Washington, DC",1,United,386.3805213,38.9072,-77.0369
2024,early summer,San Francisco,"Washington, DC",1,United,412.5662192,38.9072,-77.0369
2024,early summer,San Francisco,"Washington, DC",1,United,415.2490226,38.9072,-77.0369
2024,early summer,San Francisco,"Washington, DC",1,United,399.2686561,38.9072,-77.0369
2024,early summer,San Francisco,Seattle,1,Alaska Airlines,266.4261763,47.6062,-122.3321
2024,early summer,San Francisco,Seattle,1,Alaska Airlines,261.4847367,47.6062,-122.3321
2024,early summer,San Francisco,Seattle,1,Alaska Airlines,200.1716403,47.6062,-122.3321
2024,early summer,San Francisco,Seattle,1,Alaska Airlines,192.3743733,47.6062,-122.3321
2024,early summer,San Francisco,Seattle,1,Alaska Airlines,247.836864,47.6062,-122.3321
2024,early summer,San Francisco,Seattle,1,Alaska Airlines,197.0361248,47.6062,-122.3321
2024,early summer,San Francisco,Seattle,2,Alaska Airlines,124.4277479,47.6062,-122.3321
2024,early summer,San Francisco,Seattle,3,Alaska Airlines,94.65064701,47.6062,-122.3321
2024,early summer,San Francisco,Seattle,4,Alaska Airlines,77.84600724,47.6062,-122.3321
2024,early summer,San Francisco,Seattle,5,Alaska Airlines,73.04223488,47.6062,-122.3321
2024,early summer,San Francisco,Honolulu,1,Alaska Airlines,235.7381234,21.3069,-157.8583
2024,early summer,San Francisco,New York,1,Alaska Airlines,723.7498917,40.7128,-74.006
2024,early summer,San Francisco,Nashville,1,Alaska Airlines,373.2722325,36.1627,-86.7816
2024,early summer,San Francisco,Boston,1,Alaska Airlines,350.2069936,42.3601,-71.0589
2024,early summer,San Francisco,New York,1,Alaska Airlines,337.5021744,40.7128,-74.006
2024,early summer,San Francisco,Chicago,1,Alaska Airlines,382.8644329,41.8781,-87.6298
2024,early summer,San Francisco,Boston,6,Alaska Airlines,70.68921582,42.3601,-71.0589
2024,early summer,San Francisco,Boston,9,Alaska Airlines,75.95705039,42.3601,-71.0589
2024,early summer,San Francisco,"Washington, DC",6,Alaska Airlines,102.9280014,38.9072,-77.0369
2024,early summer,San Francisco,"Washington, DC",8,Alaska Airlines,109.4922031,38.9072,-77.0369
2024,early summer,San Francisco,Boston,1,Alaska Airlines,353.9597137,42.3601,-71.0589
2024,early summer,San Francisco,New York,1,Alaska Airlines,371.7922112,40.7128,-74.006
2024,early summer,San Francisco,Boston,1,Alaska Airlines,354.4521849,42.3601,-71.0589
2024,early summer,San Francisco,Boston,2,Alaska Airlines,146.3077946,42.3601,-71.0589
2024,early summer,San Francisco,New York,1,Alaska Airlines,372.596451,40.7128,-74.006
2024,early summer,San Francisco,New York,2,Alaska Airlines,160.5195828,40.7128,-74.006
2024,early summer,San Francisco,New York,3,Alaska Airlines,95.11502072,40.7128,-74.006
2024,early summer,San Francisco,Honolulu,5,Alaska Airlines,65.05608944,21.3069,-157.8583
2024,early summer,San Francisco,Honolulu,4,Alaska Airlines,72.69539515,21.3069,-157.8583
2024,early summer,San Francisco,Honolulu,6,Alaska Airlines,65.05608944,21.3069,-157.8583
2024,early summer,San Francisco,"Washington, DC",6,Alaska Airlines,90.29370587,38.9072,-77.0369
2024,early summer,San Francisco,"Washington, DC",5,Alaska Airlines,90.29370587,38.9072,-77.0369
2024,early summer,San Francisco,Boston,1,Alaska Airlines,337.7848839,42.3601,-71.0589
2024,early summer,San Francisco,Boston,2,Alaska Airlines,114.9910106,42.3601,-71.0589
2024,early summer,San Francisco,Boston,5,Alaska Airlines,19.35282804,42.3601,-71.0589
2024,early summer,San Francisco,New York,1,Alaska Airlines,361.5179463,40.7128,-74.006
2024,early summer,San Francisco,New York,2,Alaska Airlines,135.5616921,40.7128,-74.006
2024,early summer,San Francisco,New York,3,Alaska Airlines,73.78144584,40.7128,-74.006
2024,early summer,San Francisco,New York,4,Alaska Airlines,49.04260046,40.7128,-74.006
2024,early summer,San Francisco,New York,7,Alaska Airlines,94.32406872,40.7128,-74.006
2024,early summer,San Francisco,New York,6,Alaska Airlines,88.26283261,40.7128,-74.006
2024,early summer,San Francisco,New York,11,Alaska Airlines,96.62509856,40.7128,-74.006
2024,early summer,San Francisco,New York,8,Alaska Airlines,96.62509856,40.7128,-74.006
2024,early summer,San Francisco,New York,13,Alaska Airlines,93.81466058,40.7128,-74.006
2024,early summer,San Francisco,Boston,1,Alaska Airlines,352.7040264,42.3601,-71.0589
2024,early summer,San Francisco,Boston,2,Alaska Airlines,136.8566337,42.3601,-71.0589
2024,early summer,San Francisco,Boston,3,Alaska Airlines,73.1620942,42.3601,-71.0589
2024,early summer,San Francisco,"Washington, DC",1,Alaska Airlines,412.5602469,38.9072,-77.0369
2024,early summer,San Francisco,New York,12,Alaska Airlines,93.81466058,40.7128,-74.006
2024,early summer,San Francisco,Honolulu,1,Alaska Airlines,362.3838203,21.3069,-157.8583
2024,early summer,San Francisco,Seattle,1,Alaska Airlines,218.4413175,47.6062,-122.3321
2024,early summer,San Francisco,Honolulu,1,Alaska Airlines,537.4992331,21.3069,-157.8583
2024,early summer,San Francisco,Boston,1,Alaska Airlines,632.3211528,42.3601,-71.0589
2024,early summer,San Francisco,San Diego,1,Alaska Airlines,193.7564837,32.7157,-117.1611
2024,early summer,San Francisco,Honolulu,1,Alaska Airlines,227.2564736,21.3069,-157.8583
2024,early summer,San Francisco,Chicago,4,Alaska Airlines,67.65404802,41.8781,-87.6298
2024,early summer,San Francisco,Chicago,5,Alaska Airlines,60.80134392,41.8781,-87.6298
2024,early summer,San Francisco,Chicago,7,Alaska Airlines,65.06451574,41.8781,-87.6298
2024,early summer,San Francisco,Chicago,6,Alaska Airlines,60.80134392,41.8781,-87.6298
2024,early summer,San Francisco,"Washington, DC",1,Alaska Airlines,410.6545228,38.9072,-77.0369
2024,early summer,San Francisco,"Washington, DC",1,Alaska Airlines,263.3783725,38.9072,-77.0369
2024,early summer,San Francisco,New York,1,Alaska Airlines,294.890963,40.7128,-74.006
2024,early summer,San Francisco,New York,1,Alaska Airlines,354.4879117,40.7128,-74.006
2024,early summer,San Francisco,Seattle,1,Alaska Airlines,193.3033629,47.6062,-122.3321
2024,early summer,San Francisco,San Diego,2,Alaska Airlines,98.05532505,32.7157,-117.1611
2024,early summer,San Francisco,San Diego,3,Alaska Airlines,81.41795754,32.7157,-117.1611
2024,early summer,San Francisco,San Diego,4,Alaska Airlines,64.61331776,32.7157,-117.1611
2024,early summer,San Francisco,"Washington, DC",1,Alaska Airlines,368.6379027,38.9072,-77.0369
2024,early summer,San Francisco,Seattle,1,Alaska Airlines,252.1414419,47.6062,-122.3321
2024,early summer,San Francisco,Seattle,6,Alaska Airlines,73.04223488,47.6062,-122.3321
2024,early summer,San Francisco,Nashville,2,Alaska Airlines,205.6628005,36.1627,-86.7816
2024,early summer,San Francisco,New York,1,Alaska Airlines,359.4886649,40.7128,-74.006
2024,early summer,San Francisco,New York,2,Alaska Airlines,96.87309986,40.7128,-74.006
2024,early summer,San Francisco,New Orleans,1,Alaska Airlines,305.2373069,29.9511,-90.0715
2024,early summer,San Francisco,Boston,1,JetBlue Airways,392.7225229,42.3601,-71.0589
2024,early summer,San Francisco,Boston,2,JetBlue Airways,214.582518,42.3601,-71.0589
2024,early summer,San Francisco,Boston,1,JetBlue Airways,312.8928866,42.3601,-71.0589
2024,early summer,San Francisco,Boston,1,JetBlue Airways,199.0197021,42.3601,-71.0589
2024,early summer,San Francisco,Boston,3,JetBlue Airways,145.2646231,42.3601,-71.0589
2024,early summer,San Francisco,Boston,4,JetBlue Airways,128.7473214,42.3601,-71.0589
2024,early summer,San Francisco,Boston,5,JetBlue Airways,114.6705536,42.3601,-71.0589
2024,early summer,San Francisco,"Washington, DC",1,JetBlue Airways,291.7036204,38.9072,-77.0369
2024,early summer,San Francisco,New York,1,JetBlue Airways,410.2589877,40.7128,-74.006
2024,early summer,San Francisco,Boston,1,JetBlue Airways,217.1411455,42.3601,-71.0589
2024,early summer,San Francisco,Boston,2,JetBlue Airways,101.5371523,42.3601,-71.0589
2024,early summer,San Francisco,New York,1,JetBlue Airways,264.3385439,40.7128,-74.006
2024,early summer,San Francisco,Boston,1,JetBlue Airways,287.198333,42.3601,-71.0589
2024,early summer,San Francisco,Boston,1,JetBlue Airways,346.3709099,42.3601,-71.0589
2024,early summer,San Francisco,Boston,2,JetBlue Airways,134.1378648,42.3601,-71.0589
2024,early summer,San Francisco,Boston,1,JetBlue Airways,297.5449464,42.3601,-71.0589
2024,early summer,San Francisco,Boston,1,JetBlue Airways,179.5871926,42.3601,-71.0589
2024,early summer,San Francisco,Boston,1,JetBlue Airways,245.9673163,42.3601,-71.0589
2024,early summer,San Francisco,Boston,2,JetBlue Airways,105.8676612,42.3601,-71.0589
2024,early summer,San Francisco,Boston,1,JetBlue Airways,207.0181141,42.3601,-71.0589
2024,early summer,San Francisco,Boston,1,JetBlue Airways,282.8429699,42.3601,-71.0589
2024,early summer,San Francisco,Boston,2,JetBlue Airways,126.6296564,42.3601,-71.0589
2024,early summer,San Francisco,Boston,1,JetBlue Airways,244.4659401,42.3601,-71.0589
2024,early summer,San Francisco,Boston,1,JetBlue Airways,257.2192518,42.3601,-71.0589
2024,early summer,San Francisco,Boston,2,JetBlue Airways,112.4315283,42.3601,-71.0589
2024,early summer,San Francisco,Boston,1,JetBlue Airways,209.4815336,42.3601,-71.0589
2024,early summer,San Francisco,Boston,1,JetBlue Airways,304.4547343,42.3601,-71.0589
2024,early summer,San Francisco,"Washington, DC",1,JetBlue Airways,357.1472299,38.9072,-77.0369
2024,early summer,San Francisco,"Washington, DC",1,JetBlue Airways,289.5180445,38.9072,-77.0369
2024,early summer,San Francisco,New York,1,JetBlue Airways,309.8314602,40.7128,-74.006
2024,early summer,San Francisco,New York,1,JetBlue Airways,321.1018328,40.7128,-74.006
2024,early summer,San Francisco,New York,1,JetBlue Airways,294.2196684,40.7128,-74.006
2024,early summer,San Francisco,New York,1,JetBlue Airways,281.2797977,40.7128,-74.006
2024,early summer,San Francisco,New York,2,JetBlue Airways,258.8872353,40.7128,-74.006
2024,early summer,San Francisco,New York,1,JetBlue Airways,320.5826389,40.7128,-74.006
2024,early summer,San Francisco,New York,3,JetBlue Airways,178.2328107,40.7128,-74.006
2024,early summer,San Francisco,New York,4,JetBlue Airways,168.5320272,40.7128,-74.006
2024,early summer,San Francisco,New York,5,JetBlue Airways,137.0917215,40.7128,-74.006
2024,early summer,San Francisco,New York,6,JetBlue Airways,135.0621057,40.7128,-74.006
2024,early summer,San Francisco,New York,7,JetBlue Airways,141.1233418,40.7128,-74.006
2024,early summer,San Francisco,New York,1,JetBlue Airways,308.7370284,40.7128,-74.006
2024,early summer,San Francisco,New York,4,JetBlue Airways,58.3438688,40.7128,-74.006
2024,early summer,San Francisco,New York,1,JetBlue Airways,311.9526125,40.7128,-74.006
2024,early summer,San Francisco,New York,1,JetBlue Airways,265.9477771,40.7128,-74.006
2024,early summer,San Francisco,New York,1,JetBlue Airways,282.7096072,40.7128,-74.006
2024,early summer,San Francisco,New York,1,JetBlue Airways,305.6318779,40.7128,-74.006
2024,early summer,San Francisco,New York,2,JetBlue Airways,128.0469423,40.7128,-74.006
2024,early summer,San Francisco,New York,1,JetBlue Airways,348.0698074,40.7128,-74.006
2024,early summer,San Francisco,New York,1,JetBlue Airways,285.450495,40.7128,-74.006
2024,early summer,San Francisco,New York,1,JetBlue Airways,303.7004318,40.7128,-74.006
2024,early summer,San Francisco,Boston,6,JetBlue Airways,126.5555978,42.3601,-71.0589
2024,early summer,San Francisco,Boston,7,JetBlue Airways,129.5224025,42.3601,-71.0589
2024,early summer,San Francisco,Boston,8,JetBlue Airways,143.5357389,42.3601,-71.0589
2024,early summer,San Francisco,Boston,9,JetBlue Airways,125.710393,42.3601,-71.0589
2024,early summer,San Francisco,"Washington, DC",4,JetBlue Airways,109.2592434,38.9072,-77.0369
2024,early summer,San Francisco,"Washington, DC",5,JetBlue Airways,97.2015398,38.9072,-77.0369
2024,early summer,San Francisco,"Washington, DC",2,JetBlue Airways,152.6596619,38.9072,-77.0369
2024,early summer,San Francisco,New York,2,JetBlue Airways,93.4902984,40.7128,-74.006
2024,early summer,San Francisco,New Orleans,1,JetBlue Airways,605.0139733,29.9511,-90.0715
2024,early summer,San Francisco,Chicago,1,JetBlue Airways,683.3701782,41.8781,-87.6298
2024,early summer,San Francisco,Boston,1,JetBlue Airways,409.4747656,42.3601,-71.0589
2024,early summer,San Francisco,New York,1,JetBlue Airways,346.7584818,40.7128,-74.006
2024,early summer,San Francisco,New York,2,JetBlue Airways,81.97235068,40.7128,-74.006
2024,early summer,San Francisco,New York,3,JetBlue Airways,65.13126805,40.7128,-74.006
2024,early summer,San Francisco,New York,2,JetBlue Airways,78.50887708,40.7128,-74.006
2024,early summer,San Francisco,New York,9,JetBlue Airways,137.3113322,40.7128,-74.006
2024,early summer,San Francisco,New York,12,JetBlue Airways,127.3465829,40.7128,-74.006
2024,early summer,San Francisco,New York,11,JetBlue Airways,130.1570209,40.7128,-74.006
2024,early summer,San Francisco,New York,8,JetBlue Airways,155.1366782,40.7128,-74.006
2024,early summer,San Francisco,New York,15,JetBlue Airways,115.3010326,40.7128,-74.006
2024,early summer,San Francisco,Boston,2,JetBlue Airways,97.45061468,42.3601,-71.0589
2024,early summer,San Francisco,Boston,1,JetBlue Airways,317.0655199,42.3601,-71.0589
2024,early summer,San Francisco,"Washington, DC",1,JetBlue Airways,387.5849471,38.9072,-77.0369
2024,early summer,San Francisco,Boston,1,JetBlue Airways,349.9737599,42.3601,-71.0589
2024,early summer,San Francisco,Boston,2,JetBlue Airways,138.2304258,42.3601,-71.0589
2024,early summer,San Francisco,Boston,1,JetBlue Airways,325.7519438,42.3601,-71.0589
2024,early summer,San Francisco,New York,1,JetBlue Airways,285.2137161,40.7128,-74.006
2024,early summer,San Francisco,Honolulu,1,Delta,429.1654915,21.3069,-157.8583
2024,early summer,San Francisco,New York,1,Delta,452.8119837,40.7128,-74.006
2024,early summer,San Francisco,New York,1,Delta,453.5821455,40.7128,-74.006
2024,early summer,San Francisco,San Diego,1,Delta,233.732695,32.7157,-117.1611
2024,early summer,San Francisco,Boston,1,Delta,513.5165674,42.3601,-71.0589
2024,early summer,San Francisco,New Orleans,1,Delta,303.2985827,29.9511,-90.0715
2024,early summer,San Francisco,New Orleans,3,Delta,94.93453498,29.9511,-90.0715
2024,early summer,San Francisco,New Orleans,2,Delta,136.6704135,29.9511,-90.0715
2024,early summer,San Francisco,New York,1,Delta,516.5871942,40.7128,-74.006
2024,early summer,San Francisco,San Diego,1,Delta,262.0015579,32.7157,-117.1611
2024,early summer,San Francisco,San Diego,2,Delta,125.228163,32.7157,-117.1611
2024,early summer,San Francisco,San Diego,3,Delta,106.9761417,32.7157,-117.1611
2024,early summer,San Francisco,New York,1,Delta,449.3221804,40.7128,-74.006
2024,early summer,San Francisco,Seattle,1,Delta,277.6731674,47.6062,-122.3321
2024,early summer,San Francisco,Honolulu,1,Delta,356.7129068,21.3069,-157.8583
2024,early summer,San Francisco,"Washington, DC",1,Delta,291.8702688,38.9072,-77.0369
2024,early summer,San Francisco,Boston,1,Delta,391.3612692,42.3601,-71.0589
2024,early summer,San Francisco,Nashville,1,Delta,317.3845598,36.1627,-86.7816
2024,early summer,San Francisco,Boston,1,Delta,459.7195175,42.3601,-71.0589
2024,early summer,San Francisco,Boston,2,Delta,219.6050666,42.3601,-71.0589
2024,early summer,San Francisco,New York,1,Delta,400.6661344,40.7128,-74.006
2024,early summer,San Francisco,Boston,1,Delta,403.2165105,42.3601,-71.0589
2024,early summer,San Francisco,New York,1,Delta,465.2045193,40.7128,-74.006
2024,early summer,San Francisco,New York,1,Delta,527.4862545,40.7128,-74.006
2024,early summer,San Francisco,"Washington, DC",1,Delta,422.5620738,38.9072,-77.0369
2024,early summer,San Francisco,"Washington, DC",3,Delta,120.047629,38.9072,-77.0369
2024,early summer,San Francisco,New York,1,Delta,426.2152785,40.7128,-74.006
2024,early summer,San Francisco,Chicago,1,Delta,417.1345981,41.8781,-87.6298
2024,early summer,San Francisco,"Washington, DC",1,Delta,412.4690945,38.9072,-77.0369
2024,early summer,San Francisco,New York,1,Delta,405.7927765,40.7128,-74.006
2024,early summer,San Francisco,New York,1,Delta,401.2997063,40.7128,-74.006
2024,early summer,San Francisco,New York,2,Delta,165.3576881,40.7128,-74.006
2024,early summer,San Francisco,Chicago,1,Delta,312.7322533,41.8781,-87.6298
2024,early summer,San Francisco,Chicago,1,Delta,382.1224922,41.8781,-87.6298
2024,early summer,San Francisco,New Orleans,1,Delta,302.4177873,29.9511,-90.0715
2024,early summer,San Francisco,Chicago,1,Delta,302.9258592,41.8781,-87.6298
2024,early summer,San Francisco,Boston,1,Delta,458.0029155,42.3601,-71.0589
2024,early summer,San Francisco,New York,1,Delta,367.7202548,40.7128,-74.006
2024,early summer,San Francisco,New York,1,Delta,461.5564178,40.7128,-74.006
2024,early summer,San Francisco,New York,1,Delta,619.4324418,40.7128,-74.006
2024,early summer,San Francisco,Nashville,1,Delta,382.5449619,36.1627,-86.7816
2024,early summer,San Francisco,Boston,1,Delta,563.4429995,42.3601,-71.0589
2024,early summer,San Francisco,"Washington, DC",1,Delta,444.2022553,38.9072,-77.0369
2024,early summer,San Francisco,Honolulu,1,Delta,326.7245732,21.3069,-157.8583
2024,early summer,San Francisco,"Washington, DC",2,Delta,288.6486599,38.9072,-77.0369
2024,early summer,San Francisco,New York,1,Delta,558.4852683,40.7128,-74.006
2024,early summer,San Francisco,Chicago,1,Delta,367.3848656,41.8781,-87.6298
2024,early summer,San Francisco,Chicago,1,Delta,347.789285,41.8781,-87.6298
2024,early summer,San Francisco,Boston,1,Delta,458.6009689,42.3601,-71.0589
2024,early summer,San Francisco,Nashville,2,Delta,131.0456197,36.1627,-86.7816
2024,early summer,San Francisco,Nashville,1,Delta,322.55746,36.1627,-86.7816
2024,early summer,San Francisco,Nashville,3,Delta,88.29037519,36.1627,-86.7816
2024,early summer,San Francisco,Boston,1,Delta,378.5601027,42.3601,-71.0589
2024,early summer,San Francisco,"Washington, DC",1,Delta,408.1419997,38.9072,-77.0369
2024,early summer,San Francisco,"Washington, DC",1,Delta,395.0140353,38.9072,-77.0369
2024,early summer,San Francisco,New York,1,Delta,448.5232091,40.7128,-74.006
2024,early summer,San Francisco,Honolulu,1,Delta,742.8018246,21.3069,-157.8583
2024,early summer,San Francisco,"Washington, DC",1,Delta,423.5967636,38.9072,-77.0369
2024,early summer,San Francisco,New York,1,Delta,374.4988042,40.7128,-74.006
2024,early summer,San Francisco,Nashville,1,Delta,232.4418945,36.1627,-86.7816
2024,early summer,San Francisco,New York,1,Delta,438.5571721,40.7128,-74.006
2024,early summer,San Francisco,Nashville,1,Delta,399.3815223,36.1627,-86.7816
2024,early summer,San Francisco,New Orleans,1,Delta,508.8951366,29.9511,-90.0715
2024,early summer,San Francisco,New Orleans,1,Delta,300.4784826,29.9511,-90.0715
2024,early summer,San Francisco,Boston,1,Delta,259.258677,42.3601,-71.0589
2024,early summer,San Francisco,New Orleans,2,Delta,133.8503134,29.9511,-90.0715
2024,early summer,San Francisco,Chicago,1,Delta,360.2436744,41.8781,-87.6298
2024,early summer,San Francisco,Chicago,2,Delta,156.8019673,41.8781,-87.6298
2024,early summer,San Francisco,Seattle,1,Delta,338.8637919,47.6062,-122.3321
2024,early summer,San Francisco,Chicago,1,Southwest Airlines,255.8259303,41.8781,-87.6298
2024,early summer,San Francisco,Chicago,1,Southwest Airlines,258.2214223,41.8781,-87.6298
2024,early summer,San Francisco,Chicago,1,Southwest Airlines,258.8463888,41.8781,-87.6298
2024,early summer,San Francisco,San Diego,1,Southwest Airlines,197.0121896,32.7157,-117.1611
2024,early summer,San Francisco,"Washington, DC",1,Delta,435.5231971,38.9072,-77.0369
2024,early summer,San Francisco,"Washington, DC",1,Delta,572.6825666,38.9072,-77.0369
2024,early summer,San Francisco,"Washington, DC",1,Delta,391.9982995,38.9072,-77.0369
2024,early summer,San Francisco,New York,1,Delta,607.4269869,40.7128,-74.006
2024,early summer,San Francisco,New York,1,Delta,627.2354418,40.7128,-74.006
2024,early summer,San Francisco,New York,1,Delta,573.7125632,40.7128,-74.006
2024,early summer,San Francisco,New York,1,Delta,474.03937,40.7128,-74.006
2024,early summer,San Francisco,New York,1,Delta,441.4011017,40.7128,-74.006
2024,early summer,San Francisco,New York,1,Delta,328.304807,40.7128,-74.006
2024,early summer,San Francisco,New York,1,Delta,331.3404497,40.7128,-74.006
2024,early summer,San Francisco,New York,1,Delta,545.2003048,40.7128,-74.006
2024,early summer,San Francisco,New York,1,Delta,322.1627688,40.7128,-74.006
2024,early summer,San Francisco,New York,1,Delta,372.4946122,40.7128,-74.006
2024,early summer,San Francisco,New York,2,Delta,159.9390195,40.7128,-74.006
2024,early summer,San Francisco,New York,1,Delta,352.6741289,40.7128,-74.006
2024,early summer,San Francisco,New York,1,Delta,461.1114596,40.7128,-74.006
2024,early summer,San Francisco,New York,1,Delta,307.1065728,40.7128,-74.006
2024,early summer,San Francisco,New York,1,Delta,581.3780746,40.7128,-74.006
2024,early summer,San Francisco,New York,1,Delta,368.8435142,40.7128,-74.006
2024,early summer,San Francisco,New York,1,Delta,253.1435561,40.7128,-74.006
2024,early summer,San Francisco,New York,1,Delta,339.0265387,40.7128,-74.006
2024,early summer,San Francisco,New York,1,Delta,324.4815973,40.7128,-74.006
2024,early summer,San Francisco,New York,1,Delta,373.2212806,40.7128,-74.006
2024,early summer,San Francisco,New York,1,Delta,370.5944854,40.7128,-74.006
2024,early summer,San Francisco,New York,2,Delta,158.0494119,40.7128,-74.006
2024,early summer,San Francisco,New York,1,Delta,574.6081082,40.7128,-74.006
2024,early summer,San Francisco,Boston,1,Delta,341.2295253,42.3601,-71.0589
2024,early summer,San Francisco,New York,1,Delta,353.4068836,40.7128,-74.006
2024,early summer,San Francisco,New York,1,Delta,383.1871372,40.7128,-74.006
2024,early summer,San Francisco,New York,1,Delta,551.5419704,40.7128,-74.006
2024,early summer,San Francisco,New York,1,Delta,308.640794,40.7128,-74.006
2024,early summer,San Francisco,New York,1,Delta,400.9650188,40.7128,-74.006
2024,early summer,San Francisco,New York,1,Delta,408.5695231,40.7128,-74.006
2024,early summer,San Francisco,New York,1,Delta,379.219819,40.7128,-74.006
2024,early summer,San Francisco,Chicago,1,United,439.2330127,41.8781,-87.6298
2024,early summer,San Francisco,Chicago,1,United,392.5990186,41.8781,-87.6298
2024,early summer,San Francisco,Chicago,2,United,203.6728441,41.8781,-87.6298
2024,early summer,San Francisco,Chicago,1,United,386.8434322,41.8781,-87.6298
2024,early summer,San Francisco,Chicago,1,United,427.7662494,41.8781,-87.6298
2024,early summer,San Francisco,New Orleans,1,United,405.8794838,29.9511,-90.0715
2024,early summer,San Francisco,Boston,1,United,386.9147003,42.3601,-71.0589
2024,early summer,San Francisco,Seattle,1,United,284.9485713,47.6062,-122.3321
2024,early summer,San Francisco,San Diego,2,United,118.5452791,32.7157,-117.1611
2024,early summer,San Francisco,San Diego,1,United,260.558361,32.7157,-117.1611
2024,early summer,San Francisco,New York,1,United,375.0340182,40.7128,-74.006
2024,early summer,San Francisco,New York,1,United,380.0590661,40.7128,-74.006
2024,early summer,San Francisco,New York,1,United,384.5378754,40.7128,-74.006
2024,early summer,San Francisco,New York,1,United,416.5585006,40.7128,-74.006
2024,early summer,San Francisco,New York,2,United,153.5234098,40.7128,-74.006
2024,early summer,San Francisco,New York,1,United,388.7114476,40.7128,-74.006
2024,early summer,San Francisco,Chicago,1,United,267.3536303,41.8781,-87.6298
2024,early summer,San Francisco,Chicago,1,Frontier Airlines,148.6524562,41.8781,-87.6298
2024,early summer,San Francisco,Nashville,1,Frontier Airlines,157.8015946,36.1627,-86.7816
2024,early summer,San Francisco,Nashville,1,Frontier Airlines,150.8039307,36.1627,-86.7816
2024,early summer,San Francisco,"Washington, DC",1,Frontier Airlines,180.9331328,38.9072,-77.0369
2024,early summer,San Francisco,"Washington, DC",2,Frontier Airlines,104.6558526,38.9072,-77.0369
2024,early summer,San Francisco,"Washington, DC",3,Frontier Airlines,71.60307957,38.9072,-77.0369
2024,early summer,San Francisco,Chicago,1,Frontier Airlines,129.3378526,41.8781,-87.6298
2024,early summer,San Francisco,New York,1,Frontier Airlines,182.9025665,40.7128,-74.006
2024,early summer,San Francisco,New York,1,Frontier Airlines,158.9062369,40.7128,-74.006
2024,early summer,San Francisco,New York,3,Frontier Airlines,79.17053054,40.7128,-74.006
2024,early summer,San Francisco,New York,1,Frontier Airlines,157.2157384,40.7128,-74.006
2024,early summer,San Francisco,New York,2,Frontier Airlines,69.27517187,40.7128,-74.006
2024,early summer,San Francisco,New York,3,Frontier Airlines,94.46473556,40.7128,-74.006
2024,early summer,San Francisco,New York,2,Frontier Airlines,89.90332224,40.7128,-74.006
2024,early summer,San Francisco,New Orleans,1,United,378.6593058,29.9511,-90.0715
2024,early summer,San Francisco,Boston,1,United,367.9514109,42.3601,-71.0589
2024,early summer,San Francisco,New Orleans,2,United,181.7268639,29.9511,-90.0715
2024,early summer,San Francisco,New Orleans,3,United,126.7767462,29.9511,-90.0715
2024,early summer,San Francisco,New Orleans,4,United,105.1886436,29.9511,-90.0715
2024,early summer,San Francisco,New Orleans,5,United,98.93172052,29.9511,-90.0715
2024,early summer,San Francisco,New Orleans,6,United,99.30644813,29.9511,-90.0715
2024,early summer,San Francisco,Nashville,1,United,391.47097,36.1627,-86.7816
2024,early summer,San Francisco,"Washington, DC",1,United,517.0835,38.9072,-77.0369
2024,early summer,San Francisco,Honolulu,1,United,300.9802042,21.3069,-157.8583
2024,early summer,San Francisco,Honolulu,2,United,102.6309232,21.3069,-157.8583
2024,early summer,San Francisco,Honolulu,1,United,380.4808509,21.3069,-157.8583
2024,early summer,San Francisco,Chicago,1,United,407.6219923,41.8781,-87.6298
2024,early summer,San Francisco,Seattle,1,United,345.2633965,47.6062,-122.3321
2024,early summer,San Francisco,San Diego,1,United,229.9504227,32.7157,-117.1611
2024,early summer,San Francisco,Chicago,3,United,119.5248444,41.8781,-87.6298
2024,early summer,San Francisco,Chicago,4,United,96.10531727,41.8781,-87.6298
2024,early summer,San Francisco,Chicago,5,United,86.0880033,41.8781,-87.6298
2024,early summer,San Francisco,Chicago,6,United,86.46273091,41.8781,-87.6298
2024,early summer,San Francisco,Chicago,9,United,96.0684929,41.8781,-87.6298
2024,early summer,San Francisco,Chicago,7,United,90.72590272,41.8781,-87.6298
2024,early summer,San Francisco,Boston,1,United,389.5043889,42.3601,-71.0589
2024,early summer,San Francisco,Nashville,1,United,389.0497547,36.1627,-86.7816
2024,early summer,San Francisco,"Washington, DC",1,United,566.7537554,38.9072,-77.0369
2024,early summer,San Francisco,Nashville,1,United,412.3720815,36.1627,-86.7816
2024,early summer,San Francisco,Boston,2,United,162.69079,42.3601,-71.0589
2024,early summer,San Francisco,"Washington, DC",1,United,629.9237046,38.9072,-77.0369
2024,early summer,San Francisco,Boston,1,United,380.7820364,42.3601,-71.0589
2024,early summer,San Francisco,Boston,1,United,321.3570156,42.3601,-71.0589
2024,early summer,San Francisco,Boston,1,United,470.8444594,42.3601,-71.0589
2024,early summer,San Francisco,"Washington, DC",1,United,485.9003267,38.9072,-77.0369
2024,early summer,San Francisco,"Washington, DC",3,United,103.7872431,38.9072,-77.0369
2024,early summer,San Francisco,"Washington, DC",2,United,191.0490799,38.9072,-77.0369
2024,early summer,San Francisco,"Washington, DC",4,United,74.00787376,38.9072,-77.0369
2024,early summer,San Francisco,"Washington, DC",1,United,428.5526489,38.9072,-77.0369
2024,early summer,San Francisco,New York,1,United,381.9917789,40.7128,-74.006
2024,early summer,San Francisco,"Washington, DC",1,United,461.8471177,38.9072,-77.0369
2024,early summer,San Francisco,"Washington, DC",1,United,381.9569879,38.9072,-77.0369
2024,early summer,San Francisco,New York,6,United,29.32850928,40.7128,-74.006
2024,early summer,San Francisco,Boston,1,United,381.4410417,42.3601,-71.0589
2024,early summer,San Francisco,New Orleans,2,United,111.978364,29.9511,-90.0715
2024,early summer,San Francisco,New Orleans,1,United,346.5276878,29.9511,-90.0715
2024,early summer,San Francisco,Boston,1,United,548.9477128,42.3601,-71.0589
2024,early summer,San Francisco,Boston,1,United,347.6588474,42.3601,-71.0589
2024,early summer,San Francisco,"Washington, DC",1,United,404.6577884,38.9072,-77.0369
2024,early summer,San Francisco,"Washington, DC",1,United,356.3371628,38.9072,-77.0369
2024,early summer,San Francisco,"Washington, DC",1,United,437.325801,38.9072,-77.0369
2024,early summer,San Francisco,Chicago,1,United,420.1548442,41.8781,-87.6298
2024,early summer,San Francisco,Seattle,1,United,244.8494819,47.6062,-122.3321
2024,early summer,San Francisco,Boston,1,United,398.8075392,42.3601,-71.0589
2024,early summer,San Francisco,Boston,1,United,470.8769643,42.3601,-71.0589
2024,early summer,San Francisco,"Washington, DC",1,United,615.0741628,38.9072,-77.0369
2024,early summer,San Francisco,New York,1,United,375.757878,40.7128,-74.006
2024,early summer,San Francisco,Chicago,1,United,823.6179934,41.8781,-87.6298
2024,early summer,San Francisco,Nashville,1,United,436.7070237,36.1627,-86.7816
2024,early summer,San Francisco,Chicago,1,United,404.490367,41.8781,-87.6298
2024,early summer,San Francisco,"Washington, DC",1,United,408.0078769,38.9072,-77.0369
2024,early summer,San Francisco,"Washington, DC",1,United,475.7317451,38.9072,-77.0369
2024,early summer,San Francisco,Boston,1,United,410.2980511,42.3601,-71.0589
2024,early summer,San Francisco,Chicago,1,United,700.0505579,41.8781,-87.6298
2024,early summer,San Francisco,Boston,1,United,364.2813109,42.3601,-71.0589
2024,early summer,San Francisco,Boston,1,United,444.0055645,42.3601,-71.0589
2024,early summer,San Francisco,"Washington, DC",1,United,345.6208763,38.9072,-77.0369
2024,early summer,San Francisco,Chicago,1,United,587.27135,41.8781,-87.6298
2024,early summer,San Francisco,Chicago,1,United,408.1564909,41.8781,-87.6298
2024,early summer,San Francisco,San Diego,3,United,86.46217016,32.7157,-117.1611
2024,early summer,San Francisco,San Diego,4,United,69.06534389,32.7157,-117.1611
2024,early summer,San Francisco,San Diego,5,United,63.05231263,32.7157,-117.1611
2024,early summer,San Francisco,San Diego,6,United,63.42704024,32.7157,-117.1611
2024,early summer,San Francisco,Chicago,1,United,423.9142464,41.8781,-87.6298
2024,early summer,San Francisco,Chicago,1,United,445.4927048,41.8781,-87.6298
2024,early summer,San Francisco,San Diego,1,United,257.8742825,32.7157,-117.1611
2024,early summer,San Francisco,Seattle,2,United,128.0013348,47.6062,-122.3321
2024,early summer,San Francisco,Seattle,3,United,86.79315965,47.6062,-122.3321
2024,early summer,San Francisco,Seattle,4,United,69.39633338,47.6062,-122.3321
2024,early summer,San Francisco,Seattle,5,United,63.38330212,47.6062,-122.3321
2024,early summer,San Francisco,Boston,1,United,544.7789258,42.3601,-71.0589
2024,early summer,San Francisco,Chicago,1,United,434.8977709,41.8781,-87.6298
2024,early summer,San Francisco,Chicago,1,United,413.6168072,41.8781,-87.6298
2024,early summer,San Francisco,Chicago,1,United,416.3318359,41.8781,-87.6298
2024,early summer,San Francisco,San Diego,1,United,247.4187653,32.7157,-117.1611
2024,early summer,San Francisco,Chicago,1,Frontier Airlines,150.0743956,41.8781,-87.6298
2024,early summer,San Francisco,Chicago,2,Frontier Airlines,86.06451011,41.8781,-87.6298
2024,early summer,San Francisco,Chicago,1,Frontier Airlines,152.2702105,41.8781,-87.6298
2024,early summer,San Francisco,Chicago,1,Frontier Airlines,149.8077424,41.8781,-87.6298
2024,early summer,San Francisco,Chicago,1,Frontier Airlines,125.5014708,41.8781,-87.6298
2024,early summer,San Francisco,Chicago,2,Frontier Airlines,89.68439069,41.8781,-87.6298
2024,early summer,San Francisco,Chicago,1,Frontier Airlines,146.6606235,41.8781,-87.6298
2024,early summer,San Francisco,Chicago,3,Frontier Airlines,61.246853,41.8781,-87.6298
2024,early summer,San Francisco,Chicago,1,Frontier Airlines,155.6210699,41.8781,-87.6298
2024,early summer,San Francisco,Chicago,1,Frontier Airlines,194.7331672,41.8781,-87.6298
2024,early summer,San Francisco,San Diego,1,Frontier Airlines,181.2364497,32.7157,-117.1611
2024,early summer,San Francisco,San Diego,1,Frontier Airlines,123.2907852,32.7157,-117.1611
2024,early summer,San Francisco,San Diego,1,Frontier Airlines,123.2067592,32.7157,-117.1611
2024,early summer,San Francisco,San Diego,2,Frontier Airlines,71.34567702,32.7157,-117.1611
2024,early summer,San Francisco,Seattle,1,Frontier Airlines,141.3073683,47.6062,-122.3321
2024,early summer,San Francisco,New York,2,Frontier Airlines,94.96199992,40.7128,-74.006
2024,early summer,San Francisco,New Orleans,1,Frontier Airlines,159.2503095,29.9511,-90.0715
2024,early summer,San Francisco,New Orleans,2,Frontier Airlines,44.19959683,29.9511,-90.0715
2024,early summer,San Francisco,Nashville,2,Frontier Airlines,93.26671453,36.1627,-86.7816
2024,early summer,San Francisco,"Washington, DC",4,Frontier Airlines,44.30235006,38.9072,-77.0369
2024,early summer,San Francisco,Chicago,2,Frontier Airlines,87.89795705,41.8781,-87.6298
2024,early summer,San Francisco,New Orleans,1,Frontier Airlines,138.9200867,29.9511,-90.0715
2024,early summer,San Francisco,New York,1,Frontier Airlines,152.1503298,40.7128,-74.006
2024,early summer,San Francisco,Nashville,2,Frontier Airlines,86.26905063,36.1627,-86.7816
2024,early summer,San Francisco,Chicago,1,Frontier Airlines,162.5478041,41.8781,-87.6298
2024,early summer,San Francisco,Chicago,2,Frontier Airlines,101.4867694,41.8781,-87.6298
2024,early summer,San Francisco,Chicago,1,Frontier Airlines,170.887725,41.8781,-87.6298
2024,early summer,San Francisco,Nashville,2,Frontier Airlines,-24.23854436,36.1627,-86.7816
2024,early summer,San Francisco,Chicago,2,Frontier Airlines,68.84611911,41.8781,-87.6298
2024,early summer,San Francisco,Chicago,3,Frontier Airlines,78.72024196,41.8781,-87.6298
2024,early summer,San Francisco,San Diego,3,Frontier Airlines,64.1590167,32.7157,-117.1611
2024,early summer,San Francisco,Chicago,1,Frontier Airlines,193.2729405,41.8781,-87.6298
2024,early summer,San Francisco,Seattle,1,Frontier Airlines,176.0338178,47.6062,-122.3321
2024,early summer,San Francisco,Chicago,3,Frontier Airlines,87.63143377,41.8781,-87.6298
2024,early summer,San Francisco,Chicago,2,Frontier Airlines,117.816928,41.8781,-87.6298
2024,early summer,San Francisco,Chicago,4,Frontier Airlines,66.69054638,41.8781,-87.6298
2024,early summer,San Francisco,Chicago,1,Frontier Airlines,183.4424546,41.8781,-87.6298
2024,early summer,San Francisco,Chicago,2,Frontier Airlines,91.45062152,41.8781,-87.6298
2024,early summer,San Francisco,Chicago,1,Frontier Airlines,137.5341833,41.8781,-87.6298
2024,early summer,San Francisco,San Diego,3,Frontier Airlines,60.36190452,32.7157,-117.1611
2024,early summer,San Francisco,San Diego,1,Southwest Airlines,197.0962157,32.7157,-117.1611
2024,early summer,San Francisco,San Diego,1,Southwest Airlines,200.6478818,32.7157,-117.1611
2024,early summer,San Francisco,San Diego,1,Southwest Airlines,246.7731617,32.7157,-117.1611
2024,early summer,San Francisco,San Diego,2,Southwest Airlines,94.8438891,32.7157,-117.1611
2024,early summer,San Francisco,San Diego,3,Southwest Airlines,74.94789834,32.7157,-117.1611
2024,early summer,San Francisco,San Diego,4,Southwest Airlines,60.12374621,32.7157,-117.1611
2024,early summer,San Francisco,San Diego,1,Southwest Airlines,196.3425007,32.7157,-117.1611
2024,early summer,San Francisco,Seattle,1,Southwest Airlines,237.9457329,47.6062,-122.3321
2024,early summer,San Francisco,New Orleans,1,Southwest Airlines,230.7633115,29.9511,-90.0715
2024,early summer,San Francisco,Nashville,1,Southwest Airlines,294.0833839,36.1627,-86.7816
2024,early summer,San Francisco,Nashville,2,Southwest Airlines,146.1852072,36.1627,-86.7816
2024,early summer,San Francisco,Nashville,1,Southwest Airlines,286.3575792,36.1627,-86.7816
2024,early summer,San Francisco,New York,1,Southwest Airlines,244.6239541,40.7128,-74.006
2024,early summer,San Francisco,New Orleans,1,Southwest Airlines,256.9594467,29.9511,-90.0715
2024,early summer,San Francisco,Nashville,2,Southwest Airlines,145.8703562,36.1627,-86.7816
2024,early summer,San Francisco,Boston,1,Southwest Airlines,255.7673817,42.3601,-71.0589
2024,early summer,San Francisco,"Washington, DC",1,Southwest Airlines,545.6616855,38.9072,-77.0369
2024,early summer,San Francisco,"Washington, DC",1,Southwest Airlines,341.6567104,38.9072,-77.0369
2024,early summer,San Francisco,"Washington, DC",2,Southwest Airlines,188.0544473,38.9072,-77.0369
2024,early summer,San Francisco,New York,1,Southwest Airlines,275.7089033,40.7128,-74.006
2024,early summer,San Francisco,New York,2,Southwest Airlines,141.3499812,40.7128,-74.006
2024,early summer,San Francisco,New York,3,Southwest Airlines,89.10834775,40.7128,-74.006
2024,early summer,San Francisco,New York,4,Southwest Airlines,73.82835176,40.7128,-74.006
2024,early summer,San Francisco,Chicago,1,Southwest Airlines,257.5583349,41.8781,-87.6298
2024,early summer,San Francisco,Chicago,1,Southwest Airlines,264.4300615,41.8781,-87.6298
2024,early summer,San Francisco,New Orleans,1,Southwest Airlines,248.8547442,29.9511,-90.0715
2024,early summer,San Francisco,New Orleans,2,Southwest Airlines,123.1523788,29.9511,-90.0715
2024,early summer,San Francisco,New Orleans,3,Southwest Airlines,83.58927013,29.9511,-90.0715
2024,early summer,San Francisco,"Washington, DC",1,Southwest Airlines,195.8126201,38.9072,-77.0369
2024,early summer,San Francisco,New York,1,Southwest Airlines,261.8750588,40.7128,-74.006
2024,early summer,San Francisco,Nashville,3,Southwest Airlines,106.3072475,36.1627,-86.7816
2024,early summer,San Francisco,New York,2,Southwest Airlines,108.1402333,40.7128,-74.006
2024,early summer,San Francisco,Honolulu,1,Southwest Airlines,391.5446151,21.3069,-157.8583
2024,early summer,San Francisco,Chicago,2,Southwest Airlines,132.7437659,41.8781,-87.6298
2024,early summer,San Francisco,New Orleans,1,Southwest Airlines,274.7559804,29.9511,-90.0715
2024,early summer,San Francisco,Honolulu,1,Southwest Airlines,284.4280552,21.3069,-157.8583
2024,early summer,San Francisco,Nashville,1,Southwest Airlines,286.122549,36.1627,-86.7816
2024,early summer,San Francisco,"Washington, DC",1,Southwest Airlines,329.1883933,38.9072,-77.0369
2024,early summer,San Francisco,Honolulu,1,Southwest Airlines,253.7949771,21.3069,-157.8583
2024,early summer,San Francisco,Chicago,2,Southwest Airlines,129.2959006,41.8781,-87.6298
2024,early summer,San Francisco,New Orleans,1,Southwest Airlines,254.9419145,29.9511,-90.0715
2024,early summer,San Francisco,San Diego,1,Southwest Airlines,99.40613697,32.7157,-117.1611
2024,early summer,San Francisco,Seattle,1,Southwest Airlines,272.6721824,47.6062,-122.3321
2024,early summer,San Francisco,New York,1,Southwest Airlines,208.9242006,40.7128,-74.006
2024,early summer,San Francisco,Chicago,2,Southwest Airlines,127.5253661,41.8781,-87.6298
2024,early summer,San Francisco,Chicago,3,Southwest Airlines,72.62357988,41.8781,-87.6298
2024,early summer,San Francisco,Chicago,4,Southwest Airlines,53.29541172,41.8781,-87.6298
2024,early summer,San Francisco,Nashville,1,Southwest Airlines,307.4710682,36.1627,-86.7816
2024,early summer,San Francisco,Boston,1,Southwest Airlines,266.7811291,42.3601,-71.0589
2024,early summer,San Francisco,Boston,1,Southwest Airlines,337.72071,42.3601,-71.0589
2024,early summer,San Francisco,"Washington, DC",1,Southwest Airlines,304.7517809,38.9072,-77.0369
2024,early summer,San Francisco,"Washington, DC",2,Southwest Airlines,169.8569614,38.9072,-77.0369
2024,early summer,San Francisco,New York,1,Southwest Airlines,272.226223,40.7128,-74.006
2024,early summer,San Francisco,New York,2,Southwest Airlines,127.4178913,40.7128,-74.006
2024,early summer,San Francisco,New York,3,Southwest Airlines,64.02490368,40.7128,-74.006
2024,early summer,San Francisco,New Orleans,1,Southwest Airlines,538.4405114,29.9511,-90.0715
2024,early summer,San Francisco,New Orleans,2,Southwest Airlines,132.5601996,29.9511,-90.0715
2024,early summer,San Francisco,Honolulu,1,Southwest Airlines,316.6227087,21.3069,-157.8583
2024,early summer,San Francisco,"Washington, DC",1,Southwest Airlines,283.3981477,38.9072,-77.0369
2024,early summer,San Francisco,"Washington, DC",2,Southwest Airlines,150.1674387,38.9072,-77.0369
2024,early summer,San Francisco,"Washington, DC",4,Southwest Airlines,64.37031419,38.9072,-77.0369
2024,early summer,San Francisco,"Washington, DC",3,Southwest Airlines,81.60318155,38.9072,-77.0369
2024,early summer,San Francisco,Chicago,1,Southwest Airlines,268.2837359,41.8781,-87.6298
2024,early summer,San Francisco,Boston,1,Southwest Airlines,256.8947045,42.3601,-71.0589
2024,early summer,San Francisco,New Orleans,4,Southwest Airlines,93.50256137,29.9511,-90.0715
2024,early summer,San Francisco,New Orleans,1,,270.4207462,29.9511,-90.0715
2024,early summer,San Francisco,New Orleans,1,,282.6317849,29.9511,-90.0715
2024,early summer,San Francisco,Chicago,1,,224.231719,41.8781,-87.6298
2024,early summer,San Francisco,Chicago,1,,257.9495721,41.8781,-87.6298
2024,early summer,San Francisco,Chicago,1,,279.6566502,41.8781,-87.6298
2024,early summer,San Francisco,Chicago,1,,227.6854565,41.8781,-87.6298
2024,early summer,San Francisco,Chicago,1,,401.4069637,41.8781,-87.6298
2024,early summer,San Francisco,Chicago,1,,282.9056281,41.8781,-87.6298
2024,early summer,San Francisco,Chicago,1,,292.9469796,41.8781,-87.6298
2024,early summer,San Francisco,Chicago,1,,284.7259912,41.8781,-87.6298
2024,early summer,San Francisco,San Diego,1,Alaska Airlines,207.2331645,32.7157,-117.1611
2024,early summer,San Francisco,Seattle,1,Alaska Airlines,271.0999353,47.6062,-122.3321
2024,early summer,San Francisco,"Washington, DC",1,,448.1261452,38.9072,-77.0369
2024,early summer,San Francisco,"Washington, DC",1,,298.3849503,38.9072,-77.0369
2024,early summer,San Francisco,"Washington, DC",1,,429.012997,38.9072,-77.0369
2024,early summer,San Francisco,"Washington, DC",2,,170.7324316,38.9072,-77.0369
2024,early summer,San Francisco,"Washington, DC",1,,302.9225277,38.9072,-77.0369
2024,early summer,San Francisco,New York,2,,161.4558372,40.7128,-74.006
2024,early summer,San Francisco,Nashville,1,Southwest Airlines,300.9958186,36.1627,-86.7816
2024,early summer,San Francisco,Nashville,2,Southwest Airlines,138.1445515,36.1627,-86.7816
2024,early summer,San Francisco,Nashville,1,Southwest Airlines,304.2968433,36.1627,-86.7816
2024,early summer,San Francisco,Nashville,1,Southwest Airlines,295.3686604,36.1627,-86.7816
2024,early summer,San Francisco,Nashville,1,Southwest Airlines,285.209307,36.1627,-86.7816
2024,early summer,San Francisco,Boston,1,Southwest Airlines,235.8708372,42.3601,-71.0589
2024,early summer,San Francisco,New Orleans,1,United,344.5263775,29.9511,-90.0715
2024,early summer,San Francisco,New Orleans,1,United,363.9137702,29.9511,-90.0715
2024,early summer,San Francisco,New Orleans,1,United,335.464878,29.9511,-90.0715
2024,early summer,San Francisco,New Orleans,1,United,332.4923672,29.9511,-90.0715
2024,early summer,San Francisco,New Orleans,2,United,112.0744005,29.9511,-90.0715
2024,early summer,San Francisco,New Orleans,1,United,356.9205453,29.9511,-90.0715
2024,early summer,San Francisco,New Orleans,1,United,336.6282112,29.9511,-90.0715
2024,early summer,San Francisco,New Orleans,1,United,340.3585718,29.9511,-90.0715
2024,early summer,San Francisco,New Orleans,1,United,336.312379,29.9511,-90.0715
2024,early summer,San Francisco,New Orleans,1,United,322.7262541,29.9511,-90.0715
2024,early summer,San Francisco,Chicago,1,Southwest Airlines,270.4083038,41.8781,-87.6298
2024,early summer,San Francisco,Chicago,1,Southwest Airlines,227.3282648,41.8781,-87.6298
2024,early summer,San Francisco,Chicago,1,Southwest Airlines,269.3304642,41.8781,-87.6298
2024,early summer,San Francisco,New Orleans,2,Southwest Airlines,129.2395491,29.9511,-90.0715
2024,early summer,San Francisco,New Orleans,1,Southwest Airlines,257.1610073,29.9511,-90.0715
2024,early summer,San Francisco,New Orleans,1,Southwest Airlines,239.4005546,29.9511,-90.0715
2024,early summer,San Francisco,New Orleans,1,Southwest Airlines,278.6225052,29.9511,-90.0715
2024,early summer,San Francisco,New Orleans,1,Southwest Airlines,268.2865707,29.9511,-90.0715
2024,early summer,San Francisco,"Washington, DC",1,United,466.3823608,38.9072,-77.0369
2024,early summer,San Francisco,"Washington, DC",1,United,382.7083072,38.9072,-77.0369
2024,early summer,San Francisco,"Washington, DC",1,United,532.1088287,38.9072,-77.0369
2024,early summer,San Francisco,"Washington, DC",1,United,192.9054117,38.9072,-77.0369
2024,early summer,San Francisco,"Washington, DC",1,United,462.1995487,38.9072,-77.0369
2024,early summer,San Francisco,"Washington, DC",3,United,137.4064862,38.9072,-77.0369
2024,early summer,San Francisco,"Washington, DC",1,United,423.2362387,38.9072,-77.0369
2024,early summer,San Francisco,"Washington, DC",1,United,457.2656685,38.9072,-77.0369
2024,early summer,San Francisco,"Washington, DC",1,United,306.5880372,38.9072,-77.0369
2024,early summer,San Francisco,"Washington, DC",1,United,443.8134518,38.9072,-77.0369
2024,early summer,San Francisco,"Washington, DC",1,United,443.985892,38.9072,-77.0369
2024,early summer,San Francisco,Nashville,1,United,399.9883935,36.1627,-86.7816
2024,early summer,San Francisco,Nashville,1,United,390.4690558,36.1627,-86.7816
2024,early summer,San Francisco,Nashville,1,United,392.6994474,36.1627,-86.7816
2024,early summer,San Francisco,Nashville,1,United,378.8107077,36.1627,-86.7816
2024,early summer,San Francisco,Nashville,2,United,157.4110449,36.1627,-86.7816
2024,early summer,San Francisco,Nashville,3,United,105.1247722,36.1627,-86.7816
2024,early summer,San Francisco,Nashville,4,United,82.85223018,36.1627,-86.7816
2024,early summer,San Francisco,Nashville,5,United,81.92519863,36.1627,-86.7816
2024,early summer,San Francisco,Nashville,1,United,454.0324929,36.1627,-86.7816
2024,early summer,San Francisco,Nashville,1,United,375.0910974,36.1627,-86.7816
2024,early summer,San Francisco,Nashville,1,United,396.547304,36.1627,-86.7816
2024,early summer,San Francisco,Nashville,1,United,394.228458,36.1627,-86.7816
2024,early summer,San Francisco,Nashville,1,United,390.9588205,36.1627,-86.7816
2024,early summer,San Francisco,Boston,1,United,526.0930493,42.3601,-71.0589
2024,early summer,San Francisco,Boston,1,United,370.4721634,42.3601,-71.0589
2024,early summer,San Francisco,Boston,1,United,434.6733917,42.3601,-71.0589
2024,early summer,San Francisco,Boston,2,United,198.7268531,42.3601,-71.0589
2024,early summer,San Francisco,Boston,3,United,120.4036837,42.3601,-71.0589
2024,early summer,San Francisco,Boston,4,United,94.00911268,42.3601,-71.0589
2024,early summer,San Francisco,Boston,1,United,469.6658459,42.3601,-71.0589
2024,early summer,San Francisco,Boston,1,United,370.5212763,42.3601,-71.0589
2024,early summer,San Francisco,Boston,1,United,414.98319,42.3601,-71.0589
2024,early summer,San Francisco,Boston,1,United,439.0033432,42.3601,-71.0589
2024,early summer,San Francisco,Boston,1,United,491.174086,42.3601,-71.0589
2024,early summer,San Francisco,Boston,1,United,351.876101,42.3601,-71.0589
2024,early summer,San Francisco,Boston,1,United,353.9097818,42.3601,-71.0589
2024,early summer,San Francisco,Boston,1,United,438.521025,42.3601,-71.0589
2024,early summer,San Francisco,Boston,1,United,364.170627,42.3601,-71.0589
2024,early summer,San Francisco,Boston,1,United,464.3731477,42.3601,-71.0589
2024,early summer,San Francisco,Boston,1,United,466.1920984,42.3601,-71.0589
2024,early summer,San Francisco,Boston,1,United,374.4024224,42.3601,-71.0589
2024,early summer,San Francisco,Boston,1,United,460.0035255,42.3601,-71.0589
2024,early summer,San Francisco,Boston,1,United,300.8951895,42.3601,-71.0589
2024,early summer,San Francisco,Boston,1,United,372.3786266,42.3601,-71.0589
2024,early summer,San Francisco,Boston,1,United,398.6231312,42.3601,-71.0589
2024,early summer,San Francisco,Boston,1,United,406.9469127,42.3601,-71.0589
2024,early summer,San Francisco,Boston,1,United,399.0078066,42.3601,-71.0589
2024,early summer,San Francisco,Boston,1,United,382.9066603,42.3601,-71.0589
2024,early summer,San Francisco,Boston,1,United,452.0939671,42.3601,-71.0589
2024,early summer,San Francisco,New York,1,United,438.9721683,40.7128,-74.006
2024,early summer,San Francisco,Honolulu,1,Southwest Airlines,323.0119711,21.3069,-157.8583
2024,early summer,San Francisco,"Washington, DC",1,Southwest Airlines,219.0014763,38.9072,-77.0369
2024,early summer,San Francisco,New York,1,United,423.6412505,40.7128,-74.006
2024,early summer,San Francisco,New York,1,United,403.7545886,40.7128,-74.006
2024,early summer,San Francisco,New York,1,United,509.7787517,40.7128,-74.006
2024,early summer,San Francisco,New York,1,United,367.1738066,40.7128,-74.006
2024,early summer,San Francisco,New York,1,United,408.3685522,40.7128,-74.006
2024,early summer,San Francisco,Chicago,1,United,282.8356979,41.8781,-87.6298
2024,early summer,San Francisco,New York,1,United,520.6462742,40.7128,-74.006
2024,early summer,San Francisco,Honolulu,1,United,477.5331385,21.3069,-157.8583
2024,early summer,San Francisco,Honolulu,2,United,184.9141731,21.3069,-157.8583
2024,early summer,San Francisco,Honolulu,3,United,109.4583927,21.3069,-157.8583
2024,early summer,San Francisco,Honolulu,4,United,85.24610677,21.3069,-157.8583
2024,early summer,San Francisco,"Washington, DC",1,United,521.2600902,38.9072,-77.0369
2024,early summer,San Francisco,"Washington, DC",1,United,496.9330179,38.9072,-77.0369
2024,early summer,San Francisco,Chicago,1,United,337.7881635,41.8781,-87.6298
2024,early summer,San Francisco,Chicago,1,United,329.0201363,41.8781,-87.6298
2024,early summer,San Francisco,Chicago,1,United,411.1872151,41.8781,-87.6298
2024,early summer,San Francisco,Chicago,1,United,290.4468666,41.8781,-87.6298
2024,early summer,San Francisco,Chicago,1,United,278.8109633,41.8781,-87.6298
2024,early summer,San Francisco,Chicago,1,United,237.3931425,41.8781,-87.6298
2024,early summer,San Francisco,Chicago,1,United,362.9100597,41.8781,-87.6298
2024,early summer,San Francisco,Chicago,1,United,381.1746744,41.8781,-87.6298
2024,early summer,San Francisco,Chicago,1,United,597.53957,41.8781,-87.6298
2024,early summer,San Francisco,Chicago,1,United,287.9610454,41.8781,-87.6298
2024,early summer,San Francisco,Chicago,1,United,429.5039878,41.8781,-87.6298
2024,early summer,San Francisco,Chicago,1,United,630.5013793,41.8781,-87.6298
2024,early summer,San Francisco,Chicago,1,United,396.9981555,41.8781,-87.6298
2024,early summer,San Francisco,Chicago,1,United,376.2890792,41.8781,-87.6298
2024,early summer,San Francisco,Chicago,1,United,250.8487609,41.8781,-87.6298
2024,early summer,San Francisco,Chicago,1,United,389.4347204,41.8781,-87.6298
2024,early summer,San Francisco,Chicago,1,United,557.5268206,41.8781,-87.6298
2024,early summer,San Francisco,Chicago,1,United,273.1307816,41.8781,-87.6298
2024,early summer,San Francisco,Chicago,1,United,281.9958147,41.8781,-87.6298
2024,early summer,San Francisco,Chicago,1,United,476.3269194,41.8781,-87.6298
2024,early summer,San Francisco,Chicago,1,United,422.3050132,41.8781,-87.6298
2024,early summer,San Francisco,Chicago,1,United,302.3510378,41.8781,-87.6298
2024,early summer,San Francisco,Chicago,1,United,422.6698789,41.8781,-87.6298
2024,early summer,San Francisco,Chicago,1,United,286.0846759,41.8781,-87.6298
2024,early summer,San Francisco,Chicago,1,United,438.6338253,41.8781,-87.6298
2024,early summer,San Francisco,Chicago,1,United,411.0176811,41.8781,-87.6298
2024,early summer,San Francisco,Chicago,1,United,347.5576539,41.8781,-87.6298
2024,early summer,San Francisco,San Diego,1,United,262.5117772,32.7157,-117.1611
2024,early summer,San Francisco,San Diego,1,United,277.1123893,32.7157,-117.1611
2024,early summer,San Francisco,"Washington, DC",1,United,347.6015254,38.9072,-77.0369
2024,early summer,San Francisco,New Orleans,1,United,353.5292124,29.9511,-90.0715
2024,early summer,San Francisco,Chicago,1,United,448.4622059,41.8781,-87.6298
2024,early summer,San Francisco,Nashville,7,United,84.51175277,36.1627,-86.7816
2024,early summer,San Francisco,Nashville,6,United,83.58329237,36.1627,-86.7816
2024,early summer,San Francisco,Boston,1,United,385.1268928,42.3601,-71.0589
2024,early summer,San Francisco,"Washington, DC",1,United,455.5211439,38.9072,-77.0369
2024,early summer,San Francisco,"Washington, DC",1,United,348.9841605,38.9072,-77.0369
2024,early summer,San Francisco,Chicago,1,United,508.1489324,41.8781,-87.6298
2024,early summer,San Francisco,Nashville,8,United,89.85434294,36.1627,-86.7816
2024,early summer,San Francisco,Boston,5,United,83.8174941,42.3601,-71.0589
2024,early summer,San Francisco,Boston,6,United,86.65848787,42.3601,-71.0589
2024,early summer,San Francisco,Boston,7,United,89.62529259,42.3601,-71.0589
2024,early summer,San Francisco,"Washington, DC",1,United,449.0524857,38.9072,-77.0369
2024,early summer,San Francisco,"Washington, DC",1,United,474.2587825,38.9072,-77.0369
2024,early summer,San Francisco,"Washington, DC",1,United,477.7153663,38.9072,-77.0369
2024,early summer,San Francisco,Chicago,1,United,660.0094849,41.8781,-87.6298
2024,early summer,San Francisco,Boston,1,United,451.0038018,42.3601,-71.0589
2024,early summer,San Francisco,San Diego,1,United,197.0144357,32.7157,-117.1611
2024,early summer,San Francisco,Boston,1,United,371.7479683,42.3601,-71.0589
2024,early summer,San Francisco,Chicago,1,United,584.4102533,41.8781,-87.6298
2024,early summer,San Francisco,Boston,1,United,380.8056133,42.3601,-71.0589
2024,early summer,San Francisco,"Washington, DC",1,United,348.0995424,38.9072,-77.0369
2024,early summer,San Francisco,Chicago,1,United,405.7746591,41.8781,-87.6298
2024,early summer,San Francisco,"Washington, DC",1,United,396.4814085,38.9072,-77.0369
2024,early summer,San Francisco,Chicago,1,United,528.2763567,41.8781,-87.6298
2024,early summer,San Francisco,Boston,1,United,340.9251259,42.3601,-71.0589
2024,early summer,San Francisco,Chicago,1,United,520.359541,41.8781,-87.6298
2024,early summer,San Francisco,"Washington, DC",5,United,95.15850599,38.9072,-77.0369
2024,early summer,San Francisco,"Washington, DC",6,United,93.12889021,38.9072,-77.0369
2024,early summer,San Francisco,"Washington, DC",9,United,103.134818,38.9072,-77.0369
2024,early summer,San Francisco,Boston,1,United,408.3159794,42.3601,-71.0589
2024,early summer,San Francisco,Chicago,1,United,611.5619491,41.8781,-87.6298
2024,early summer,San Francisco,Boston,1,United,417.3729083,42.3601,-71.0589
2024,early summer,San Francisco,New York,1,United,399.2265395,40.7128,-74.006
2024,early summer,San Francisco,"Washington, DC",7,United,97.39206202,38.9072,-77.0369
2024,early summer,San Francisco,Chicago,1,United,598.7511945,41.8781,-87.6298
2024,early summer,San Francisco,Boston,1,United,401.1871196,42.3601,-71.0589
2024,early summer,San Francisco,Nashville,2,United,156.5557125,36.1627,-86.7816
2024,early summer,San Francisco,Boston,1,United,271.6773922,42.3601,-71.0589
2024,early summer,San Francisco,Boston,1,United,372.6446912,42.3601,-71.0589
2024,early summer,San Francisco,"Washington, DC",1,United,468.1260466,38.9072,-77.0369
2024,early summer,San Francisco,Chicago,1,United,641.7006224,41.8781,-87.6298
2024,early summer,San Francisco,"Washington, DC",1,United,344.8299049,38.9072,-77.0369
2024,early summer,San Francisco,New York,1,United,498.2997469,40.7128,-74.006
2024,early summer,San Francisco,"Washington, DC",1,United,418.8605277,38.9072,-77.0369
2024,early summer,San Francisco,"Washington, DC",1,United,420.1462937,38.9072,-77.0369
2024,early summer,San Francisco,New York,1,United,391.9416455,40.7128,-74.006
2024,early summer,San Francisco,Chicago,1,United,423.5373635,41.8781,-87.6298
2024,early summer,San Francisco,Chicago,1,United,664.7363735,41.8781,-87.6298
2024,early summer,San Francisco,"Washington, DC",1,United,373.7117628,38.9072,-77.0369
2024,early summer,San Francisco,"Washington, DC",1,United,408.0506578,38.9072,-77.0369
2024,early summer,San Francisco,Chicago,1,United,385.4037654,41.8781,-87.6298
2024,early summer,San Francisco,"Washington, DC",1,United,282.4984941,38.9072,-77.0369
2024,early summer,San Francisco,Chicago,1,United,414.3130997,41.8781,-87.6298
2024,early summer,San Francisco,Chicago,1,United,429.1229223,41.8781,-87.6298
2024,early summer,San Francisco,Nashville,1,United,403.264866,36.1627,-86.7816
2024,early summer,San Francisco,New Orleans,1,United,436.3510211,29.9511,-90.0715
2024,early summer,San Francisco,Boston,1,United,607.3001754,42.3601,-71.0589
2024,early summer,San Francisco,Chicago,1,United,408.3668826,41.8781,-87.6298
2024,early summer,San Francisco,New Orleans,3,United,90.96892221,29.9511,-90.0715
2024,early summer,San Francisco,New Orleans,2,United,119.1556173,29.9511,-90.0715
2024,early summer,San Francisco,Boston,1,United,391.2105984,42.3601,-71.0589
2024,early summer,San Francisco,"Washington, DC",1,United,456.6460129,38.9072,-77.0369
2024,early summer,San Francisco,Boston,1,United,388.9441365,42.3601,-71.0589
2024,early summer,San Francisco,Chicago,1,United,521.5117122,41.8781,-87.6298
2024,early summer,San Francisco,Chicago,1,United,437.7064041,41.8781,-87.6298
2024,early summer,San Francisco,Boston,1,United,417.4585665,42.3601,-71.0589
2024,early summer,San Francisco,Nashville,1,United,413.7989963,36.1627,-86.7816
2024,early summer,San Francisco,Chicago,1,United,413.39019,41.8781,-87.6298
2024,early summer,San Francisco,Nashville,1,United,599.3001647,36.1627,-86.7816
2024,early summer,San Francisco,Boston,1,United,318.9371101,42.3601,-71.0589
2024,early summer,San Francisco,"Washington, DC",1,United,348.2491558,38.9072,-77.0369
2024,early summer,San Francisco,Boston,1,United,599.9439752,42.3601,-71.0589
2024,early summer,San Francisco,Seattle,1,United,246.493802,47.6062,-122.3321
2024,early summer,San Francisco,Seattle,1,United,293.5346092,47.6062,-122.3321
2024,early summer,San Francisco,Chicago,1,United,670.8914162,41.8781,-87.6298
2024,early summer,San Francisco,Nashville,1,United,591.7566236,36.1627,-86.7816
2024,early summer,San Francisco,Boston,2,United,130.6725179,42.3601,-71.0589
2024,early summer,San Francisco,Boston,1,United,400.4448024,42.3601,-71.0589
2024,early summer,San Francisco,"Washington, DC",1,United,408.5297936,38.9072,-77.0369
2024,early summer,San Francisco,Chicago,1,United,632.8406999,41.8781,-87.6298
2024,early summer,San Francisco,Boston,1,United,320.8984662,42.3601,-71.0589
2024,early summer,San Francisco,Honolulu,5,United,76.15365029,21.3069,-157.8583
2024,early summer,San Francisco,Honolulu,6,United,76.5283779,21.3069,-157.8583
2024,early summer,San Francisco,"Washington, DC",8,United,102.516932,38.9072,-77.0369
2024,early summer,San Francisco,"Washington, DC",11,United,102.516932,38.9072,-77.0369
2024,early summer,San Francisco,Nashville,1,United,421.2374835,36.1627,-86.7816
2024,early summer,San Francisco,Boston,2,United,157.4137104,42.3601,-71.0589
2024,early summer,San Francisco,Boston,1,United,407.9018341,42.3601,-71.0589
2024,early summer,San Francisco,Boston,1,United,407.3903184,42.3601,-71.0589
2024,early summer,San Francisco,New York,1,United,386.7171885,40.7128,-74.006
2024,early summer,San Francisco,New York,1,United,413.375118,40.7128,-74.006
2024,early summer,San Francisco,New Orleans,1,United,468.9185775,29.9511,-90.0715
2024,early summer,San Francisco,Chicago,1,United,502.9054582,41.8781,-87.6298
2024,early summer,San Francisco,"Washington, DC",1,United,443.6012772,38.9072,-77.0369
2024,early summer,San Francisco,Nashville,4,United,72.23611442,36.1627,-86.7816
2024,early summer,San Francisco,Boston,1,United,424.9400698,42.3601,-71.0589
2024,early summer,San Francisco,Boston,1,United,253.6699904,42.3601,-71.0589
2024,early summer,San Francisco,New Orleans,1,United,469.7505202,29.9511,-90.0715
2024,early summer,San Francisco,"Washington, DC",5,United,113.3559345,38.9072,-77.0369
2024,early summer,San Francisco,Chicago,1,United,476.3263835,41.8781,-87.6298
2024,early summer,San Francisco,"Washington, DC",1,United,500.5133105,38.9072,-77.0369
2024,early summer,San Francisco,New York,3,United,105.420005,40.7128,-74.006
2024,early summer,San Francisco,Boston,1,United,654.9392764,42.3601,-71.0589
2024,early summer,San Francisco,New Orleans,4,United,104.2039005,29.9511,-90.0715
2024,early summer,San Francisco,New Orleans,3,United,140.3909588,29.9511,-90.0715
2024,early summer,San Francisco,Nashville,1,United,342.4362355,36.1627,-86.7816
2024,early summer,San Francisco,"Washington, DC",1,United,309.8347477,38.9072,-77.0369
2024,early summer,San Francisco,New Orleans,1,United,354.6177342,29.9511,-90.0715
2024,early summer,San Francisco,Chicago,2,United,145.4294028,41.8781,-87.6298
2024,early summer,San Francisco,Boston,1,United,519.2759063,42.3601,-71.0589
2024,early summer,San Francisco,Chicago,1,United,708.2317482,41.8781,-87.6298
2024,early summer,San Francisco,Boston,1,United,545.5900787,42.3601,-71.0589
2024,early summer,San Francisco,Honolulu,1,United,336.647547,21.3069,-157.8583
2024,early summer,San Francisco,Honolulu,1,United,386.1370669,21.3069,-157.8583
2024,early summer,San Francisco,Nashville,1,United,379.0829029,36.1627,-86.7816
2024,early summer,San Francisco,Honolulu,1,United,524.1386058,21.3069,-157.8583
2024,early summer,San Francisco,"Washington, DC",1,United,508.550653,38.9072,-77.0369
2024,early summer,San Francisco,Honolulu,1,United,471.4375773,21.3069,-157.8583
2024,early summer,San Francisco,"Washington, DC",1,United,493.8411267,38.9072,-77.0369
2024,early summer,San Francisco,Honolulu,2,United,75.39519727,21.3069,-157.8583
2024,early summer,San Francisco,Honolulu,1,United,340.7004685,21.3069,-157.8583
2024,early summer,San Francisco,San Diego,1,United,165.165628,32.7157,-117.1611
2024,early summer,San Francisco,Seattle,1,United,165.0237282,47.6062,-122.3321
2024,early summer,San Francisco,Chicago,1,United,319.1700415,41.8781,-87.6298
2024,early summer,San Francisco,Boston,1,United,337.8738061,42.3601,-71.0589
2024,early summer,San Francisco,Nashville,1,,314.2574387,36.1627,-86.7816
2024,early summer,San Francisco,Boston,1,,390.2346885,42.3601,-71.0589
2024,early summer,San Francisco,Boston,1,,365.3466217,42.3601,-71.0589
2024,early summer,San Francisco,Boston,1,,353.7685524,42.3601,-71.0589
2024,early summer,San Francisco,Boston,1,,311.5759195,42.3601,-71.0589
2024,early summer,San Francisco,Boston,1,,329.7118195,42.3601,-71.0589
2024,early summer,San Francisco,"Washington, DC",1,,328.4765401,38.9072,-77.0369
2024,early summer,San Francisco,New York,1,,339.9608445,40.7128,-74.006
2024,early summer,San Francisco,Nashville,1,,607.424585,36.1627,-86.7816
2024,early summer,San Francisco,"Washington, DC",1,Southwest Airlines,286.8713533,38.9072,-77.0369
2024,early summer,San Francisco,New York,1,,329.3556174,40.7128,-74.006
2024,early summer,San Francisco,New York,2,,154.8732356,40.7128,-74.006
2024,early summer,San Francisco,New York,1,,354.7488706,40.7128,-74.006
2024,early summer,San Francisco,Chicago,1,Southwest Airlines,241.500001,41.8781,-87.6298
2024,early summer,San Francisco,Chicago,1,Delta,401.2330203,41.8781,-87.6298
2024,early summer,San Francisco,New Orleans,1,Delta,284.9094547,29.9511,-90.0715
2024,early summer,San Francisco,Chicago,1,Delta,328.2087611,41.8781,-87.6298
2024,early summer,San Francisco,New York,1,Southwest Airlines,244.826565,40.7128,-74.006
2024,early summer,San Francisco,San Diego,5,Southwest Airlines,54.11071496,32.7157,-117.1611
2024,early summer,San Francisco,Nashville,2,Southwest Airlines,147.1556328,36.1627,-86.7816
2024,early summer,San Francisco,Nashville,3,Southwest Airlines,107.5925241,36.1627,-86.7816
2024,early summer,San Francisco,Boston,2,Southwest Airlines,80.33080512,42.3601,-71.0589
2024,early summer,San Francisco,Nashville,1,Southwest Airlines,300.0780595,36.1627,-86.7816
2024,early summer,San Francisco,New York,1,Southwest Airlines,273.5099543,40.7128,-74.006
2024,early summer,San Francisco,New York,2,Southwest Airlines,111.3302451,40.7128,-74.006
2024,early summer,San Francisco,New York,2,Southwest Airlines,215.6122769,40.7128,-74.006
2024,early summer,San Francisco,Nashville,1,Delta,585.473062,36.1627,-86.7816
2024,early summer,San Francisco,Nashville,1,Delta,320.118063,36.1627,-86.7816
2024,early summer,San Francisco,Nashville,1,Delta,324.9797597,36.1627,-86.7816
2024,early summer,San Francisco,Nashville,1,Delta,330.451175,36.1627,-86.7816
2024,early summer,San Francisco,Boston,1,Delta,445.8188711,42.3601,-71.0589
2024,early summer,San Francisco,Boston,1,Delta,268.2783906,42.3601,-71.0589
2024,early summer,San Francisco,Boston,1,Delta,296.076248,42.3601,-71.0589
2024,early summer,San Francisco,Boston,1,Delta,375.1095985,42.3601,-71.0589
2024,early summer,San Francisco,Boston,2,Delta,137.075582,42.3601,-71.0589
2024,early summer,San Francisco,Boston,1,Delta,565.9274015,42.3601,-71.0589
2024,early summer,San Francisco,Boston,1,Delta,573.2381952,42.3601,-71.0589
2024,early summer,San Francisco,Boston,1,Delta,363.9186316,42.3601,-71.0589
2024,early summer,San Francisco,Boston,1,Delta,506.1938227,42.3601,-71.0589
2024,early summer,San Francisco,Boston,1,Delta,341.370786,42.3601,-71.0589
2024,early summer,San Francisco,Boston,1,Delta,533.1420115,42.3601,-71.0589
2024,early summer,San Francisco,Boston,1,Delta,497.8003425,42.3601,-71.0589
2024,early summer,San Francisco,Boston,1,Delta,351.4757839,42.3601,-71.0589
2024,early summer,San Francisco,Boston,1,Delta,395.9487773,42.3601,-71.0589
2024,early summer,San Francisco,Boston,1,Delta,357.0870793,42.3601,-71.0589
2024,early summer,San Francisco,"Washington, DC",1,Delta,496.657392,38.9072,-77.0369
2024,early summer,San Francisco,"Washington, DC",1,Delta,342.1023675,38.9072,-77.0369
2024,early summer,San Francisco,"Washington, DC",1,Delta,388.7697147,38.9072,-77.0369
2024,early summer,San Francisco,"Washington, DC",1,Delta,406.609622,38.9072,-77.0369
2024,early summer,San Francisco,"Washington, DC",1,Delta,551.965046,38.9072,-77.0369
2024,early summer,San Francisco,"Washington, DC",1,Delta,501.929445,38.9072,-77.0369
2024,early summer,San Francisco,"Washington, DC",1,Delta,456.5854213,38.9072,-77.0369
2024,early summer,San Francisco,"Washington, DC",1,Delta,451.5768772,38.9072,-77.0369
2024,early summer,San Francisco,New York,1,,306.3942479,40.7128,-74.006
2024,early summer,San Francisco,New York,1,,490.2507567,40.7128,-74.006
2024,early summer,San Francisco,New York,1,,357.7617194,40.7128,-74.006
2024,early summer,San Francisco,New York,1,,362.7699168,40.7128,-74.006
2024,early summer,San Francisco,New York,2,,162.8942818,40.7128,-74.006
2024,early summer,San Francisco,New York,1,,316.6449868,40.7128,-74.006
2024,early summer,San Francisco,New York,1,,358.1229861,40.7128,-74.006
2024,early summer,San Francisco,New York,1,,360.86979,40.7128,-74.006
2024,late summer,San Francisco,Chicago,1,Southwest Airlines,221.7779227,41.8781,-87.6298
2024,late summer,San Francisco,Chicago,1,Southwest Airlines,220.9076851,41.8781,-87.6298
2024,late summer,San Francisco,Chicago,1,Southwest Airlines,222.5390838,41.8781,-87.6298
2024,late summer,San Francisco,Chicago,1,Southwest Airlines,220.0455181,41.8781,-87.6298
2024,late summer,San Francisco,Chicago,1,Southwest Airlines,232.6013974,41.8781,-87.6298
2024,late summer,San Francisco,Chicago,1,Southwest Airlines,230.8123612,41.8781,-87.6298
2024,late summer,San Francisco,Chicago,1,Southwest Airlines,231.6375186,41.8781,-87.6298
2024,late summer,San Francisco,New York,1,Southwest Airlines,241.5225554,40.7128,-74.006
2024,late summer,San Francisco,Chicago,2,Southwest Airlines,120.9375747,41.8781,-87.6298
2024,late summer,San Francisco,Chicago,3,Southwest Airlines,66.40902651,41.8781,-87.6298
2024,late summer,San Francisco,Chicago,1,Southwest Airlines,240.6113664,41.8781,-87.6298
2024,late summer,San Francisco,Chicago,1,Southwest Airlines,205.1200687,41.8781,-87.6298
2024,late summer,San Francisco,Chicago,1,Southwest Airlines,202.4942713,41.8781,-87.6298
2024,late summer,San Francisco,Chicago,1,Southwest Airlines,276.7083538,41.8781,-87.6298
2024,late summer,San Francisco,New Orleans,1,Southwest Airlines,218.2710797,29.9511,-90.0715
2024,late summer,San Francisco,New Orleans,1,Southwest Airlines,281.7016537,29.9511,-90.0715
2024,late summer,San Francisco,New Orleans,1,Southwest Airlines,234.3911793,29.9511,-90.0715
2024,late summer,San Francisco,New Orleans,1,Southwest Airlines,222.9855976,29.9511,-90.0715
2024,late summer,San Francisco,New Orleans,1,Southwest Airlines,263.9175091,29.9511,-90.0715
2024,late summer,San Francisco,New Orleans,1,Southwest Airlines,206.4876544,29.9511,-90.0715
2024,late summer,San Francisco,New Orleans,1,Southwest Airlines,199.2049445,29.9511,-90.0715
2024,late summer,San Francisco,New Orleans,1,Southwest Airlines,310.0419771,29.9511,-90.0715
2024,late summer,San Francisco,New Orleans,1,Southwest Airlines,221.0741626,29.9511,-90.0715
2024,late summer,San Francisco,New Orleans,1,Southwest Airlines,230.7432723,29.9511,-90.0715
2024,late summer,San Francisco,New Orleans,1,Southwest Airlines,220.0589161,29.9511,-90.0715
2024,late summer,San Francisco,New Orleans,1,Southwest Airlines,222.5279672,29.9511,-90.0715
2024,late summer,San Francisco,"Washington, DC",1,,331.6036127,38.9072,-77.0369
2024,late summer,San Francisco,"Washington, DC",1,,343.2555166,38.9072,-77.0369
2024,late summer,San Francisco,"Washington, DC",1,,330.7351615,38.9072,-77.0369
2024,late summer,San Francisco,"Washington, DC",1,,332.149696,38.9072,-77.0369
2024,late summer,San Francisco,"Washington, DC",1,,302.6651127,38.9072,-77.0369
2024,late summer,San Francisco,"Washington, DC",1,,391.036796,38.9072,-77.0369
2024,late summer,San Francisco,"Washington, DC",1,,290.9898192,38.9072,-77.0369
2024,late summer,San Francisco,"Washington, DC",1,,357.5887256,38.9072,-77.0369
2024,late summer,San Francisco,"Washington, DC",1,,329.6674699,38.9072,-77.0369
2024,late summer,San Francisco,"Washington, DC",1,,380.9262746,38.9072,-77.0369
2024,late summer,San Francisco,New York,1,,412.4171169,40.7128,-74.006
2024,late summer,San Francisco,"Washington, DC",1,,419.952523,38.9072,-77.0369
2024,late summer,San Francisco,"Washington, DC",2,,154.4936699,38.9072,-77.0369
2024,late summer,San Francisco,"Washington, DC",1,,417.4700389,38.9072,-77.0369
2024,late summer,San Francisco,Chicago,1,,358.9908283,41.8781,-87.6298
2024,late summer,San Francisco,New York,1,,296.4163866,40.7128,-74.006
2024,late summer,San Francisco,"Washington, DC",1,,261.2715114,38.9072,-77.0369
2024,late summer,San Francisco,New York,1,,239.2668504,40.7128,-74.006
2024,late summer,San Francisco,"Washington, DC",1,,332.9144745,38.9072,-77.0369
2024,late summer,San Francisco,"Washington, DC",1,,356.6510578,38.9072,-77.0369
2024,late summer,San Francisco,Boston,1,,256.1005185,42.3601,-71.0589
2024,late summer,San Francisco,New York,1,,280.3928338,40.7128,-74.006
2024,late summer,San Francisco,New York,1,,294.6704924,40.7128,-74.006
2024,late summer,San Francisco,New York,1,,261.1433218,40.7128,-74.006
2024,late summer,San Francisco,New York,1,,293.8175069,40.7128,-74.006
2024,late summer,San Francisco,New York,1,,366.8113309,40.7128,-74.006
2024,late summer,San Francisco,New York,2,,269.810859,40.7128,-74.006
2024,late summer,San Francisco,New York,3,,181.3733599,40.7128,-74.006
2024,late summer,San Francisco,New York,4,,157.1212918,40.7128,-74.006
2024,late summer,San Francisco,New York,6,,132.7754699,40.7128,-74.006
2024,late summer,San Francisco,New York,5,,134.3571049,40.7128,-74.006
2024,late summer,San Francisco,New York,7,,138.836706,40.7128,-74.006
2024,late summer,San Francisco,New York,9,,141.1377359,40.7128,-74.006
2024,late summer,San Francisco,New York,10,,141.1377359,40.7128,-74.006
2024,late summer,San Francisco,New York,1,,336.6273516,40.7128,-74.006
2024,late summer,San Francisco,New York,1,,339.3165389,40.7128,-74.006
2024,late summer,San Francisco,New York,1,,295.9714284,40.7128,-74.006
2024,late summer,San Francisco,New York,1,,316.12886,40.7128,-74.006
2024,late summer,San Francisco,New York,1,,421.2672392,40.7128,-74.006
2024,late summer,San Francisco,New York,1,,300.6538439,40.7128,-74.006
2024,late summer,San Francisco,New York,1,,331.980421,40.7128,-74.006
2024,late summer,San Francisco,Nashville,1,,235.1979812,36.1627,-86.7816
2024,late summer,San Francisco,Nashville,1,,290.9983371,36.1627,-86.7816
2024,late summer,San Francisco,Nashville,1,,272.6579161,36.1627,-86.7816
2024,late summer,San Francisco,Nashville,1,,280.3714475,36.1627,-86.7816
2024,late summer,San Francisco,Nashville,1,,308.8264507,36.1627,-86.7816
2024,late summer,San Francisco,Nashville,1,,256.8512931,36.1627,-86.7816
2024,late summer,San Francisco,Nashville,1,,251.8922643,36.1627,-86.7816
2024,late summer,San Francisco,Nashville,1,,288.5006048,36.1627,-86.7816
2024,late summer,San Francisco,Nashville,1,,286.7552826,36.1627,-86.7816
2024,late summer,San Francisco,Nashville,1,,289.6433423,36.1627,-86.7816
2024,late summer,San Francisco,Boston,1,,317.5531562,42.3601,-71.0589
2024,late summer,San Francisco,Boston,1,,278.7370442,42.3601,-71.0589
2024,late summer,San Francisco,Boston,1,,324.3867743,42.3601,-71.0589
2024,late summer,San Francisco,Boston,1,,327.6381751,42.3601,-71.0589
2024,late summer,San Francisco,Boston,1,,274.9459802,42.3601,-71.0589
2024,late summer,San Francisco,Boston,1,,313.8108778,42.3601,-71.0589
2024,late summer,San Francisco,Boston,1,,374.860377,42.3601,-71.0589
2024,late summer,San Francisco,Boston,1,,263.0154597,42.3601,-71.0589
2024,late summer,San Francisco,Chicago,1,,309.8229065,41.8781,-87.6298
2024,late summer,San Francisco,Boston,1,,227.2430551,42.3601,-71.0589
2024,late summer,San Francisco,Boston,1,,314.0081514,42.3601,-71.0589
2024,late summer,San Francisco,Boston,1,,335.5181281,42.3601,-71.0589
2024,late summer,San Francisco,Chicago,1,,269.4796747,41.8781,-87.6298
2024,late summer,San Francisco,Chicago,1,Delta,356.0648087,41.8781,-87.6298
2024,late summer,San Francisco,Boston,1,Delta,397.6109453,42.3601,-71.0589
2024,late summer,San Francisco,New York,1,Delta,420.6896488,40.7128,-74.006
2024,late summer,San Francisco,Seattle,1,Alaska Airlines,251.0942672,47.6062,-122.3321
2024,late summer,San Francisco,Seattle,1,Alaska Airlines,254.8834521,47.6062,-122.3321
2024,late summer,San Francisco,Seattle,1,Alaska Airlines,258.518895,47.6062,-122.3321
2024,late summer,San Francisco,Seattle,1,Alaska Airlines,130.484897,47.6062,-122.3321
2024,late summer,San Francisco,Seattle,1,Alaska Airlines,196.028118,47.6062,-122.3321
2024,late summer,San Francisco,Seattle,2,Alaska Airlines,106.7305617,47.6062,-122.3321
2024,late summer,San Francisco,Seattle,1,Alaska Airlines,192.8926025,47.6062,-122.3321
2024,late summer,San Francisco,Seattle,2,Alaska Airlines,93.96861406,47.6062,-122.3321
2024,late summer,San Francisco,Seattle,2,Alaska Airlines,126.3666017,47.6062,-122.3321
2024,late summer,San Francisco,Seattle,3,Alaska Airlines,97.29984268,47.6062,-122.3321
2024,late summer,San Francisco,Seattle,4,Alaska Airlines,81.03259935,47.6062,-122.3321
2024,late summer,San Francisco,Seattle,5,Alaska Airlines,76.22882699,47.6062,-122.3321
2024,late summer,San Francisco,Seattle,2,Alaska Airlines,105.0225795,47.6062,-122.3321
2024,late summer,San Francisco,Seattle,1,Alaska Airlines,205.3165703,47.6062,-122.3321
2024,late summer,San Francisco,"Washington, DC",1,Alaska Airlines,275.5121517,38.9072,-77.0369
2024,late summer,San Francisco,New York,1,Alaska Airlines,366.824398,40.7128,-74.006
2024,late summer,San Francisco,Boston,1,Alaska Airlines,341.0096504,42.3601,-71.0589
2024,late summer,San Francisco,Boston,2,Alaska Airlines,167.1611791,42.3601,-71.0589
2024,late summer,San Francisco,Boston,3,Alaska Airlines,108.7782492,42.3601,-71.0589
2024,late summer,San Francisco,Boston,5,Alaska Airlines,76.25018299,42.3601,-71.0589
2024,late summer,San Francisco,Boston,4,Alaska Airlines,83.18050173,42.3601,-71.0589
2024,late summer,San Francisco,New York,1,Alaska Airlines,349.9394193,40.7128,-74.006
2024,late summer,San Francisco,Boston,6,Alaska Airlines,78.71644914,42.3601,-71.0589
2024,late summer,San Francisco,"Washington, DC",1,Alaska Airlines,371.3713658,38.9072,-77.0369
2024,late summer,San Francisco,"Washington, DC",3,Alaska Airlines,111.840922,38.9072,-77.0369
2024,late summer,San Francisco,"Washington, DC",2,Alaska Airlines,183.7513507,38.9072,-77.0369
2024,late summer,San Francisco,"Washington, DC",4,Alaska Airlines,82.73314418,38.9072,-77.0369
2024,late summer,San Francisco,"Washington, DC",5,Alaska Airlines,72.25508049,38.9072,-77.0369
2024,late summer,San Francisco,"Washington, DC",6,Alaska Airlines,72.25508049,38.9072,-77.0369
2024,late summer,San Francisco,Boston,1,Alaska Airlines,319.5506239,42.3601,-71.0589
2024,late summer,San Francisco,New York,1,Alaska Airlines,335.5304084,40.7128,-74.006
2024,late summer,San Francisco,New York,2,Alaska Airlines,150.0656379,40.7128,-74.006
2024,late summer,San Francisco,Boston,1,Alaska Airlines,322.0414814,42.3601,-71.0589
2024,late summer,San Francisco,Boston,2,Alaska Airlines,138.3482891,42.3601,-71.0589
2024,late summer,San Francisco,New York,1,Alaska Airlines,337.8276423,40.7128,-74.006
2024,late summer,San Francisco,New York,2,Alaska Airlines,150.8120492,40.7128,-74.006
2024,late summer,San Francisco,New York,3,Alaska Airlines,86.47952462,40.7128,-74.006
2024,late summer,San Francisco,Honolulu,1,Alaska Airlines,334.3941163,21.3069,-157.8583
2024,late summer,San Francisco,Honolulu,2,Alaska Airlines,145.9504499,21.3069,-157.8583
2024,late summer,San Francisco,Honolulu,3,Alaska Airlines,93.86071421,21.3069,-157.8583
2024,late summer,San Francisco,Honolulu,4,Alaska Airlines,72.6268683,21.3069,-157.8583
2024,late summer,San Francisco,Honolulu,5,Alaska Airlines,64.98756258,21.3069,-157.8583
2024,late summer,San Francisco,"Washington, DC",1,Alaska Airlines,370.8671934,38.9072,-77.0369
2024,late summer,San Francisco,"Washington, DC",2,Alaska Airlines,179.8622078,38.9072,-77.0369
2024,late summer,San Francisco,"Washington, DC",3,Alaska Airlines,110.384661,38.9072,-77.0369
2024,late summer,San Francisco,"Washington, DC",4,Alaska Airlines,81.27688318,38.9072,-77.0369
2024,late summer,San Francisco,"Washington, DC",6,Alaska Airlines,70.79881949,38.9072,-77.0369
2024,late summer,San Francisco,"Washington, DC",5,Alaska Airlines,70.79881949,38.9072,-77.0369
2024,late summer,San Francisco,"Washington, DC",7,Alaska Airlines,75.06199131,38.9072,-77.0369
2024,late summer,San Francisco,Boston,1,Alaska Airlines,306.2906679,42.3601,-71.0589
2024,late summer,San Francisco,Boston,4,Alaska Airlines,36.41180427,42.3601,-71.0589
2024,late summer,San Francisco,New York,1,Alaska Airlines,328.1710173,40.7128,-74.006
2024,late summer,San Francisco,New York,1,Alaska Airlines,392.4371492,40.7128,-74.006
2024,late summer,San Francisco,New York,2,Alaska Airlines,225.8884498,40.7128,-74.006
2024,late summer,San Francisco,New York,3,Alaska Airlines,145.3779235,40.7128,-74.006
2024,late summer,San Francisco,New York,4,Alaska Airlines,121.1764746,40.7128,-74.006
2024,late summer,San Francisco,New York,5,Alaska Airlines,100.0484495,40.7128,-74.006
2024,late summer,San Francisco,New York,6,Alaska Airlines,100.0484495,40.7128,-74.006
2024,late summer,San Francisco,New York,7,Alaska Airlines,106.1096856,40.7128,-74.006
2024,late summer,San Francisco,New York,9,Alaska Airlines,108.4107155,40.7128,-74.006
2024,late summer,San Francisco,New York,14,Alaska Airlines,97.62665778,40.7128,-74.006
2024,late summer,San Francisco,New York,8,Alaska Airlines,108.4107155,40.7128,-74.006
2024,late summer,San Francisco,Boston,1,Alaska Airlines,339.1722988,42.3601,-71.0589
2024,late summer,San Francisco,Boston,2,Alaska Airlines,147.776104,42.3601,-71.0589
2024,late summer,San Francisco,Honolulu,1,Alaska Airlines,369.5265654,21.3069,-157.8583
2024,late summer,San Francisco,"Washington, DC",1,Alaska Airlines,314.0571496,38.9072,-77.0369
2024,late summer,San Francisco,"Washington, DC",1,Alaska Airlines,306.8740115,38.9072,-77.0369
2024,late summer,San Francisco,San Diego,1,Alaska Airlines,115.2862263,32.7157,-117.1611
2024,late summer,San Francisco,Honolulu,1,Alaska Airlines,202.2209866,21.3069,-157.8583
2024,late summer,San Francisco,Chicago,1,Alaska Airlines,304.0376476,41.8781,-87.6298
2024,late summer,San Francisco,Chicago,2,Alaska Airlines,130.7439311,41.8781,-87.6298
2024,late summer,San Francisco,Chicago,3,Alaska Airlines,88.09241209,41.8781,-87.6298
2024,late summer,San Francisco,Chicago,5,Alaska Airlines,62.32777309,41.8781,-87.6298
2024,late summer,San Francisco,Chicago,6,Alaska Airlines,62.32777309,41.8781,-87.6298
2024,late summer,San Francisco,Chicago,4,Alaska Airlines,67.65132494,41.8781,-87.6298
2024,late summer,San Francisco,Boston,1,Alaska Airlines,283.653047,42.3601,-71.0589
2024,late summer,San Francisco,"Washington, DC",1,Alaska Airlines,355.7955609,38.9072,-77.0369
2024,late summer,San Francisco,"Washington, DC",1,Alaska Airlines,240.2388844,38.9072,-77.0369
2024,late summer,San Francisco,New York,1,Alaska Airlines,275.9630381,40.7128,-74.006
2024,late summer,San Francisco,New York,1,Alaska Airlines,319.719103,40.7128,-74.006
2024,late summer,San Francisco,New Orleans,1,Alaska Airlines,277.7807961,29.9511,-90.0715
2024,late summer,San Francisco,"Washington, DC",1,Alaska Airlines,331.0231965,38.9072,-77.0369
2024,late summer,San Francisco,Nashville,1,Alaska Airlines,290.7923725,36.1627,-86.7816
2024,late summer,San Francisco,Boston,1,Alaska Airlines,328.2698354,42.3601,-71.0589
2024,late summer,San Francisco,"Washington, DC",1,Alaska Airlines,418.1305325,38.9072,-77.0369
2024,late summer,San Francisco,New York,1,Alaska Airlines,220.3790065,40.7128,-74.006
2024,late summer,San Francisco,New York,2,Alaska Airlines,19.66072604,40.7128,-74.006
2024,late summer,San Francisco,Chicago,1,Alaska Airlines,269.2295597,41.8781,-87.6298
2024,late summer,San Francisco,Seattle,1,Alaska Airlines,189.1598406,47.6062,-122.3321
2024,late summer,San Francisco,San Diego,1,Alaska Airlines,202.7799898,32.7157,-117.1611
2024,late summer,San Francisco,San Diego,2,Alaska Airlines,99.5344518,32.7157,-117.1611
2024,late summer,San Francisco,San Diego,3,Alaska Airlines,83.60742615,32.7157,-117.1611
2024,late summer,San Francisco,San Diego,4,Alaska Airlines,67.34018282,32.7157,-117.1611
2024,late summer,San Francisco,Boston,1,Alaska Airlines,321.5870267,42.3601,-71.0589
2024,late summer,San Francisco,New York,1,Alaska Airlines,316.2563136,40.7128,-74.006
2024,late summer,San Francisco,Nashville,1,Alaska Airlines,335.3686682,36.1627,-86.7816
2024,late summer,San Francisco,Nashville,2,Alaska Airlines,152.3996462,36.1627,-86.7816
2024,late summer,San Francisco,Boston,1,Alaska Airlines,513.8940791,42.3601,-71.0589
2024,late summer,San Francisco,"Washington, DC",1,Alaska Airlines,289.8844218,38.9072,-77.0369
2024,late summer,San Francisco,Honolulu,1,Alaska Airlines,274.5537924,21.3069,-157.8583
2024,late summer,San Francisco,Honolulu,2,Alaska Airlines,110.5371869,21.3069,-157.8583
2024,late summer,San Francisco,"Washington, DC",1,Alaska Airlines,391.0006937,38.9072,-77.0369
2024,late summer,San Francisco,New York,1,Alaska Airlines,332.2156225,40.7128,-74.006
2024,late summer,San Francisco,New Orleans,1,Alaska Airlines,277.1354124,29.9511,-90.0715
2024,late summer,San Francisco,New York,1,Delta,365.5249415,40.7128,-74.006
2024,late summer,San Francisco,Nashville,1,Delta,282.0583399,36.1627,-86.7816
2024,late summer,San Francisco,New York,1,Delta,391.8312424,40.7128,-74.006
2024,late summer,San Francisco,Nashville,1,Delta,276.0703488,36.1627,-86.7816
2024,late summer,San Francisco,Nashville,1,Delta,316.768053,36.1627,-86.7816
2024,late summer,San Francisco,Nashville,1,Delta,276.5410864,36.1627,-86.7816
2024,late summer,San Francisco,Nashville,1,Delta,305.8211869,36.1627,-86.7816
2024,late summer,San Francisco,Nashville,1,Delta,299.4442054,36.1627,-86.7816
2024,late summer,San Francisco,Nashville,1,Delta,291.3564799,36.1627,-86.7816
2024,late summer,San Francisco,Nashville,1,Delta,288.31959,36.1627,-86.7816
2024,late summer,San Francisco,Nashville,2,Delta,125.0728653,36.1627,-86.7816
2024,late summer,San Francisco,Boston,1,Delta,453.057824,42.3601,-71.0589
2024,late summer,San Francisco,Boston,1,Delta,256.4716128,42.3601,-71.0589
2024,late summer,San Francisco,Boston,1,Delta,339.5372144,42.3601,-71.0589
2024,late summer,San Francisco,Boston,1,Delta,417.319142,42.3601,-71.0589
2024,late summer,San Francisco,Boston,1,Delta,329.2528016,42.3601,-71.0589
2024,late summer,San Francisco,Boston,2,Delta,189.7023246,42.3601,-71.0589
2024,late summer,San Francisco,Boston,3,Delta,114.7198213,42.3601,-71.0589
2024,late summer,San Francisco,Boston,4,Delta,90.10565005,42.3601,-71.0589
2024,late summer,San Francisco,Boston,5,Delta,80.69258166,42.3601,-71.0589
2024,late summer,San Francisco,New York,1,Delta,412.583127,40.7128,-74.006
2024,late summer,San Francisco,Boston,1,Delta,375.8310965,42.3601,-71.0589
2024,late summer,San Francisco,Boston,1,Delta,280.4476565,42.3601,-71.0589
2024,late summer,San Francisco,Boston,2,Delta,117.0716633,42.3601,-71.0589
2024,late summer,San Francisco,Boston,1,Delta,379.789797,42.3601,-71.0589
2024,late summer,San Francisco,Boston,1,Delta,330.8778955,42.3601,-71.0589
2024,late summer,San Francisco,Boston,1,Delta,407.2472635,42.3601,-71.0589
2024,late summer,San Francisco,Boston,1,Delta,500.0505214,42.3601,-71.0589
2024,late summer,San Francisco,Boston,1,Delta,327.7678131,42.3601,-71.0589
2024,late summer,San Francisco,Boston,1,Delta,343.2819509,42.3601,-71.0589
2024,late summer,San Francisco,Boston,1,Delta,330.2357543,42.3601,-71.0589
2024,late summer,San Francisco,Boston,1,Delta,313.2508781,42.3601,-71.0589
2024,late summer,San Francisco,Boston,1,Delta,329.9471261,42.3601,-71.0589
2024,late summer,San Francisco,Boston,1,Delta,308.4137484,42.3601,-71.0589
2024,late summer,San Francisco,Boston,1,Delta,517.4410547,42.3601,-71.0589
2024,late summer,San Francisco,Boston,1,Delta,396.6848459,42.3601,-71.0589
2024,late summer,San Francisco,Boston,1,Delta,350.1436767,42.3601,-71.0589
2024,late summer,San Francisco,Boston,1,Delta,353.3906813,42.3601,-71.0589
2024,late summer,San Francisco,New York,1,Delta,322.2926276,40.7128,-74.006
2024,late summer,San Francisco,"Washington, DC",1,Delta,361.5579466,38.9072,-77.0369
2024,late summer,San Francisco,"Washington, DC",1,Delta,374.7611513,38.9072,-77.0369
2024,late summer,San Francisco,New York,3,,36.46242827,40.7128,-74.006
2024,late summer,San Francisco,New York,2,,105.4485009,40.7128,-74.006
2024,late summer,San Francisco,New York,1,,240.3667212,40.7128,-74.006
2024,late summer,San Francisco,New York,1,,279.8733816,40.7128,-74.006
2024,late summer,San Francisco,New York,1,,282.4246693,40.7128,-74.006
2024,late summer,San Francisco,Chicago,1,Delta,348.2146902,41.8781,-87.6298
2024,late summer,San Francisco,Chicago,1,Delta,317.9900176,41.8781,-87.6298
2024,late summer,San Francisco,Chicago,1,Delta,350.0484058,41.8781,-87.6298
2024,late summer,San Francisco,Chicago,1,Delta,342.182013,41.8781,-87.6298
2024,late summer,San Francisco,Chicago,1,Delta,294.0552427,41.8781,-87.6298
2024,late summer,San Francisco,Chicago,1,Delta,298.9732418,41.8781,-87.6298
2024,late summer,San Francisco,Chicago,1,Delta,308.5799169,41.8781,-87.6298
2024,late summer,San Francisco,Chicago,1,Delta,276.4476508,41.8781,-87.6298
2024,late summer,San Francisco,New York,1,Delta,365.8226333,40.7128,-74.006
2024,late summer,San Francisco,"Washington, DC",1,Delta,372.936968,38.9072,-77.0369
2024,late summer,San Francisco,Seattle,1,Delta,165.0166615,47.6062,-122.3321
2024,late summer,San Francisco,Seattle,1,Delta,214.4417326,47.6062,-122.3321
2024,late summer,San Francisco,Seattle,2,Delta,99.45545736,47.6062,-122.3321
2024,late summer,San Francisco,Seattle,3,Delta,70.73688895,47.6062,-122.3321
2024,late summer,San Francisco,Seattle,4,Delta,53.57199585,47.6062,-122.3321
2024,late summer,San Francisco,Seattle,1,Delta,226.8224741,47.6062,-122.3321
2024,late summer,San Francisco,Seattle,1,Delta,302.9970932,47.6062,-122.3321
2024,late summer,San Francisco,Boston,1,Delta,407.4591722,42.3601,-71.0589
2024,late summer,San Francisco,Nashville,2,Delta,115.5332796,36.1627,-86.7816
2024,late summer,San Francisco,Nashville,3,Delta,75.80076148,36.1627,-86.7816
2024,late summer,San Francisco,Boston,2,Delta,159.1782731,42.3601,-71.0589
2024,late summer,San Francisco,Boston,1,Delta,237.8195953,42.3601,-71.0589
2024,late summer,San Francisco,Nashville,1,Delta,280.8449507,36.1627,-86.7816
2024,late summer,San Francisco,New York,1,Delta,511.791028,40.7128,-74.006
2024,late summer,San Francisco,New York,1,Delta,444.2981564,40.7128,-74.006
2024,late summer,San Francisco,New York,1,Delta,535.0048679,40.7128,-74.006
2024,late summer,San Francisco,New York,1,Delta,482.1785034,40.7128,-74.006
2024,late summer,San Francisco,"Washington, DC",1,Delta,390.1178946,38.9072,-77.0369
2024,late summer,San Francisco,"Washington, DC",2,Delta,182.4225852,38.9072,-77.0369
2024,late summer,San Francisco,"Washington, DC",1,Delta,377.2202559,38.9072,-77.0369
2024,late summer,San Francisco,"Washington, DC",2,Delta,169.5249466,38.9072,-77.0369
2024,late summer,San Francisco,New Orleans,1,Delta,795.1571415,29.9511,-90.0715
2024,late summer,San Francisco,New York,1,Delta,613.6594228,40.7128,-74.006
2024,late summer,San Francisco,New York,1,Delta,502.7705414,40.7128,-74.006
2024,late summer,San Francisco,New York,1,Delta,299.2275661,40.7128,-74.006
2024,late summer,San Francisco,New York,2,Delta,165.6993155,40.7128,-74.006
2024,late summer,San Francisco,New York,3,Delta,119.8772929,40.7128,-74.006
2024,late summer,San Francisco,New York,4,Delta,107.5290449,40.7128,-74.006
2024,late summer,San Francisco,New York,1,Delta,619.2151128,40.7128,-74.006
2024,late summer,San Francisco,New Orleans,1,Delta,259.3738259,29.9511,-90.0715
2024,late summer,San Francisco,New Orleans,2,Delta,93.06403435,29.9511,-90.0715
2024,late summer,San Francisco,Chicago,2,Delta,141.9349686,41.8781,-87.6298
2024,late summer,San Francisco,New York,1,Delta,373.4508805,40.7128,-74.006
2024,late summer,San Francisco,Boston,1,Delta,482.512347,42.3601,-71.0589
2024,late summer,San Francisco,New York,1,Delta,502.7529872,40.7128,-74.006
2024,late summer,San Francisco,"Washington, DC",1,Delta,433.9956721,38.9072,-77.0369
2024,late summer,San Francisco,Boston,6,Delta,82.355921,42.3601,-71.0589
2024,late summer,San Francisco,Nashville,1,Delta,390.0135786,36.1627,-86.7816
2024,late summer,San Francisco,"Washington, DC",1,Delta,483.339904,38.9072,-77.0369
2024,late summer,San Francisco,New York,1,Delta,417.565707,40.7128,-74.006
2024,late summer,San Francisco,New York,1,Delta,404.0558043,40.7128,-74.006
2024,late summer,San Francisco,New York,1,Delta,635.0855721,40.7128,-74.006
2024,late summer,San Francisco,Chicago,1,Delta,330.5399545,41.8781,-87.6298
2024,late summer,San Francisco,New York,1,Delta,327.3368151,40.7128,-74.006
2024,late summer,San Francisco,New York,1,Delta,412.3743865,40.7128,-74.006
2024,late summer,San Francisco,New York,1,Delta,333.3616482,40.7128,-74.006
2024,late summer,San Francisco,New Orleans,1,Delta,808.6213113,29.9511,-90.0715
2024,late summer,San Francisco,Boston,2,Delta,233.3167271,42.3601,-71.0589
2024,late summer,San Francisco,"Washington, DC",1,Delta,277.7473897,38.9072,-77.0369
2024,late summer,San Francisco,New York,1,Delta,368.697119,40.7128,-74.006
2024,late summer,San Francisco,New York,1,Delta,280.1886907,40.7128,-74.006
2024,late summer,San Francisco,New York,1,Delta,415.1831148,40.7128,-74.006
2024,late summer,San Francisco,Boston,1,Delta,224.1364319,42.3601,-71.0589
2024,late summer,San Francisco,Boston,1,Delta,334.9755632,42.3601,-71.0589
2024,late summer,San Francisco,New York,1,Delta,328.5519843,40.7128,-74.006
2024,late summer,San Francisco,"Washington, DC",1,Delta,359.8880608,38.9072,-77.0369
2024,late summer,San Francisco,New York,1,Delta,388.2774606,40.7128,-74.006
2024,late summer,San Francisco,Boston,1,Delta,365.5570754,42.3601,-71.0589
2024,late summer,San Francisco,New York,1,Delta,274.935993,40.7128,-74.006
2024,late summer,San Francisco,New York,2,Delta,136.5186936,40.7128,-74.006
2024,late summer,San Francisco,Chicago,2,Delta,142.4675361,41.8781,-87.6298
2024,late summer,San Francisco,"Washington, DC",1,Delta,323.4579937,38.9072,-77.0369
2024,late summer,San Francisco,Boston,1,Delta,324.1240343,42.3601,-71.0589
2024,late summer,San Francisco,New York,1,Delta,319.1360037,40.7128,-74.006
2024,late summer,San Francisco,New York,1,Delta,322.3020117,40.7128,-74.006
2024,late summer,San Francisco,Boston,1,Delta,454.5803786,42.3601,-71.0589
2024,late summer,San Francisco,New York,1,Delta,416.6887307,40.7128,-74.006
2024,late summer,San Francisco,New York,1,Delta,364.3589892,40.7128,-74.006
2024,late summer,San Francisco,New York,1,Delta,282.6849742,40.7128,-74.006
2024,late summer,San Francisco,Boston,1,Delta,396.4993648,42.3601,-71.0589
2024,late summer,San Francisco,New York,1,Delta,378.4330109,40.7128,-74.006
2024,late summer,San Francisco,New York,1,Delta,383.8893501,40.7128,-74.006
2024,late summer,San Francisco,New York,2,Delta,268.0126979,40.7128,-74.006
2024,late summer,San Francisco,New York,3,Delta,174.5597045,40.7128,-74.006
2024,late summer,San Francisco,New York,4,Delta,148.7772541,40.7128,-74.006
2024,late summer,San Francisco,New York,5,Delta,125.1664794,40.7128,-74.006
2024,late summer,San Francisco,New York,7,Delta,129.550064,40.7128,-74.006
2024,late summer,San Francisco,New York,6,Delta,121.9592092,40.7128,-74.006
2024,late summer,San Francisco,New York,8,Delta,129.550064,40.7128,-74.006
2024,late summer,San Francisco,New York,12,Delta,126.739626,40.7128,-74.006
2024,late summer,San Francisco,New York,10,Delta,129.550064,40.7128,-74.006
2024,late summer,San Francisco,New York,9,Delta,129.550064,40.7128,-74.006
2024,late summer,San Francisco,New York,15,Delta,126.739626,40.7128,-74.006
2024,late summer,San Francisco,New York,20,Delta,126.739626,40.7128,-74.006
2024,late summer,San Francisco,Boston,1,Delta,365.707899,42.3601,-71.0589
2024,late summer,San Francisco,Boston,4,Delta,63.37625901,42.3601,-71.0589
2024,late summer,San Francisco,"Washington, DC",1,Delta,474.2022399,38.9072,-77.0369
2024,late summer,San Francisco,"Washington, DC",1,Delta,407.2730536,38.9072,-77.0369
2024,late summer,San Francisco,"Washington, DC",1,Delta,388.084498,38.9072,-77.0369
2024,late summer,San Francisco,Boston,1,Delta,397.2065876,42.3601,-71.0589
2024,late summer,San Francisco,"Washington, DC",1,Delta,493.6955492,38.9072,-77.0369
2024,late summer,San Francisco,Chicago,1,Delta,390.4459588,41.8781,-87.6298
2024,late summer,San Francisco,Nashville,2,Delta,109.7867343,36.1627,-86.7816
2024,late summer,San Francisco,Honolulu,1,Delta,351.0500319,21.3069,-157.8583
2024,late summer,San Francisco,Honolulu,2,Delta,131.5839591,21.3069,-157.8583
2024,late summer,San Francisco,Chicago,1,Delta,327.678684,41.8781,-87.6298
2024,late summer,San Francisco,New York,1,Delta,389.1262053,40.7128,-74.006
2024,late summer,San Francisco,Honolulu,1,Delta,538.9362281,21.3069,-157.8583
2024,late summer,San Francisco,New York,1,Delta,361.421044,40.7128,-74.006
2024,late summer,San Francisco,New York,1,Delta,413.9669412,40.7128,-74.006
2024,late summer,San Francisco,New York,1,Delta,275.7926795,40.7128,-74.006
2024,late summer,San Francisco,New York,1,Delta,391.1459306,40.7128,-74.006
2024,late summer,San Francisco,Nashville,1,Delta,291.7335138,36.1627,-86.7816
2024,late summer,San Francisco,"Washington, DC",1,Delta,448.9760586,38.9072,-77.0369
2024,late summer,San Francisco,New Orleans,1,Delta,249.0605956,29.9511,-90.0715
2024,late summer,San Francisco,New Orleans,2,Delta,109.2853269,29.9511,-90.0715
2024,late summer,San Francisco,New Orleans,3,Delta,70.5721747,29.9511,-90.0715
2024,late summer,San Francisco,San Diego,1,Delta,255.863231,32.7157,-117.1611
2024,late summer,San Francisco,San Diego,2,Delta,128.9322223,32.7157,-117.1611
2024,late summer,San Francisco,Seattle,1,Delta,261.8513866,47.6062,-122.3321
2024,late summer,San Francisco,Seattle,2,Delta,136.0776099,47.6062,-122.3321
2024,late summer,San Francisco,New York,1,Delta,479.0447937,40.7128,-74.006
2024,late summer,San Francisco,New York,1,Delta,416.680232,40.7128,-74.006
2024,late summer,San Francisco,New York,1,Delta,331.9029182,40.7128,-74.006
2024,late summer,San Francisco,"Washington, DC",1,Delta,250.8489166,38.9072,-77.0369
2024,late summer,San Francisco,New York,1,Delta,365.0390467,40.7128,-74.006
2024,late summer,San Francisco,"Washington, DC",1,Delta,384.8541305,38.9072,-77.0369
2024,late summer,San Francisco,"Washington, DC",2,Delta,200.972307,38.9072,-77.0369
2024,late summer,San Francisco,Nashville,1,Delta,271.4488501,36.1627,-86.7816
2024,late summer,San Francisco,New York,1,Delta,516.0648974,40.7128,-74.006
2024,late summer,San Francisco,New York,1,Delta,389.9738901,40.7128,-74.006
2024,late summer,San Francisco,"Washington, DC",1,Delta,328.9107834,38.9072,-77.0369
2024,late summer,San Francisco,New Orleans,1,Delta,251.1293529,29.9511,-90.0715
2024,late summer,San Francisco,New York,1,Delta,537.5275782,40.7128,-74.006
2024,late summer,San Francisco,Honolulu,1,Delta,226.2041963,21.3069,-157.8583
2024,late summer,San Francisco,"Washington, DC",1,Delta,444.7281251,38.9072,-77.0369
2024,late summer,San Francisco,Nashville,1,Delta,271.5879796,36.1627,-86.7816
2024,late summer,San Francisco,"Washington, DC",1,Delta,504.5985303,38.9072,-77.0369
2024,late summer,San Francisco,Chicago,1,Delta,365.3054253,41.8781,-87.6298
2024,late summer,San Francisco,Nashville,3,Delta,85.34034715,36.1627,-86.7816
2024,late summer,San Francisco,"Washington, DC",1,Delta,361.4482209,38.9072,-77.0369
2024,late summer,San Francisco,"Washington, DC",1,Delta,355.3978928,38.9072,-77.0369
2024,late summer,San Francisco,Boston,1,Delta,358.546437,42.3601,-71.0589
2024,late summer,San Francisco,New York,1,Delta,429.6927335,40.7128,-74.006
2024,late summer,San Francisco,New York,1,Delta,478.0784825,40.7128,-74.006
2024,late summer,San Francisco,Honolulu,1,Delta,501.6492415,21.3069,-157.8583
2024,late summer,San Francisco,Boston,1,Delta,548.3603815,42.3601,-71.0589
2024,late summer,San Francisco,New York,1,Delta,393.3717428,40.7128,-74.006
2024,late summer,San Francisco,Boston,1,Delta,388.1067988,42.3601,-71.0589
2024,late summer,San Francisco,Boston,1,Delta,422.1666964,42.3601,-71.0589
2024,late summer,San Francisco,Boston,1,Delta,485.5582118,42.3601,-71.0589
2024,late summer,San Francisco,New Orleans,1,Delta,246.2404955,29.9511,-90.0715
2024,late summer,San Francisco,New Orleans,2,Delta,106.4652268,29.9511,-90.0715
2024,late summer,San Francisco,Chicago,2,Delta,163.1053904,41.8781,-87.6298
2024,late summer,San Francisco,New York,1,Delta,349.636966,40.7128,-74.006
2024,late summer,San Francisco,Boston,1,Delta,307.5869874,42.3601,-71.0589
2024,late summer,San Francisco,Seattle,1,Delta,320.6346892,47.6062,-122.3321
2024,late summer,San Francisco,New York,1,Delta,362.8597337,40.7128,-74.006
2024,late summer,San Francisco,Chicago,1,Delta,379.6201176,41.8781,-87.6298
2024,late summer,San Francisco,New Orleans,1,Delta,271.350513,29.9511,-90.0715
2024,late summer,San Francisco,New Orleans,1,Delta,254.4447838,29.9511,-90.0715
2024,late summer,San Francisco,New Orleans,1,Delta,201.2440493,29.9511,-90.0715
2024,late summer,San Francisco,Chicago,1,Alaska Airlines,272.0451579,41.8781,-87.6298
2024,late summer,San Francisco,Boston,1,JetBlue Airways,379.6846985,42.3601,-71.0589
2024,late summer,San Francisco,Boston,1,JetBlue Airways,303.9185217,42.3601,-71.0589
2024,late summer,San Francisco,Boston,2,JetBlue Airways,213.7618715,42.3601,-71.0589
2024,late summer,San Francisco,Boston,1,JetBlue Airways,293.427016,42.3601,-71.0589
2024,late summer,San Francisco,Boston,3,JetBlue Airways,140.6442482,42.3601,-71.0589
2024,late summer,San Francisco,Boston,4,JetBlue Airways,124.1269465,42.3601,-71.0589
2024,late summer,San Francisco,Boston,5,JetBlue Airways,112.8380186,42.3601,-71.0589
2024,late summer,San Francisco,New York,1,JetBlue Airways,389.3562106,40.7128,-74.006
2024,late summer,San Francisco,Boston,1,JetBlue Airways,227.7967083,42.3601,-71.0589
2024,late summer,San Francisco,Boston,1,JetBlue Airways,270.6185508,42.3601,-71.0589
2024,late summer,San Francisco,Boston,1,JetBlue Airways,218.7782666,42.3601,-71.0589
2024,late summer,San Francisco,Boston,1,JetBlue Airways,210.8203702,42.3601,-71.0589
2024,late summer,San Francisco,Boston,1,JetBlue Airways,266.0807312,42.3601,-71.0589
2024,late summer,San Francisco,New York,1,JetBlue Airways,297.9589137,40.7128,-74.006
2024,late summer,San Francisco,Boston,1,JetBlue Airways,229.3521153,42.3601,-71.0589
2024,late summer,San Francisco,Boston,2,JetBlue Airways,102.1048857,42.3601,-71.0589
2024,late summer,San Francisco,Boston,1,JetBlue Airways,374.4211066,42.3601,-71.0589
2024,late summer,San Francisco,Boston,1,JetBlue Airways,240.7863697,42.3601,-71.0589
2024,late summer,San Francisco,Boston,3,JetBlue Airways,48.40718935,42.3601,-71.0589
2024,late summer,San Francisco,Boston,1,JetBlue Airways,277.6422356,42.3601,-71.0589
2024,late summer,San Francisco,"Washington, DC",1,JetBlue Airways,302.5850101,38.9072,-77.0369
2024,late summer,San Francisco,"Washington, DC",1,JetBlue Airways,248.6926438,38.9072,-77.0369
2024,late summer,San Francisco,New York,1,JetBlue Airways,285.7279706,40.7128,-74.006
2024,late summer,San Francisco,New York,1,JetBlue Airways,228.8069738,40.7128,-74.006
2024,late summer,San Francisco,New York,2,JetBlue Airways,259.5844956,40.7128,-74.006
2024,late summer,San Francisco,New York,1,JetBlue Airways,269.188128,40.7128,-74.006
2024,late summer,San Francisco,New York,1,JetBlue Airways,272.2419833,40.7128,-74.006
2024,late summer,San Francisco,New York,1,JetBlue Airways,252.9370718,40.7128,-74.006
2024,late summer,San Francisco,New York,3,JetBlue Airways,177.2476079,40.7128,-74.006
2024,late summer,San Francisco,New York,4,JetBlue Airways,167.5468244,40.7128,-74.006
2024,late summer,San Francisco,New York,5,JetBlue Airways,135.33516,40.7128,-74.006
2024,late summer,San Francisco,New York,6,JetBlue Airways,133.753525,40.7128,-74.006
2024,late summer,San Francisco,New York,8,JetBlue Airways,153.8280974,40.7128,-74.006
2024,late summer,San Francisco,New York,1,JetBlue Airways,266.2880871,40.7128,-74.006
2024,late summer,San Francisco,New York,1,JetBlue Airways,296.9468104,40.7128,-74.006
2024,late summer,San Francisco,New York,3,JetBlue Airways,67.25862588,40.7128,-74.006
2024,late summer,San Francisco,New York,2,JetBlue Airways,132.4240774,40.7128,-74.006
2024,late summer,San Francisco,New York,1,JetBlue Airways,292.9258712,40.7128,-74.006
2024,late summer,San Francisco,New York,1,JetBlue Airways,243.1141181,40.7128,-74.006
2024,late summer,San Francisco,New York,2,JetBlue Airways,133.4466998,40.7128,-74.006
2024,late summer,San Francisco,New York,1,JetBlue Airways,315.8373571,40.7128,-74.006
2024,late summer,San Francisco,New York,1,JetBlue Airways,288.8245497,40.7128,-74.006
2024,late summer,San Francisco,New York,1,JetBlue Airways,262.81116,40.7128,-74.006
2024,late summer,San Francisco,Boston,6,JetBlue Airways,125.1710436,42.3601,-71.0589
2024,late summer,San Francisco,Boston,9,JetBlue Airways,124.3258387,42.3601,-71.0589
2024,late summer,San Francisco,Boston,7,JetBlue Airways,128.1378483,42.3601,-71.0589
2024,late summer,San Francisco,Boston,15,JetBlue Airways,99.98992393,42.3601,-71.0589
2024,late summer,San Francisco,Boston,13,JetBlue Airways,105.676456,42.3601,-71.0589
2024,late summer,San Francisco,Boston,12,JetBlue Airways,109.7483866,42.3601,-71.0589
2024,late summer,San Francisco,Boston,18,JetBlue Airways,96.89560519,42.3601,-71.0589
2024,late summer,San Francisco,"Washington, DC",2,JetBlue Airways,124.1390952,38.9072,-77.0369
2024,late summer,San Francisco,"Washington, DC",3,JetBlue Airways,85.38124142,38.9072,-77.0369
2024,late summer,San Francisco,"Washington, DC",4,JetBlue Airways,79.46483306,38.9072,-77.0369
2024,late summer,San Francisco,"Washington, DC",1,JetBlue Airways,382.1692098,38.9072,-77.0369
2024,late summer,San Francisco,New York,2,JetBlue Airways,79.78167188,40.7128,-74.006
2024,late summer,San Francisco,Chicago,1,JetBlue Airways,549.8885207,41.8781,-87.6298
2024,late summer,San Francisco,"Washington, DC",2,JetBlue Airways,83.43768392,38.9072,-77.0369
2024,late summer,San Francisco,New York,2,JetBlue Airways,69.55494783,40.7128,-74.006
2024,late summer,San Francisco,New York,2,JetBlue Airways,52.98991878,40.7128,-74.006
2024,late summer,San Francisco,New York,1,JetBlue Airways,329.0731582,40.7128,-74.006
2024,late summer,San Francisco,New York,9,JetBlue Airways,136.0027515,40.7128,-74.006
2024,late summer,San Francisco,New York,7,JetBlue Airways,139.8147611,40.7128,-74.006
2024,late summer,San Francisco,New York,18,JetBlue Airways,110.8981331,40.7128,-74.006
2024,late summer,San Francisco,New York,13,JetBlue Airways,121.9660715,40.7128,-74.006
2024,late summer,San Francisco,New York,10,JetBlue Airways,136.0027515,40.7128,-74.006
2024,late summer,San Francisco,Boston,1,JetBlue Airways,299.3216194,42.3601,-71.0589
2024,late summer,San Francisco,Boston,3,JetBlue Airways,72.58608191,42.3601,-71.0589
2024,late summer,San Francisco,Boston,1,JetBlue Airways,298.5208481,42.3601,-71.0589
2024,late summer,San Francisco,Boston,2,JetBlue Airways,114.8008781,42.3601,-71.0589
2024,late summer,San Francisco,Boston,2,JetBlue Airways,152.5877509,42.3601,-71.0589
2024,late summer,San Francisco,"Washington, DC",1,JetBlue Airways,361.0129026,38.9072,-77.0369
2024,late summer,San Francisco,Boston,1,JetBlue Airways,334.3910396,42.3601,-71.0589
2024,late summer,San Francisco,Chicago,1,JetBlue Airways,443.0128045,41.8781,-87.6298
2024,late summer,San Francisco,New Orleans,1,,253.7636069,29.9511,-90.0715
2024,late summer,San Francisco,New Orleans,2,,114.4121764,29.9511,-90.0715
2024,late summer,San Francisco,New Orleans,1,,231.2349453,29.9511,-90.0715
2024,late summer,San Francisco,New Orleans,1,,282.2584591,29.9511,-90.0715
2024,late summer,San Francisco,New Orleans,1,,238.5176552,29.9511,-90.0715
2024,late summer,San Francisco,Chicago,1,,330.9229232,41.8781,-87.6298
2024,late summer,San Francisco,Chicago,1,,251.0319896,41.8781,-87.6298
2024,late summer,San Francisco,Chicago,1,,238.0844413,41.8781,-87.6298
2024,late summer,San Francisco,Chicago,1,,287.7902816,41.8781,-87.6298
2024,late summer,San Francisco,Chicago,2,,177.3453317,41.8781,-87.6298
2024,late summer,San Francisco,Chicago,3,,109.5532536,41.8781,-87.6298
2024,late summer,San Francisco,Chicago,4,,87.67816223,41.8781,-87.6298
2024,late summer,San Francisco,Chicago,5,,79.28598624,41.8781,-87.6298
2024,late summer,San Francisco,Chicago,2,,141.4446527,41.8781,-87.6298
2024,late summer,San Francisco,Chicago,1,,279.5210262,41.8781,-87.6298
2024,late summer,San Francisco,Chicago,1,,274.5490158,41.8781,-87.6298
2024,late summer,San Francisco,"Washington, DC",1,United,432.3310743,38.9072,-77.0369
2024,late summer,San Francisco,Boston,1,United,418.713752,42.3601,-71.0589
2024,late summer,San Francisco,New York,1,United,659.1355768,40.7128,-74.006
2024,late summer,San Francisco,New York,1,United,356.8432383,40.7128,-74.006
2024,late summer,San Francisco,New York,1,United,356.4952646,40.7128,-74.006
2024,late summer,San Francisco,New York,1,United,337.9332994,40.7128,-74.006
2024,late summer,San Francisco,New York,1,United,416.7439679,40.7128,-74.006
2024,late summer,San Francisco,Chicago,1,United,266.9530928,41.8781,-87.6298
2024,late summer,San Francisco,Chicago,1,United,446.9245953,41.8781,-87.6298
2024,late summer,San Francisco,New York,1,United,333.9268419,40.7128,-74.006
2024,late summer,San Francisco,New York,1,United,392.9898013,40.7128,-74.006
2024,late summer,San Francisco,New York,1,United,329.1804758,40.7128,-74.006
2024,late summer,San Francisco,Chicago,1,United,270.9778274,41.8781,-87.6298
2024,late summer,San Francisco,Chicago,1,United,325.930293,41.8781,-87.6298
2024,late summer,San Francisco,New York,1,United,337.9670591,40.7128,-74.006
2024,late summer,San Francisco,Honolulu,1,United,446.7650287,21.3069,-157.8583
2024,late summer,San Francisco,Honolulu,1,United,440.4264481,21.3069,-157.8583
2024,late summer,San Francisco,Honolulu,2,United,184.0232892,21.3069,-157.8583
2024,late summer,San Francisco,Honolulu,3,United,107.0738167,21.3069,-157.8583
2024,late summer,San Francisco,"Washington, DC",1,United,372.9713558,38.9072,-77.0369
2024,late summer,San Francisco,"Washington, DC",1,United,386.105738,38.9072,-77.0369
2024,late summer,San Francisco,"Washington, DC",1,United,428.3966396,38.9072,-77.0369
2024,late summer,San Francisco,"Washington, DC",2,United,209.4494421,38.9072,-77.0369
2024,late summer,San Francisco,"Washington, DC",2,United,235.5450133,38.9072,-77.0369
2024,late summer,San Francisco,"Washington, DC",1,United,344.1879037,38.9072,-77.0369
2024,late summer,San Francisco,"Washington, DC",1,United,474.2162381,38.9072,-77.0369
2024,late summer,San Francisco,"Washington, DC",1,United,447.2554032,38.9072,-77.0369
2024,late summer,San Francisco,"Washington, DC",1,United,466.48856,38.9072,-77.0369
2024,late summer,San Francisco,"Washington, DC",1,United,418.2065243,38.9072,-77.0369
2024,late summer,San Francisco,"Washington, DC",1,United,414.5662692,38.9072,-77.0369
2024,late summer,San Francisco,"Washington, DC",1,United,402.9364393,38.9072,-77.0369
2024,late summer,San Francisco,"Washington, DC",1,United,377.1976947,38.9072,-77.0369
2024,late summer,San Francisco,"Washington, DC",1,United,343.7856524,38.9072,-77.0369
2024,late summer,San Francisco,"Washington, DC",1,United,354.0928941,38.9072,-77.0369
2024,late summer,San Francisco,"Washington, DC",1,United,138.9831496,38.9072,-77.0369
2024,late summer,San Francisco,"Washington, DC",1,United,477.6700199,38.9072,-77.0369
2024,late summer,San Francisco,"Washington, DC",1,United,392.3964427,38.9072,-77.0369
2024,late summer,San Francisco,"Washington, DC",1,United,438.7416833,38.9072,-77.0369
2024,late summer,San Francisco,"Washington, DC",1,United,403.6246707,38.9072,-77.0369
2024,late summer,San Francisco,"Washington, DC",1,United,503.3430512,38.9072,-77.0369
2024,late summer,San Francisco,"Washington, DC",1,United,423.2335167,38.9072,-77.0369
2024,late summer,San Francisco,"Washington, DC",1,United,339.0373572,38.9072,-77.0369
2024,late summer,San Francisco,"Washington, DC",1,United,371.7032166,38.9072,-77.0369
2024,late summer,San Francisco,"Washington, DC",1,United,443.4631051,38.9072,-77.0369
2024,late summer,San Francisco,"Washington, DC",1,United,353.4034669,38.9072,-77.0369
2024,late summer,San Francisco,"Washington, DC",1,United,355.4575121,38.9072,-77.0369
2024,late summer,San Francisco,"Washington, DC",1,United,308.0219798,38.9072,-77.0369
2024,late summer,San Francisco,"Washington, DC",2,United,198.9625633,38.9072,-77.0369
2024,late summer,San Francisco,"Washington, DC",1,United,281.5763964,38.9072,-77.0369
2024,late summer,San Francisco,"Washington, DC",1,United,374.8941964,38.9072,-77.0369
2024,late summer,San Francisco,"Washington, DC",1,United,481.2509733,38.9072,-77.0369
2024,late summer,San Francisco,"Washington, DC",1,United,380.278592,38.9072,-77.0369
2024,late summer,San Francisco,"Washington, DC",1,United,313.7354011,38.9072,-77.0369
2024,late summer,San Francisco,"Washington, DC",1,United,389.2971112,38.9072,-77.0369
2024,late summer,San Francisco,"Washington, DC",1,United,342.0954651,38.9072,-77.0369
2024,late summer,San Francisco,"Washington, DC",3,United,122.5653645,38.9072,-77.0369
2024,late summer,San Francisco,"Washington, DC",4,United,92.78599521,38.9072,-77.0369
2024,late summer,San Francisco,"Washington, DC",5,United,82.47991874,38.9072,-77.0369
2024,late summer,San Francisco,"Washington, DC",6,United,80.89828373,38.9072,-77.0369
2024,late summer,San Francisco,"Washington, DC",7,United,85.16145554,38.9072,-77.0369
2024,late summer,San Francisco,"Washington, DC",1,United,300.7763328,38.9072,-77.0369
2024,late summer,San Francisco,"Washington, DC",2,United,183.325751,38.9072,-77.0369
2024,late summer,San Francisco,"Washington, DC",1,United,324.1948711,38.9072,-77.0369
2024,late summer,San Francisco,"Washington, DC",2,United,124.376619,38.9072,-77.0369
2024,late summer,San Francisco,"Washington, DC",1,United,283.7354573,38.9072,-77.0369
2024,late summer,San Francisco,"Washington, DC",1,United,358.0801235,38.9072,-77.0369
2024,late summer,San Francisco,"Washington, DC",1,United,429.9046264,38.9072,-77.0369
2024,late summer,San Francisco,New Orleans,1,United,366.3587337,29.9511,-90.0715
2024,late summer,San Francisco,"Washington, DC",1,United,394.7329613,38.9072,-77.0369
2024,late summer,San Francisco,"Washington, DC",1,United,422.8950026,38.9072,-77.0369
2024,late summer,San Francisco,"Washington, DC",1,United,372.8302512,38.9072,-77.0369
2024,late summer,San Francisco,"Washington, DC",1,United,433.6203604,38.9072,-77.0369
2024,late summer,San Francisco,"Washington, DC",1,United,374.0342714,38.9072,-77.0369
2024,late summer,San Francisco,"Washington, DC",1,United,337.072543,38.9072,-77.0369
2024,late summer,San Francisco,"Washington, DC",1,United,410.6180943,38.9072,-77.0369
2024,late summer,San Francisco,"Washington, DC",1,United,329.9813881,38.9072,-77.0369
2024,late summer,San Francisco,"Washington, DC",2,United,130.163136,38.9072,-77.0369
2024,late summer,San Francisco,"Washington, DC",2,United,178.948878,38.9072,-77.0369
2024,late summer,San Francisco,"Washington, DC",1,United,380.1823337,38.9072,-77.0369
2024,late summer,San Francisco,"Washington, DC",1,United,426.2444927,38.9072,-77.0369
2024,late summer,San Francisco,"Washington, DC",1,United,374.1294178,38.9072,-77.0369
2024,late summer,San Francisco,"Washington, DC",1,United,351.9537404,38.9072,-77.0369
2024,late summer,San Francisco,"Washington, DC",1,United,375.6078883,38.9072,-77.0369
2024,late summer,San Francisco,"Washington, DC",1,United,331.4828016,38.9072,-77.0369
2024,late summer,San Francisco,"Washington, DC",1,United,421.3881928,38.9072,-77.0369
2024,late summer,San Francisco,"Washington, DC",1,United,380.1623662,38.9072,-77.0369
2024,late summer,San Francisco,"Washington, DC",1,United,365.7290011,38.9072,-77.0369
2024,late summer,San Francisco,"Washington, DC",2,United,143.9674003,38.9072,-77.0369
2024,late summer,San Francisco,"Washington, DC",1,United,435.0469191,38.9072,-77.0369
2024,late summer,San Francisco,"Washington, DC",1,United,451.4015688,38.9072,-77.0369
2024,late summer,San Francisco,San Diego,1,Frontier Airlines,125.7348847,32.7157,-117.1611
2024,late summer,San Francisco,San Diego,1,Frontier Airlines,125.6508587,32.7157,-117.1611
2024,late summer,San Francisco,San Diego,2,Frontier Airlines,71.68976918,32.7157,-117.1611
2024,late summer,San Francisco,New York,1,Frontier Airlines,165.6107402,40.7128,-74.006
2024,late summer,San Francisco,New York,3,Frontier Airlines,84.92492978,40.7128,-74.006
2024,late summer,San Francisco,New York,2,Frontier Airlines,86.03329768,40.7128,-74.006
2024,late summer,San Francisco,Nashville,1,Frontier Airlines,157.6023166,36.1627,-86.7816
2024,late summer,San Francisco,Nashville,2,Frontier Airlines,95.59290087,36.1627,-86.7816
2024,late summer,San Francisco,"Washington, DC",1,Frontier Airlines,171.3042089,38.9072,-77.0369
2024,late summer,San Francisco,"Washington, DC",2,Frontier Airlines,95.74118713,38.9072,-77.0369
2024,late summer,San Francisco,"Washington, DC",3,Frontier Airlines,64.24149964,38.9072,-77.0369
2024,late summer,San Francisco,New York,1,Frontier Airlines,162.7091866,40.7128,-74.006
2024,late summer,San Francisco,New York,2,Frontier Airlines,91.42787285,40.7128,-74.006
2024,late summer,San Francisco,New York,3,Frontier Airlines,71.37539996,40.7128,-74.006
2024,late summer,San Francisco,Chicago,1,Frontier Airlines,147.1274076,41.8781,-87.6298
2024,late summer,San Francisco,Chicago,2,Frontier Airlines,84.16607433,41.8781,-87.6298
2024,late summer,San Francisco,Chicago,4,Frontier Airlines,37.97212712,41.8781,-87.6298
2024,late summer,San Francisco,New Orleans,1,Frontier Airlines,124.0481049,29.9511,-90.0715
2024,late summer,San Francisco,Chicago,1,Frontier Airlines,145.9721214,41.8781,-87.6298
2024,late summer,San Francisco,Chicago,2,Frontier Airlines,82.3326274,41.8781,-87.6298
2024,late summer,San Francisco,Nashville,2,Frontier Airlines,84.32898795,36.1627,-86.7816
2024,late summer,San Francisco,Nashville,1,Frontier Airlines,143.9543442,36.1627,-86.7816
2024,late summer,San Francisco,New York,1,Frontier Airlines,152.4001924,40.7128,-74.006
2024,late summer,San Francisco,New York,2,Frontier Airlines,72.82274988,40.7128,-74.006
2024,late summer,San Francisco,Chicago,1,Frontier Airlines,156.0519388,41.8781,-87.6298
2024,late summer,San Francisco,Chicago,1,Frontier Airlines,164.3918597,41.8781,-87.6298
2024,late summer,San Francisco,Chicago,5,Frontier Airlines,51.00813991,41.8781,-87.6298
2024,late summer,San Francisco,New York,1,Frontier Airlines,595.9838035,40.7128,-74.006
2024,late summer,San Francisco,New York,1,Frontier Airlines,170.387906,40.7128,-74.006
2024,late summer,San Francisco,New York,2,Frontier Airlines,96.97319668,40.7128,-74.006
2024,late summer,San Francisco,New York,3,Frontier Airlines,73.70302339,40.7128,-74.006
2024,late summer,San Francisco,Chicago,1,Frontier Airlines,145.2357692,41.8781,-87.6298
2024,late summer,San Francisco,Chicago,2,Frontier Airlines,83.79421639,41.8781,-87.6298
2024,late summer,San Francisco,Chicago,3,Frontier Airlines,64.78350027,41.8781,-87.6298
2024,late summer,San Francisco,San Diego,4,Frontier Airlines,48.24939136,32.7157,-117.1611
2024,late summer,San Francisco,Seattle,2,Frontier Airlines,68.59231442,47.6062,-122.3321
2024,late summer,San Francisco,Seattle,1,Frontier Airlines,151.3632392,47.6062,-122.3321
2024,late summer,San Francisco,Chicago,3,Frontier Airlines,56.54217112,41.8781,-87.6298
2024,late summer,San Francisco,Seattle,1,Frontier Airlines,186.0896887,47.6062,-122.3321
2024,late summer,San Francisco,Chicago,1,Frontier Airlines,149.6879493,41.8781,-87.6298
2024,late summer,San Francisco,Chicago,1,Frontier Airlines,134.9519222,41.8781,-87.6298
2024,late summer,San Francisco,Chicago,2,Frontier Airlines,73.43710589,41.8781,-87.6298
2024,late summer,San Francisco,Chicago,1,Frontier Airlines,159.4953085,41.8781,-87.6298
2024,late summer,San Francisco,Nashville,1,United,386.9471422,36.1627,-86.7816
2024,late summer,San Francisco,San Diego,1,Southwest Airlines,181.9541378,32.7157,-117.1611
2024,late summer,San Francisco,"Washington, DC",1,Southwest Airlines,279.0126338,38.9072,-77.0369
2024,late summer,San Francisco,San Diego,1,Southwest Airlines,182.0381639,32.7157,-117.1611
2024,late summer,San Francisco,San Diego,1,Southwest Airlines,182.3561837,32.7157,-117.1611
2024,late summer,San Francisco,San Diego,1,Southwest Airlines,230.3208119,32.7157,-117.1611
2024,late summer,San Francisco,San Diego,2,Southwest Airlines,90.55926551,32.7157,-117.1611
2024,late summer,San Francisco,San Diego,3,Southwest Airlines,71.03651282,32.7157,-117.1611
2024,late summer,San Francisco,San Diego,4,Southwest Airlines,56.74975714,32.7157,-117.1611
2024,late summer,San Francisco,San Diego,1,Southwest Airlines,160.7414005,32.7157,-117.1611
2024,late summer,San Francisco,"Washington, DC",1,Delta,393.021178,38.9072,-77.0369
2024,late summer,San Francisco,New York,1,Delta,392.3658243,40.7128,-74.006
2024,late summer,San Francisco,New York,1,Delta,338.0085789,40.7128,-74.006
2024,late summer,San Francisco,New York,1,Delta,457.8692234,40.7128,-74.006
2024,late summer,San Francisco,New York,1,Delta,561.4119829,40.7128,-74.006
2024,late summer,San Francisco,New York,1,Delta,348.562258,40.7128,-74.006
2024,late summer,San Francisco,New York,1,Delta,373.5473234,40.7128,-74.006
2024,late summer,San Francisco,New York,1,Delta,303.4241294,40.7128,-74.006
2024,late summer,San Francisco,New York,1,Delta,295.4646377,40.7128,-74.006
2024,late summer,San Francisco,New York,1,Delta,329.9875327,40.7128,-74.006
2024,late summer,San Francisco,New York,2,Delta,157.6469791,40.7128,-74.006
2024,late summer,San Francisco,New York,2,Delta,168.9457613,40.7128,-74.006
2024,late summer,San Francisco,New York,1,Delta,318.6563388,40.7128,-74.006
2024,late summer,San Francisco,New York,1,Delta,409.6071208,40.7128,-74.006
2024,late summer,San Francisco,New York,1,Delta,446.4792528,40.7128,-74.006
2024,late summer,San Francisco,New York,1,Delta,364.1271176,40.7128,-74.006
2024,late summer,San Francisco,New York,1,Delta,304.3580489,40.7128,-74.006
2024,late summer,San Francisco,New York,1,Delta,400.5793198,40.7128,-74.006
2024,late summer,San Francisco,New York,1,Delta,319.5534277,40.7128,-74.006
2024,late summer,San Francisco,New York,1,Delta,336.1084521,40.7128,-74.006
2024,late summer,San Francisco,New York,1,Delta,309.5517317,40.7128,-74.006
2024,late summer,San Francisco,New York,1,Delta,515.2012139,40.7128,-74.006
2024,late summer,San Francisco,New York,1,Delta,597.415404,40.7128,-74.006
2024,late summer,San Francisco,New York,1,Delta,314.0995954,40.7128,-74.006
2024,late summer,San Francisco,New York,1,Delta,334.8131152,40.7128,-74.006
2024,late summer,San Francisco,New York,1,Delta,341.2045571,40.7128,-74.006
2024,late summer,San Francisco,New York,1,Delta,298.3297832,40.7128,-74.006
2024,late summer,San Francisco,New York,1,Delta,346.6419849,40.7128,-74.006
2024,late summer,San Francisco,New York,1,Delta,320.6978278,40.7128,-74.006
2024,late summer,San Francisco,New York,1,Delta,336.3590277,40.7128,-74.006
2024,late summer,San Francisco,New York,1,Delta,348.5456544,40.7128,-74.006
2024,late summer,San Francisco,New York,1,,287.064415,40.7128,-74.006
2024,late summer,San Francisco,"Washington, DC",1,Frontier Airlines,165.1476168,38.9072,-77.0369
2024,late summer,San Francisco,New York,3,Frontier Airlines,71.71438198,40.7128,-74.006
2024,late summer,San Francisco,New York,1,Frontier Airlines,143.5516362,40.7128,-74.006
2024,late summer,San Francisco,Chicago,1,Frontier Airlines,206.4324708,41.8781,-87.6298
2024,late summer,San Francisco,San Diego,1,,198.0995095,32.7157,-117.1611
2024,late summer,San Francisco,"Washington, DC",1,,584.7982442,38.9072,-77.0369
2024,late summer,San Francisco,Nashville,2,,60.9786699,36.1627,-86.7816
2024,late summer,San Francisco,Chicago,1,,424.8090514,41.8781,-87.6298
2024,late summer,San Francisco,Boston,2,,55.53267704,42.3601,-71.0589
2024,late summer,San Francisco,New York,1,,401.2438377,40.7128,-74.006
2024,late summer,San Francisco,New York,2,,102.6437962,40.7128,-74.006
2024,late summer,San Francisco,Boston,1,,311.065065,42.3601,-71.0589
2024,late summer,San Francisco,"Washington, DC",1,,395.8695948,38.9072,-77.0369
2024,late summer,San Francisco,"Washington, DC",1,,290.4253057,38.9072,-77.0369
2024,late summer,San Francisco,Boston,1,,402.6648477,42.3601,-71.0589
2024,late summer,San Francisco,New York,2,,78.23055158,40.7128,-74.006
2024,late summer,San Francisco,New York,3,,37.12148859,40.7128,-74.006
2024,late summer,San Francisco,New York,1,,321.6755449,40.7128,-74.006
2024,late summer,San Francisco,New York,2,,74.26938186,40.7128,-74.006
2024,late summer,San Francisco,Chicago,2,,209.184181,41.8781,-87.6298
2024,late summer,San Francisco,Chicago,1,,396.5010558,41.8781,-87.6298
2024,late summer,San Francisco,Chicago,1,,447.1900608,41.8781,-87.6298
2024,late summer,San Francisco,"Washington, DC",3,,134.2289225,38.9072,-77.0369
2024,late summer,San Francisco,New Orleans,1,,280.761172,29.9511,-90.0715
2024,late summer,San Francisco,New York,1,,460.1638774,40.7128,-74.006
2024,late summer,San Francisco,New York,1,,463.5552453,40.7128,-74.006
2024,late summer,San Francisco,Nashville,2,,128.9691373,36.1627,-86.7816
2024,late summer,San Francisco,Boston,3,,67.84202677,42.3601,-71.0589
2024,late summer,San Francisco,Boston,2,,120.3452033,42.3601,-71.0589
2024,late summer,San Francisco,"Washington, DC",1,,350.9994789,38.9072,-77.0369
2024,late summer,San Francisco,"Washington, DC",2,,166.1455738,38.9072,-77.0369
2024,late summer,San Francisco,Boston,1,,425.0118274,42.3601,-71.0589
2024,late summer,San Francisco,Honolulu,1,,680.6641359,21.3069,-157.8583
2024,late summer,San Francisco,"Washington, DC",2,,155.8045317,38.9072,-77.0369
2024,late summer,San Francisco,New York,2,,102.8496212,40.7128,-74.006
2024,late summer,San Francisco,Boston,1,,330.4632673,42.3601,-71.0589
2024,late summer,San Francisco,Nashville,1,,280.532797,36.1627,-86.7816
2024,late summer,San Francisco,"Washington, DC",1,,798.7746622,38.9072,-77.0369
2024,late summer,San Francisco,New Orleans,4,,55.19823195,29.9511,-90.0715
2024,late summer,San Francisco,Boston,1,,461.0394709,42.3601,-71.0589
2024,late summer,San Francisco,New York,1,,418.7214021,40.7128,-74.006
2024,late summer,San Francisco,New Orleans,1,,269.3085108,29.9511,-90.0715
2024,late summer,San Francisco,Boston,1,,386.5623976,42.3601,-71.0589
2024,late summer,San Francisco,Chicago,2,,162.3032237,41.8781,-87.6298
2024,late summer,San Francisco,New York,1,,279.3894112,40.7128,-74.006
2024,late summer,San Francisco,New Orleans,1,,290.8025235,29.9511,-90.0715
2024,late summer,San Francisco,New York,8,,141.1377359,40.7128,-74.006
2024,late summer,San Francisco,New York,12,,138.3272979,40.7128,-74.006
2024,late summer,San Francisco,New York,11,,141.1377359,40.7128,-74.006
2024,late summer,San Francisco,Boston,2,,90.71397424,42.3601,-71.0589
2024,late summer,San Francisco,Boston,3,,37.13361604,42.3601,-71.0589
2024,late summer,San Francisco,"Washington, DC",1,,397.9767296,38.9072,-77.0369
2024,late summer,San Francisco,"Washington, DC",1,,399.9584255,38.9072,-77.0369
2024,late summer,San Francisco,Boston,1,,324.8163711,42.3601,-71.0589
2024,late summer,San Francisco,Chicago,2,,273.3719978,41.8781,-87.6298
2024,late summer,San Francisco,"Washington, DC",1,,414.6661977,38.9072,-77.0369
2024,late summer,San Francisco,Nashville,1,,87.10144686,36.1627,-86.7816
2024,late summer,San Francisco,New York,1,,277.0080962,40.7128,-74.006
2024,late summer,San Francisco,Honolulu,1,,287.3135279,21.3069,-157.8583
2024,late summer,San Francisco,New York,1,,306.2369831,40.7128,-74.006
2024,late summer,San Francisco,Boston,1,,485.5719957,42.3601,-71.0589
2024,late summer,San Francisco,"Washington, DC",1,,311.685938,38.9072,-77.0369
2024,late summer,San Francisco,New York,1,,269.544944,40.7128,-74.006
2024,late summer,San Francisco,New York,1,,306.9780565,40.7128,-74.006
2024,late summer,San Francisco,Chicago,6,,80.10869462,41.8781,-87.6298
2024,late summer,San Francisco,"Washington, DC",1,,363.2773119,38.9072,-77.0369
2024,late summer,San Francisco,Boston,2,,174.4450717,42.3601,-71.0589
2024,late summer,San Francisco,Boston,1,,248.7010894,42.3601,-71.0589
2024,late summer,San Francisco,New York,1,,305.8734317,40.7128,-74.006
2024,late summer,San Francisco,"Washington, DC",1,,349.1563283,38.9072,-77.0369
2024,late summer,San Francisco,"Washington, DC",1,,361.4136119,38.9072,-77.0369
2024,late summer,San Francisco,Boston,1,,317.6475053,42.3601,-71.0589
2024,late summer,San Francisco,New York,1,,328.5904356,40.7128,-74.006
2024,late summer,San Francisco,New York,2,,136.0480826,40.7128,-74.006
2024,late summer,San Francisco,New York,3,,65.14609523,40.7128,-74.006
2024,late summer,San Francisco,"Washington, DC",1,,349.8255072,38.9072,-77.0369
2024,late summer,San Francisco,New York,1,,636.4057101,40.7128,-74.006
2024,late summer,San Francisco,Chicago,1,,380.2314875,41.8781,-87.6298
2024,late summer,San Francisco,Boston,2,,139.6151052,42.3601,-71.0589
2024,late summer,San Francisco,Boston,3,,86.03474696,42.3601,-71.0589
2024,late summer,San Francisco,New York,1,,353.9763879,40.7128,-74.006
2024,late summer,San Francisco,Boston,1,,361.8003637,42.3601,-71.0589
2024,late summer,San Francisco,"Washington, DC",1,,385.0676688,38.9072,-77.0369
2024,late summer,San Francisco,New York,1,,353.8484592,40.7128,-74.006
2024,late summer,San Francisco,New York,2,,125.7190521,40.7128,-74.006
2024,late summer,San Francisco,New York,4,,56.18578061,40.7128,-74.006
2024,late summer,San Francisco,New York,3,,101.8043832,40.7128,-74.006
2024,late summer,San Francisco,Nashville,2,,110.6287163,36.1627,-86.7816
2024,late summer,San Francisco,Boston,2,,89.64177736,42.3601,-71.0589
2024,late summer,San Francisco,Boston,3,,37.62913074,42.3601,-71.0589
2024,late summer,San Francisco,New York,1,,234.4929897,40.7128,-74.006
2024,late summer,San Francisco,"Washington, DC",2,,155.0397532,38.9072,-77.0369
2024,late summer,San Francisco,"Washington, DC",1,,390.4816959,38.9072,-77.0369
2024,late summer,San Francisco,Chicago,1,,315.857314,41.8781,-87.6298
2024,late summer,San Francisco,Chicago,1,,325.3331818,41.8781,-87.6298
2024,late summer,San Francisco,New York,3,,61.99986337,40.7128,-74.006
2024,late summer,San Francisco,New Orleans,2,,97.13794843,29.9511,-90.0715
2024,late summer,San Francisco,Chicago,3,,79.0204117,41.8781,-87.6298
2024,late summer,San Francisco,New York,1,,243.1069154,40.7128,-74.006
2024,late summer,San Francisco,San Diego,1,,247.2684108,32.7157,-117.1611
2024,late summer,San Francisco,"Washington, DC",1,,344.1260162,38.9072,-77.0369
2024,late summer,San Francisco,"Washington, DC",1,Delta,349.1535722,38.9072,-77.0369
2024,late summer,San Francisco,"Washington, DC",1,Delta,389.7426861,38.9072,-77.0369
2024,late summer,San Francisco,Boston,2,United,194.9766636,42.3601,-71.0589
2024,late summer,San Francisco,San Diego,1,United,248.0589529,32.7157,-117.1611
2024,late summer,San Francisco,New Orleans,1,United,301.9661608,29.9511,-90.0715
2024,late summer,San Francisco,New Orleans,2,United,152.7839523,29.9511,-90.0715
2024,late summer,San Francisco,New Orleans,3,United,98.87523982,29.9511,-90.0715
2024,late summer,San Francisco,New Orleans,1,United,311.5313899,29.9511,-90.0715
2024,late summer,San Francisco,New Orleans,1,United,314.19543,29.9511,-90.0715
2024,late summer,San Francisco,New Orleans,1,United,336.9701518,29.9511,-90.0715
2024,late summer,San Francisco,New Orleans,1,United,631.802987,29.9511,-90.0715
2024,late summer,San Francisco,New Orleans,1,United,414.1547582,29.9511,-90.0715
2024,late summer,San Francisco,New Orleans,2,United,92.12603256,29.9511,-90.0715
2024,late summer,San Francisco,New Orleans,1,United,305.9814314,29.9511,-90.0715
2024,late summer,San Francisco,New Orleans,1,United,615.0507186,29.9511,-90.0715
2024,late summer,San Francisco,Chicago,1,United,389.0082931,41.8781,-87.6298
2024,late summer,San Francisco,Chicago,1,United,329.5813257,41.8781,-87.6298
2024,late summer,San Francisco,Chicago,1,United,287.2441893,41.8781,-87.6298
2024,late summer,San Francisco,Chicago,2,United,202.0029303,41.8781,-87.6298
2024,late summer,San Francisco,Nashville,1,United,376.1298455,36.1627,-86.7816
2024,late summer,San Francisco,Chicago,1,United,389.8807257,41.8781,-87.6298
2024,late summer,San Francisco,Chicago,1,United,397.1911159,41.8781,-87.6298
2024,late summer,San Francisco,Chicago,1,United,406.5402595,41.8781,-87.6298
2024,late summer,San Francisco,Chicago,1,United,455.2895721,41.8781,-87.6298
2024,late summer,San Francisco,Chicago,1,United,396.8566516,41.8781,-87.6298
2024,late summer,San Francisco,Chicago,1,United,394.4112574,41.8781,-87.6298
2024,late summer,San Francisco,Chicago,1,United,385.4402429,41.8781,-87.6298
2024,late summer,San Francisco,Chicago,1,United,453.3631911,41.8781,-87.6298
2024,late summer,San Francisco,Chicago,1,United,362.1245502,41.8781,-87.6298
2024,late summer,San Francisco,Chicago,1,United,351.5234324,41.8781,-87.6298
2024,late summer,San Francisco,Chicago,1,United,403.6197134,41.8781,-87.6298
2024,late summer,San Francisco,Chicago,1,United,400.9505181,41.8781,-87.6298
2024,late summer,San Francisco,Chicago,1,United,278.5889961,41.8781,-87.6298
2024,late summer,San Francisco,Chicago,1,United,449.6480974,41.8781,-87.6298
2024,late summer,San Francisco,Chicago,1,United,343.8599355,41.8781,-87.6298
2024,late summer,San Francisco,Chicago,1,United,386.6452584,41.8781,-87.6298
2024,late summer,San Francisco,Chicago,1,United,611.6414248,41.8781,-87.6298
2024,late summer,San Francisco,Chicago,1,United,363.1337322,41.8781,-87.6298
2024,late summer,San Francisco,Chicago,1,United,561.5332122,41.8781,-87.6298
2024,late summer,San Francisco,Chicago,1,United,371.1848445,41.8781,-87.6298
2024,late summer,San Francisco,Chicago,2,United,135.0915873,41.8781,-87.6298
2024,late summer,San Francisco,Chicago,1,United,233.4682474,41.8781,-87.6298
2024,late summer,San Francisco,Chicago,1,United,592.2246037,41.8781,-87.6298
2024,late summer,San Francisco,Chicago,1,United,594.5639243,41.8781,-87.6298
2024,late summer,San Francisco,Chicago,1,United,377.8499577,41.8781,-87.6298
2024,late summer,San Francisco,Chicago,1,United,405.1470814,41.8781,-87.6298
2024,late summer,San Francisco,Chicago,1,United,692.0524522,41.8781,-87.6298
2024,late summer,San Francisco,Chicago,1,United,245.8076044,41.8781,-87.6298
2024,late summer,San Francisco,Chicago,1,United,367.793308,41.8781,-87.6298
2024,late summer,San Francisco,Chicago,2,United,111.5279461,41.8781,-87.6298
2024,late summer,San Francisco,Chicago,1,United,794.6895743,41.8781,-87.6298
2024,late summer,San Francisco,Chicago,1,United,381.9016038,41.8781,-87.6298
2024,late summer,San Francisco,Chicago,3,United,118.896336,41.8781,-87.6298
2024,late summer,San Francisco,Chicago,4,United,96.01420527,41.8781,-87.6298
2024,late summer,San Francisco,Chicago,5,United,87.62202928,41.8781,-87.6298
2024,late summer,San Francisco,Chicago,6,United,88.44473766,41.8781,-87.6298
2024,late summer,San Francisco,Chicago,1,United,317.1622658,41.8781,-87.6298
2024,late summer,San Francisco,Chicago,1,United,399.341285,41.8781,-87.6298
2024,late summer,San Francisco,Chicago,1,United,403.5216811,41.8781,-87.6298
2024,late summer,San Francisco,Chicago,2,United,125.1694733,41.8781,-87.6298
2024,late summer,San Francisco,Chicago,1,United,397.2817117,41.8781,-87.6298
2024,late summer,San Francisco,Chicago,2,United,160.3266348,41.8781,-87.6298
2024,late summer,San Francisco,Chicago,1,United,355.3724665,41.8781,-87.6298
2024,late summer,San Francisco,Chicago,1,United,420.0281025,41.8781,-87.6298
2024,late summer,San Francisco,Chicago,1,United,376.325896,41.8781,-87.6298
2024,late summer,San Francisco,Chicago,1,United,396.5797469,41.8781,-87.6298
2024,late summer,San Francisco,Chicago,2,United,137.2931654,41.8781,-87.6298
2024,late summer,San Francisco,Chicago,1,United,420.0848149,41.8781,-87.6298
2024,late summer,San Francisco,Chicago,1,United,394.566683,41.8781,-87.6298
2024,late summer,San Francisco,Chicago,2,United,115.5526808,41.8781,-87.6298
2024,late summer,San Francisco,Chicago,1,United,536.2345579,41.8781,-87.6298
2024,late summer,San Francisco,Chicago,1,United,200.5270374,41.8781,-87.6298
2024,late summer,San Francisco,Seattle,1,United,272.1478904,47.6062,-122.3321
2024,late summer,San Francisco,San Diego,1,United,247.0186614,32.7157,-117.1611
2024,late summer,San Francisco,San Diego,1,United,246.7787229,32.7157,-117.1611
2024,late summer,San Francisco,San Diego,1,United,215.4085504,32.7157,-117.1611
2024,late summer,San Francisco,San Diego,2,United,111.1674109,32.7157,-117.1611
2024,late summer,San Francisco,San Diego,3,United,80.12570728,32.7157,-117.1611
2024,late summer,San Francisco,San Diego,1,United,231.591711,32.7157,-117.1611
2024,late summer,San Francisco,Seattle,2,United,121.9032839,47.6062,-122.3321
2024,late summer,San Francisco,Seattle,3,United,81.7365141,47.6062,-122.3321
2024,late summer,San Francisco,Seattle,4,United,64.87708427,47.6062,-122.3321
2024,late summer,San Francisco,Seattle,5,United,60.48919099,47.6062,-122.3321
2024,late summer,San Francisco,Boston,1,United,407.4763467,42.3601,-71.0589
2024,late summer,San Francisco,Chicago,1,United,480.6300843,41.8781,-87.6298
2024,late summer,San Francisco,"Washington, DC",1,United,919.2750564,38.9072,-77.0369
2024,late summer,San Francisco,Boston,1,United,430.8419548,42.3601,-71.0589
2024,late summer,San Francisco,New Orleans,1,United,350.0894241,29.9511,-90.0715
2024,late summer,San Francisco,Chicago,1,United,414.0326421,41.8781,-87.6298
2024,late summer,San Francisco,Nashville,2,United,155.9063382,36.1627,-86.7816
2024,late summer,San Francisco,Nashville,3,United,104.6614709,36.1627,-86.7816
2024,late summer,San Francisco,Nashville,4,United,82.92632531,36.1627,-86.7816
2024,late summer,San Francisco,Nashville,6,United,103.9567885,36.1627,-86.7816
2024,late summer,San Francisco,Nashville,5,United,134.6796843,36.1627,-86.7816
2024,late summer,San Francisco,Boston,1,United,374.8509847,42.3601,-71.0589
2024,late summer,San Francisco,Boston,1,United,500.1501689,42.3601,-71.0589
2024,late summer,San Francisco,"Washington, DC",1,United,335.2572152,38.9072,-77.0369
2024,late summer,San Francisco,Boston,1,United,693.7814834,42.3601,-71.0589
2024,late summer,San Francisco,Boston,3,United,118.0565952,42.3601,-71.0589
2024,late summer,San Francisco,Boston,4,United,91.66202414,42.3601,-71.0589
2024,late summer,San Francisco,Boston,5,United,83.09554354,42.3601,-71.0589
2024,late summer,San Francisco,Boston,6,United,86.38451807,42.3601,-71.0589
2024,late summer,San Francisco,Boston,7,United,89.35132279,42.3601,-71.0589
2024,late summer,San Francisco,Boston,10,United,120.1228257,42.3601,-71.0589
2024,late summer,San Francisco,Boston,8,United,120.1228257,42.3601,-71.0589
2024,late summer,San Francisco,San Diego,1,United,177.9016272,32.7157,-117.1611
2024,late summer,San Francisco,Boston,1,United,346.9823215,42.3601,-71.0589
2024,late summer,San Francisco,Boston,1,United,396.0468334,42.3601,-71.0589
2024,late summer,San Francisco,New York,1,United,333.8392792,40.7128,-74.006
2024,late summer,San Francisco,"Washington, DC",1,United,373.336078,38.9072,-77.0369
2024,late summer,San Francisco,Boston,1,United,389.5951147,42.3601,-71.0589
2024,late summer,San Francisco,Boston,1,United,376.5778339,42.3601,-71.0589
2024,late summer,San Francisco,Chicago,1,United,498.704221,41.8781,-87.6298
2024,late summer,San Francisco,Chicago,1,United,414.7426758,41.8781,-87.6298
2024,late summer,San Francisco,"Washington, DC",3,United,115.2680165,38.9072,-77.0369
2024,late summer,San Francisco,"Washington, DC",4,United,85.48864719,38.9072,-77.0369
2024,late summer,San Francisco,"Washington, DC",5,United,75.18257072,38.9072,-77.0369
2024,late summer,San Francisco,"Washington, DC",7,United,77.86410752,38.9072,-77.0369
2024,late summer,San Francisco,Boston,1,United,369.4767212,42.3601,-71.0589
2024,late summer,San Francisco,Boston,1,United,551.9903747,42.3601,-71.0589
2024,late summer,San Francisco,Nashville,1,United,384.4464406,36.1627,-86.7816
2024,late summer,San Francisco,Nashville,2,United,153.0907856,36.1627,-86.7816
2024,late summer,San Francisco,Boston,1,United,337.0108635,42.3601,-71.0589
2024,late summer,San Francisco,"Washington, DC",1,United,464.956823,38.9072,-77.0369
2024,late summer,San Francisco,"Washington, DC",1,United,423.7649054,38.9072,-77.0369
2024,late summer,San Francisco,"Washington, DC",1,United,388.7176671,38.9072,-77.0369
2024,late summer,San Francisco,New Orleans,1,United,341.704373,29.9511,-90.0715
2024,late summer,San Francisco,"Washington, DC",1,United,390.6847242,38.9072,-77.0369
2024,late summer,San Francisco,"Washington, DC",1,United,396.0927248,38.9072,-77.0369
2024,late summer,San Francisco,New York,1,United,350.8344692,40.7128,-74.006
2024,late summer,San Francisco,Boston,1,United,470.1210646,42.3601,-71.0589
2024,late summer,San Francisco,"Washington, DC",1,United,435.0427971,38.9072,-77.0369
2024,late summer,San Francisco,Chicago,1,United,402.2308741,41.8781,-87.6298
2024,late summer,San Francisco,"Washington, DC",1,United,350.2326011,38.9072,-77.0369
2024,late summer,San Francisco,Boston,1,United,462.1245677,42.3601,-71.0589
2024,late summer,San Francisco,New York,1,United,587.1039361,40.7128,-74.006
2024,late summer,San Francisco,Chicago,1,United,366.3536412,41.8781,-87.6298
2024,late summer,San Francisco,New York,2,United,147.6605265,40.7128,-74.006
2024,late summer,San Francisco,Chicago,1,United,445.5057873,41.8781,-87.6298
2024,late summer,San Francisco,Boston,1,United,510.6868451,42.3601,-71.0589
2024,late summer,San Francisco,Chicago,1,United,396.9522895,41.8781,-87.6298
2024,late summer,San Francisco,Chicago,1,United,385.1690158,41.8781,-87.6298
2024,late summer,San Francisco,Chicago,1,United,322.8907549,41.8781,-87.6298
2024,late summer,San Francisco,New Orleans,2,United,102.1428884,29.9511,-90.0715
2024,late summer,San Francisco,New Orleans,3,United,74.99759859,29.9511,-90.0715
2024,late summer,San Francisco,Boston,1,United,356.9574437,42.3601,-71.0589
2024,late summer,San Francisco,New York,1,United,351.3387879,40.7128,-74.006
2024,late summer,San Francisco,Chicago,1,United,439.6768953,41.8781,-87.6298
2024,late summer,San Francisco,Chicago,1,United,567.2097404,41.8781,-87.6298
2024,late summer,San Francisco,Chicago,1,United,395.9311333,41.8781,-87.6298
2024,late summer,San Francisco,"Washington, DC",1,United,584.8222252,38.9072,-77.0369
2024,late summer,San Francisco,Chicago,1,United,394.3400658,41.8781,-87.6298
2024,late summer,San Francisco,Nashville,1,United,599.0939229,36.1627,-86.7816
2024,late summer,San Francisco,New Orleans,1,United,328.8152442,29.9511,-90.0715
2024,late summer,San Francisco,New Orleans,1,United,337.3403492,29.9511,-90.0715
2024,late summer,San Francisco,"Washington, DC",1,United,362.9766947,38.9072,-77.0369
2024,late summer,San Francisco,"Washington, DC",1,United,451.7917092,38.9072,-77.0369
2024,late summer,San Francisco,Nashville,1,United,491.5175042,36.1627,-86.7816
2024,late summer,San Francisco,Boston,1,United,354.6818967,42.3601,-71.0589
2024,late summer,San Francisco,Boston,2,United,142.9978176,42.3601,-71.0589
2024,late summer,San Francisco,Boston,1,United,361.6957315,42.3601,-71.0589
2024,late summer,San Francisco,Boston,2,United,151.7341258,42.3601,-71.0589
2024,late summer,San Francisco,"Washington, DC",1,United,438.8897511,38.9072,-77.0369
2024,late summer,San Francisco,"Washington, DC",2,United,227.1793612,38.9072,-77.0369
2024,late summer,San Francisco,"Washington, DC",1,United,361.75335,38.9072,-77.0369
2024,late summer,San Francisco,New York,1,United,340.8846027,40.7128,-74.006
2024,late summer,San Francisco,Boston,1,United,438.6573101,42.3601,-71.0589
2024,late summer,San Francisco,Boston,1,United,430.6707349,42.3601,-71.0589
2024,late summer,San Francisco,"Washington, DC",1,United,437.9770879,38.9072,-77.0369
2024,late summer,San Francisco,"Washington, DC",1,United,451.2407243,38.9072,-77.0369
2024,late summer,San Francisco,New York,1,United,282.3011043,40.7128,-74.006
2024,late summer,San Francisco,Honolulu,4,United,83.39892722,21.3069,-157.8583
2024,late summer,San Francisco,Honolulu,6,United,76.7543171,21.3069,-157.8583
2024,late summer,San Francisco,Honolulu,7,United,81.01748891,21.3069,-157.8583
2024,late summer,San Francisco,Honolulu,5,United,75.93160872,21.3069,-157.8583
2024,late summer,San Francisco,"Washington, DC",9,United,90.90421151,38.9072,-77.0369
2024,late summer,San Francisco,"Washington, DC",8,United,90.90421151,38.9072,-77.0369
2024,late summer,San Francisco,Nashville,1,United,316.3468934,36.1627,-86.7816
2024,late summer,San Francisco,Boston,1,United,363.2652225,42.3601,-71.0589
2024,late summer,San Francisco,Boston,1,United,373.9495251,42.3601,-71.0589
2024,late summer,San Francisco,Boston,1,United,369.2635903,42.3601,-71.0589
2024,late summer,San Francisco,New York,2,United,147.3125528,40.7128,-74.006
2024,late summer,San Francisco,New York,1,United,377.5700961,40.7128,-74.006
2024,late summer,San Francisco,Chicago,1,United,443.0775214,41.8781,-87.6298
2024,late summer,San Francisco,Boston,1,United,352.0419523,42.3601,-71.0589
2024,late summer,San Francisco,Boston,1,United,393.2437128,42.3601,-71.0589
2024,late summer,San Francisco,Chicago,1,United,588.7643878,41.8781,-87.6298
2024,late summer,San Francisco,Nashville,1,United,364.1018971,36.1627,-86.7816
2024,late summer,San Francisco,Boston,1,United,378.0848377,42.3601,-71.0589
2024,late summer,San Francisco,Boston,1,United,310.2355935,42.3601,-71.0589
2024,late summer,San Francisco,Boston,1,United,322.9918763,42.3601,-71.0589
2024,late summer,San Francisco,"Washington, DC",1,United,610.8149572,38.9072,-77.0369
2024,late summer,San Francisco,"Washington, DC",1,United,422.0212196,38.9072,-77.0369
2024,late summer,San Francisco,"Washington, DC",2,United,182.5813596,38.9072,-77.0369
2024,late summer,San Francisco,"Washington, DC",1,United,445.4330655,38.9072,-77.0369
2024,late summer,San Francisco,New York,2,United,93.6546575,40.7128,-74.006
2024,late summer,San Francisco,San Diego,1,Alaska Airlines,187.424252,32.7157,-117.1611
2024,late summer,San Francisco,Chicago,1,Alaska Airlines,251.3535388,41.8781,-87.6298
2024,late summer,San Francisco,Chicago,1,Alaska Airlines,261.3948903,41.8781,-87.6298
2024,late summer,San Francisco,Chicago,1,Alaska Airlines,273.2958274,41.8781,-87.6298
2024,late summer,San Francisco,Chicago,2,Alaska Airlines,119.9006317,41.8781,-87.6298
2024,late summer,San Francisco,Seattle,1,Alaska Airlines,244.2341606,47.6062,-122.3321
2024,late summer,San Francisco,Chicago,1,United,416.7242949,41.8781,-87.6298
2024,late summer,San Francisco,New York,1,United,308.5267749,40.7128,-74.006
2024,late summer,San Francisco,Nashville,1,Southwest Airlines,278.3693445,36.1627,-86.7816
2024,late summer,San Francisco,Nashville,1,Southwest Airlines,277.4438261,36.1627,-86.7816
2024,late summer,San Francisco,Nashville,1,Southwest Airlines,264.7120463,36.1627,-86.7816
2024,late summer,San Francisco,Nashville,1,Southwest Airlines,292.3175685,36.1627,-86.7816
2024,late summer,San Francisco,Nashville,1,Southwest Airlines,289.1433436,36.1627,-86.7816
2024,late summer,San Francisco,Nashville,1,Southwest Airlines,273.4487139,36.1627,-86.7816
2024,late summer,San Francisco,Nashville,1,Southwest Airlines,264.9470765,36.1627,-86.7816
2024,late summer,San Francisco,Nashville,2,Southwest Airlines,136.1232121,36.1627,-86.7816
2024,late summer,San Francisco,Boston,1,Southwest Airlines,216.2078366,42.3601,-71.0589
2024,late summer,San Francisco,Boston,1,Southwest Airlines,227.2215841,42.3601,-71.0589
2024,late summer,San Francisco,Boston,1,Southwest Airlines,213.2402,42.3601,-71.0589
2024,late summer,San Francisco,Nashville,1,United,359.5709941,36.1627,-86.7816
2024,late summer,San Francisco,Nashville,1,United,367.8612993,36.1627,-86.7816
2024,late summer,San Francisco,Nashville,1,United,353.7639328,36.1627,-86.7816
2024,late summer,San Francisco,Nashville,1,United,409.0826757,36.1627,-86.7816
2024,late summer,San Francisco,Nashville,1,United,339.2685345,36.1627,-86.7816
2024,late summer,San Francisco,Nashville,1,United,372.0578626,36.1627,-86.7816
2024,late summer,San Francisco,Nashville,1,United,369.6066215,36.1627,-86.7816
2024,late summer,San Francisco,Nashville,1,United,365.5889509,36.1627,-86.7816
2024,late summer,San Francisco,Nashville,1,United,352.443549,36.1627,-86.7816
2024,late summer,San Francisco,Nashville,1,United,390.7033242,36.1627,-86.7816
2024,late summer,San Francisco,Nashville,1,United,366.4723268,36.1627,-86.7816
2024,late summer,San Francisco,Nashville,1,United,367.1907642,36.1627,-86.7816
2024,late summer,San Francisco,Nashville,1,United,361.4774642,36.1627,-86.7816
2024,late summer,San Francisco,Boston,1,United,413.8833228,42.3601,-71.0589
2024,late summer,San Francisco,Boston,1,United,442.9255054,42.3601,-71.0589
2024,late summer,San Francisco,Boston,1,United,359.7651308,42.3601,-71.0589
2024,late summer,San Francisco,Boston,1,United,373.7962516,42.3601,-71.0589
2024,late summer,San Francisco,Boston,2,United,151.3792706,42.3601,-71.0589
2024,late summer,San Francisco,Boston,1,United,370.8698847,42.3601,-71.0589
2024,late summer,San Francisco,Boston,1,United,387.2294837,42.3601,-71.0589
2024,late summer,San Francisco,Boston,1,United,454.0070675,42.3601,-71.0589
2024,late summer,San Francisco,Boston,1,United,383.4350405,42.3601,-71.0589
2024,late summer,San Francisco,Boston,1,United,371.2491375,42.3601,-71.0589
2024,late summer,San Francisco,Boston,1,United,394.6644717,42.3601,-71.0589
2024,late summer,San Francisco,Boston,1,United,390.1266617,42.3601,-71.0589
2024,late summer,San Francisco,Boston,1,United,358.805298,42.3601,-71.0589
2024,late summer,San Francisco,Boston,1,United,275.6128972,42.3601,-71.0589
2024,late summer,San Francisco,Boston,1,United,365.0014548,42.3601,-71.0589
2024,late summer,San Francisco,Boston,1,United,354.533829,42.3601,-71.0589
2024,late summer,San Francisco,Boston,1,United,416.1458882,42.3601,-71.0589
2024,late summer,San Francisco,Boston,1,United,460.1666881,42.3601,-71.0589
2024,late summer,San Francisco,Boston,1,United,375.5027132,42.3601,-71.0589
2024,late summer,San Francisco,Boston,1,United,442.3225389,42.3601,-71.0589
2024,late summer,San Francisco,Boston,1,United,369.8355584,42.3601,-71.0589
2024,late summer,San Francisco,Boston,1,United,424.8178251,42.3601,-71.0589
2024,late summer,San Francisco,Boston,1,United,346.2654215,42.3601,-71.0589
2024,late summer,San Francisco,Boston,1,United,394.2941038,42.3601,-71.0589
2024,late summer,San Francisco,Boston,1,United,363.026071,42.3601,-71.0589
2024,late summer,San Francisco,Boston,1,United,336.2330006,42.3601,-71.0589
2024,late summer,San Francisco,Boston,1,United,451.6696603,42.3601,-71.0589
2024,late summer,San Francisco,Boston,1,United,352.6822699,42.3601,-71.0589
2024,late summer,San Francisco,Boston,1,United,439.5033533,42.3601,-71.0589
2024,late summer,San Francisco,Boston,1,United,333.7508695,42.3601,-71.0589
2024,late summer,San Francisco,Boston,1,United,346.6407673,42.3601,-71.0589
2024,late summer,San Francisco,Boston,1,United,382.4615917,42.3601,-71.0589
2024,late summer,San Francisco,Boston,1,United,355.8753269,42.3601,-71.0589
2024,late summer,San Francisco,Boston,1,United,389.4095576,42.3601,-71.0589
2024,late summer,San Francisco,Boston,1,United,419.6719858,42.3601,-71.0589
2024,late summer,San Francisco,Boston,1,United,356.1720284,42.3601,-71.0589
2024,late summer,San Francisco,Boston,1,United,325.4373163,42.3601,-71.0589
2024,late summer,San Francisco,Boston,1,United,552.7968292,42.3601,-71.0589
2024,late summer,San Francisco,Boston,1,United,397.1532789,42.3601,-71.0589
2024,late summer,San Francisco,Boston,1,United,383.011491,42.3601,-71.0589
2024,late summer,San Francisco,Boston,1,United,286.1082712,42.3601,-71.0589
2024,late summer,San Francisco,"Washington, DC",1,United,391.2198368,38.9072,-77.0369
2024,late summer,San Francisco,"Washington, DC",1,United,457.3558277,38.9072,-77.0369
2024,late summer,San Francisco,"Washington, DC",1,United,381.1753149,38.9072,-77.0369
2024,late summer,San Francisco,"Washington, DC",1,United,415.5680102,38.9072,-77.0369
2024,late summer,San Francisco,"Washington, DC",1,United,317.1922242,38.9072,-77.0369
2024,late summer,San Francisco,"Washington, DC",1,United,445.8390468,38.9072,-77.0369
2024,late summer,San Francisco,"Washington, DC",1,United,375.601383,38.9072,-77.0369
2024,late summer,San Francisco,Chicago,1,United,618.1964722,41.8781,-87.6298
2024,late summer,San Francisco,New Orleans,3,United,105.0314009,29.9511,-90.0715
2024,late summer,San Francisco,New Orleans,4,United,69.38173896,29.9511,-90.0715
2024,late summer,San Francisco,New Orleans,1,United,360.3045609,29.9511,-90.0715
2024,late summer,San Francisco,Chicago,2,United,105.6601882,41.8781,-87.6298
2024,late summer,San Francisco,Chicago,3,United,43.3904774,41.8781,-87.6298
2024,late summer,San Francisco,Boston,1,United,325.2312795,42.3601,-71.0589
2024,late summer,San Francisco,Chicago,1,United,562.8560078,41.8781,-87.6298
2024,late summer,San Francisco,Nashville,1,United,406.3463317,36.1627,-86.7816
2024,late summer,San Francisco,New Orleans,1,United,367.6468536,29.9511,-90.0715
2024,late summer,San Francisco,Honolulu,1,United,328.2203449,21.3069,-157.8583
2024,late summer,San Francisco,Honolulu,1,United,359.8847436,21.3069,-157.8583
2024,late summer,San Francisco,Honolulu,2,United,121.3882305,21.3069,-157.8583
2024,late summer,San Francisco,New Orleans,1,United,648.1927354,29.9511,-90.0715
2024,late summer,San Francisco,Honolulu,1,United,511.4938825,21.3069,-157.8583
2024,late summer,San Francisco,Honolulu,1,United,66.01692682,21.3069,-157.8583
2024,late summer,San Francisco,Boston,1,United,472.7373963,42.3601,-71.0589
2024,late summer,San Francisco,San Diego,1,United,230.8011197,32.7157,-117.1611
2024,late summer,San Francisco,Seattle,1,United,229.935711,47.6062,-122.3321
2024,late summer,San Francisco,Honolulu,1,United,314.9743876,21.3069,-157.8583
2024,late summer,San Francisco,New York,1,United,296.2058237,40.7128,-74.006
2024,late summer,San Francisco,Boston,1,United,371.2088998,42.3601,-71.0589
2024,late summer,San Francisco,San Diego,1,United,145.4136643,32.7157,-117.1611
2024,late summer,San Francisco,Seattle,1,United,333.0134774,47.6062,-122.3321
2024,late summer,San Francisco,Honolulu,1,United,345.5132944,21.3069,-157.8583
2024,late summer,San Francisco,Honolulu,2,United,124.4289038,21.3069,-157.8583
2024,late summer,San Francisco,Boston,1,United,312.9257027,42.3601,-71.0589
2024,late summer,San Francisco,Boston,1,United,781.5189099,42.3601,-71.0589
2024,late summer,San Francisco,"Washington, DC",1,United,409.9919182,38.9072,-77.0369
2024,late summer,San Francisco,Boston,1,United,787.206546,42.3601,-71.0589
2024,late summer,San Francisco,New York,1,United,599.5240221,40.7128,-74.006
2024,late summer,San Francisco,"Washington, DC",1,United,393.725763,38.9072,-77.0369
2024,late summer,San Francisco,Chicago,1,United,399.0641208,41.8781,-87.6298
2024,late summer,San Francisco,New Orleans,4,United,77.82453373,29.9511,-90.0715
2024,late summer,San Francisco,New Orleans,6,United,74.01545696,29.9511,-90.0715
2024,late summer,San Francisco,Nashville,1,United,372.7430765,36.1627,-86.7816
2024,late summer,San Francisco,Boston,1,United,499.8796729,42.3601,-71.0589
2024,late summer,San Francisco,"Washington, DC",1,United,341.9339267,38.9072,-77.0369
2024,late summer,San Francisco,Honolulu,1,United,356.6570353,21.3069,-157.8583
2024,late summer,San Francisco,Honolulu,1,United,290.3590724,21.3069,-157.8583
2024,late summer,San Francisco,Honolulu,2,United,88.31764062,21.3069,-157.8583
2024,late summer,San Francisco,Honolulu,2,United,113.4663654,21.3069,-157.8583
2024,late summer,San Francisco,San Diego,1,United,199.6208301,32.7157,-117.1611
2024,late summer,San Francisco,Chicago,7,United,92.70790947,41.8781,-87.6298
2024,late summer,San Francisco,Chicago,10,United,98.05049965,41.8781,-87.6298
2024,late summer,San Francisco,Boston,1,United,465.970107,42.3601,-71.0589
2024,late summer,San Francisco,Boston,1,United,355.8459902,42.3601,-71.0589
2024,late summer,San Francisco,Boston,1,United,388.8872377,42.3601,-71.0589
2024,late summer,San Francisco,Nashville,2,United,140.3935804,36.1627,-86.7816
2024,late summer,San Francisco,Nashville,1,United,401.8598763,36.1627,-86.7816
2024,late summer,San Francisco,Boston,4,United,40.34062699,42.3601,-71.0589
2024,late summer,San Francisco,Boston,1,United,368.8630715,42.3601,-71.0589
2024,late summer,San Francisco,Boston,1,United,308.1913119,42.3601,-71.0589
2024,late summer,San Francisco,"Washington, DC",3,United,91.63215952,38.9072,-77.0369
2024,late summer,San Francisco,"Washington, DC",1,United,316.0650513,38.9072,-77.0369
2024,late summer,San Francisco,Chicago,1,United,551.446455,41.8781,-87.6298
2024,late summer,San Francisco,"Washington, DC",1,United,367.33493,38.9072,-77.0369
2024,late summer,San Francisco,New York,2,United,133.1104909,40.7128,-74.006
2024,late summer,San Francisco,New York,3,United,60.72806399,40.7128,-74.006
2024,late summer,San Francisco,Boston,1,United,342.6919707,42.3601,-71.0589
2024,late summer,San Francisco,New York,1,United,347.943662,40.7128,-74.006
2024,late summer,San Francisco,Boston,1,United,276.6110777,42.3601,-71.0589
2024,late summer,San Francisco,"Washington, DC",1,United,428.8609129,38.9072,-77.0369
2024,late summer,San Francisco,"Washington, DC",1,United,361.0534515,38.9072,-77.0369
2024,late summer,San Francisco,"Washington, DC",1,United,381.8052085,38.9072,-77.0369
2024,late summer,San Francisco,"Washington, DC",1,United,412.1733755,38.9072,-77.0369
2024,late summer,San Francisco,New Orleans,1,United,423.3380366,29.9511,-90.0715
2024,late summer,San Francisco,"Washington, DC",1,United,404.7134225,38.9072,-77.0369
2024,late summer,San Francisco,Honolulu,1,United,116.5265027,21.3069,-157.8583
2024,late summer,San Francisco,Seattle,1,United,233.9938608,47.6062,-122.3321
2024,late summer,San Francisco,Boston,1,United,374.0418923,42.3601,-71.0589
2024,late summer,San Francisco,"Washington, DC",1,United,385.8264522,38.9072,-77.0369
2024,late summer,San Francisco,New York,1,United,349.1395182,40.7128,-74.006
2024,late summer,San Francisco,Boston,1,United,329.5276462,42.3601,-71.0589
2024,late summer,San Francisco,New York,1,United,381.0983799,40.7128,-74.006
2024,late summer,San Francisco,Chicago,1,United,646.6864547,41.8781,-87.6298
2024,late summer,San Francisco,"Washington, DC",1,United,453.5832017,38.9072,-77.0369
2024,late summer,San Francisco,Boston,1,United,309.9116728,42.3601,-71.0589
2024,late summer,San Francisco,"Washington, DC",1,United,326.5900271,38.9072,-77.0369
2024,late summer,San Francisco,San Diego,4,United,63.26627745,32.7157,-117.1611
2024,late summer,San Francisco,Seattle,1,United,366.8224543,47.6062,-122.3321
2024,late summer,San Francisco,Seattle,1,United,239.181472,47.6062,-122.3321
2024,late summer,San Francisco,Nashville,1,United,413.5927545,36.1627,-86.7816
2024,late summer,San Francisco,New Orleans,1,United,329.7407626,29.9511,-90.0715
2024,late summer,San Francisco,Seattle,1,United,309.6793877,47.6062,-122.3321
2024,late summer,San Francisco,Nashville,1,United,432.5583594,36.1627,-86.7816
2024,late summer,San Francisco,Boston,1,United,494.1393739,42.3601,-71.0589
2024,late summer,San Francisco,Chicago,1,United,242.5859844,41.8781,-87.6298
2024,late summer,San Francisco,San Diego,1,United,202.7469308,32.7157,-117.1611
2024,late summer,San Francisco,Chicago,1,United,536.201225,41.8781,-87.6298
2024,late summer,San Francisco,Seattle,1,Southwest Airlines,221.4933831,47.6062,-122.3321
2024,late summer,San Francisco,Boston,1,Southwest Airlines,246.934354,42.3601,-71.0589
2024,late summer,San Francisco,Nashville,2,Southwest Airlines,142.4850828,36.1627,-86.7816
2024,late summer,San Francisco,Chicago,1,Southwest Airlines,281.9027959,41.8781,-87.6298
2024,late summer,San Francisco,Boston,1,Southwest Airlines,274.0111507,42.3601,-71.0589
2024,late summer,San Francisco,"Washington, DC",1,Southwest Airlines,247.0795038,38.9072,-77.0369
2024,late summer,San Francisco,"Washington, DC",1,Southwest Airlines,289.1231551,38.9072,-77.0369
2024,late summer,San Francisco,New Orleans,1,Southwest Airlines,229.5883568,29.9511,-90.0715
2024,late summer,San Francisco,Nashville,2,Southwest Airlines,142.1702318,36.1627,-86.7816
2024,late summer,San Francisco,"Washington, DC",1,Southwest Airlines,230.8149133,38.9072,-77.0369
2024,late summer,San Francisco,New York,1,Southwest Airlines,217.7772626,40.7128,-74.006
2024,late summer,San Francisco,"Washington, DC",3,Southwest Airlines,97.58421282,38.9072,-77.0369
2024,late summer,San Francisco,"Washington, DC",2,Southwest Airlines,171.5374169,38.9072,-77.0369
2024,late summer,San Francisco,Boston,1,Southwest Airlines,226.4727606,42.3601,-71.0589
2024,late summer,San Francisco,New York,2,Southwest Airlines,138.0633596,40.7128,-74.006
2024,late summer,San Francisco,New York,3,Southwest Airlines,86.55665978,40.7128,-74.006
2024,late summer,San Francisco,Chicago,3,Southwest Airlines,68.81959187,41.8781,-87.6298
2024,late summer,San Francisco,"Washington, DC",1,Southwest Airlines,250.8469199,38.9072,-77.0369
2024,late summer,San Francisco,Chicago,1,Southwest Airlines,231.6780134,41.8781,-87.6298
2024,late summer,San Francisco,Chicago,1,Southwest Airlines,230.7120002,41.8781,-87.6298
2024,late summer,San Francisco,"Washington, DC",1,Southwest Airlines,258.3825943,38.9072,-77.0369
2024,late summer,San Francisco,"Washington, DC",1,Southwest Airlines,233.8402875,38.9072,-77.0369
2024,late summer,San Francisco,"Washington, DC",1,Southwest Airlines,245.2922093,38.9072,-77.0369
2024,late summer,San Francisco,New York,1,Southwest Airlines,218.9456865,40.7128,-74.006
2024,late summer,San Francisco,New York,1,Southwest Airlines,218.5640513,40.7128,-74.006
2024,late summer,San Francisco,New York,1,Southwest Airlines,202.0187978,40.7128,-74.006
2024,late summer,San Francisco,Boston,1,Alaska Airlines,304.1341761,42.3601,-71.0589
2024,late summer,San Francisco,Boston,1,Alaska Airlines,304.4723802,42.3601,-71.0589
2024,late summer,San Francisco,Boston,1,Alaska Airlines,242.6815384,42.3601,-71.0589
2024,late summer,San Francisco,Boston,2,Alaska Airlines,106.6185731,42.3601,-71.0589
2024,late summer,San Francisco,Boston,1,Alaska Airlines,264.7966148,42.3601,-71.0589
2024,late summer,San Francisco,Boston,1,Alaska Airlines,292.477781,42.3601,-71.0589
2024,late summer,San Francisco,Boston,1,Alaska Airlines,311.2888948,42.3601,-71.0589
2024,late summer,San Francisco,Boston,1,Alaska Airlines,303.846165,42.3601,-71.0589
2024,late summer,San Francisco,Boston,1,Alaska Airlines,300.1923359,42.3601,-71.0589
2024,late summer,San Francisco,Boston,1,Alaska Airlines,370.1745481,42.3601,-71.0589
2024,late summer,San Francisco,"Washington, DC",1,Alaska Airlines,242.5814706,38.9072,-77.0369
2024,late summer,San Francisco,"Washington, DC",2,Alaska Airlines,129.5801819,38.9072,-77.0369
2024,late summer,San Francisco,"Washington, DC",1,Alaska Airlines,260.2494288,38.9072,-77.0369
2024,late summer,San Francisco,"Washington, DC",1,Alaska Airlines,275.8228431,38.9072,-77.0369
2024,late summer,San Francisco,"Washington, DC",1,Alaska Airlines,273.5968854,38.9072,-77.0369
2024,late summer,San Francisco,"Washington, DC",1,Alaska Airlines,268.0857256,38.9072,-77.0369
2024,late summer,San Francisco,New York,1,Alaska Airlines,311.3389587,40.7128,-74.006
2024,late summer,San Francisco,New York,1,Alaska Airlines,336.5797893,40.7128,-74.006
2024,late summer,San Francisco,"Washington, DC",1,Alaska Airlines,401.6557697,38.9072,-77.0369
2024,late summer,San Francisco,"Washington, DC",1,Alaska Airlines,316.2364626,38.9072,-77.0369
2024,late summer,San Francisco,"Washington, DC",3,Alaska Airlines,59.75454806,38.9072,-77.0369
2024,late summer,San Francisco,"Washington, DC",1,Alaska Airlines,251.0555315,38.9072,-77.0369
2024,late summer,San Francisco,"Washington, DC",1,Alaska Airlines,339.4404979,38.9072,-77.0369
2024,late summer,San Francisco,"Washington, DC",2,Alaska Airlines,157.7186154,38.9072,-77.0369
2024,late summer,San Francisco,"Washington, DC",2,Alaska Airlines,199.2273659,38.9072,-77.0369
2024,late summer,San Francisco,New York,1,Alaska Airlines,325.9279768,40.7128,-74.006
2024,late summer,San Francisco,New York,1,Alaska Airlines,377.063438,40.7128,-74.006
2024,late summer,San Francisco,New York,1,Alaska Airlines,296.0958456,40.7128,-74.006
2024,late summer,San Francisco,New York,1,Alaska Airlines,298.4816366,40.7128,-74.006
2024,late summer,San Francisco,New York,1,Delta,284.0884373,40.7128,-74.006
2024,late summer,San Francisco,Honolulu,1,Delta,326.7473844,21.3069,-157.8583
2024,late summer,San Francisco,New York,1,Southwest Airlines,230.5156486,40.7128,-74.006
2024,late summer,San Francisco,New York,1,Southwest Airlines,243.5426701,40.7128,-74.006
2024,late summer,San Francisco,Nashville,2,Southwest Airlines,141.2447134,36.1627,-86.7816
2024,late summer,San Francisco,Chicago,1,Southwest Airlines,246.2298222,41.8781,-87.6298
2024,late summer,San Francisco,New York,1,Southwest Airlines,243.4881305,40.7128,-74.006
2024,late summer,San Francisco,New York,1,Southwest Airlines,183.5756737,40.7128,-74.006
2024,late summer,San Francisco,Honolulu,1,Southwest Airlines,103.003131,21.3069,-157.8583
2024,late summer,San Francisco,Seattle,4,Southwest Airlines,67.23413093,47.6062,-122.3321
2024,late summer,San Francisco,Honolulu,1,Southwest Airlines,245.3814296,21.3069,-157.8583
2024,late summer,San Francisco,New York,1,Southwest Airlines,242.7737512,40.7128,-74.006
2024,late summer,San Francisco,Honolulu,1,Southwest Airlines,219.2057022,21.3069,-157.8583
2024,late summer,San Francisco,Honolulu,1,Southwest Airlines,308.2631214,21.3069,-157.8583
2024,late summer,San Francisco,New York,1,Southwest Airlines,188.4381521,40.7128,-74.006
2024,late summer,San Francisco,Seattle,1,Southwest Airlines,256.2198326,47.6062,-122.3321
2024,late summer,San Francisco,Honolulu,1,Southwest Airlines,312.9062774,21.3069,-157.8583
2024,late summer,San Francisco,Chicago,4,Southwest Airlines,47.6182548,41.8781,-87.6298
2024,late summer,San Francisco,Chicago,5,Southwest Airlines,40.1509363,41.8781,-87.6298
2024,late summer,San Francisco,Boston,3,Southwest Airlines,70.80325156,42.3601,-71.0589
2024,late summer,San Francisco,Boston,2,Southwest Airlines,130.7401713,42.3601,-71.0589
2024,late summer,San Francisco,New York,1,Southwest Airlines,232.810035,40.7128,-74.006
2024,late summer,San Francisco,"Washington, DC",3,Southwest Airlines,83.06174408,38.9072,-77.0369
2024,late summer,San Francisco,New York,2,Southwest Airlines,110.250543,40.7128,-74.006
2024,late summer,San Francisco,New Orleans,2,Southwest Airlines,140.9140129,29.9511,-90.0715
2024,late summer,San Francisco,Honolulu,1,Southwest Airlines,282.0262303,21.3069,-157.8583
2024,late summer,San Francisco,New Orleans,1,Southwest Airlines,227.8150513,29.9511,-90.0715
2024,late summer,San Francisco,New York,1,Southwest Airlines,251.0752039,40.7128,-74.006
2024,late summer,San Francisco,Chicago,2,Southwest Airlines,133.224817,41.8781,-87.6298
2024,late summer,San Francisco,New Orleans,2,Southwest Airlines,98.98345218,29.9511,-90.0715
2024,late summer,San Francisco,Chicago,2,Southwest Airlines,123.1625034,41.8781,-87.6298
2024,late summer,San Francisco,San Diego,5,Southwest Airlines,52.36186386,32.7157,-117.1611
2024,late summer,San Francisco,Honolulu,2,Southwest Airlines,161.4788292,21.3069,-157.8583
2024,late summer,San Francisco,Honolulu,1,Southwest Airlines,279.9689826,21.3069,-157.8583
2024,late summer,San Francisco,Chicago,2,Southwest Airlines,131.4357807,41.8781,-87.6298
2024,late summer,San Francisco,Chicago,1,Southwest Airlines,214.6314128,41.8781,-87.6298
2024,late summer,San Francisco,Boston,2,Southwest Airlines,95.89827846,42.3601,-71.0589
2024,late summer,San Francisco,"Washington, DC",2,Southwest Airlines,157.3801585,38.9072,-77.0369
2024,late summer,San Francisco,New York,2,Southwest Airlines,115.1048555,40.7128,-74.006
2024,late summer,San Francisco,New York,3,Southwest Airlines,63.59815568,40.7128,-74.006
